dialogue	train	what#0	and what is the use of a book	Why do you ask?
dialogue	val	xnone#0	without pictures or conversations	I'm not sure I understand you fully.
dialogue	train	i#11	I shall be late	You say you shall be late?
dialogue	train	i#11	after such a fall as this, I shall think nothing of tumbling down stairs	You say after such a fall as this you shall think nothing of tumbling down stairs?
dialogue	train	what#0	How brave they’ll all think me at home	Why do you ask?
dialogue	train	if#0	Why, I wouldn’t say anything about it, even if I fell off the top of the house	Do you think its likely that you fell off the top of the house?
dialogue	train	i#11	I wonder how many miles I’ve fallen by this time	You say you wonder what many miles ive fallen by this time?
dialogue	train	i#11	I must be getting somewhere near the centre of the earth	You say you must be getting somewhere near the centre of the earth?
dialogue	train	i#11	Let me see: that would be four thousand miles down, I think	You say let you see that would be four thousand miles down you think?
dialogue	train	yes#0	yes, that’s about the right distance—but then I wonder what Latitude or Longitude I’ve got to	You seem to be quite positive.
dialogue	train	if#0	I wonder if I shall fall right _through_ the earth	Do you think its likely that you shall fall right through the earth?
dialogue	train	what#0	How funny it’ll seem to come out among the people that walk with their heads downward	Why do you ask?
dialogue	train	i#11	The Antipathies, I think	You say the antipathies you think?
dialogue	train	name#0	but I shall have to ask them what the name of the country is, you know	I am not interested in names.
dialogue	train	xnone#0	Please, Ma’am, is this New Zealand or Australia	I'm not sure I understand you fully.
dialogue	train	what#0	And what an ignorant little girl she’ll think me for asking	Why do you ask?
dialogue	train	no#0	No, it’ll never do to ask: perhaps I shall see it written up somewhere	Are you saying no just to be negative?
dialogue	train	i#11	Dinah’ll miss me very much to-night, I should think	You say dinahll miss you very much to night you should think?
dialogue	train	i#11	I hope they’ll remember her saucer of milk at tea-time	You say you hope theyll remember her saucer of milk at tea time?
dialogue	train	my#2	Dinah my dear	Your dear?
dialogue	train	you#2	I wish you were down here with me	Why do you think I was down here with you?
dialogue	train	i#11	But do cats eat bats, I wonder	You say but do cats eat bats you wonder?
dialogue	train	xnone#0	Do cats eat bats	I'm not sure I understand you fully.
dialogue	train	xnone#0	Do bats eat cats	I'm not sure I understand you fully.
dialogue	train	you#3	Now, Dinah, tell me the truth: did you ever eat a bat	We were discussing you -- not me.
dialogue	train	my#2	Oh my ears and whiskers, how late it’s getting	Your ears and whiskers what late its getting?
dialogue	train	if#0	and even if my head would go through	Do you think its likely that your head would go through?
dialogue	train	my#2	it would be of very little use without my shoulders	Your shoulders?
dialogue	train	what#0	Oh, how I wish I could shut up like a telescope	Why do you ask?
dialogue	train	if#0	I think I could, if I only knew how to begin	Do you think its likely that you only knew what to begin?
dialogue	train	yes#0	which certainly was not here before	You seem to be quite positive.
dialogue	train	no#0	No, I’ll look first	Are you saying no just to be negative?
dialogue	train	xnone#0	and see whether it’s marked ‘_poison_’ or not	I'm not sure I understand you fully.
dialogue	train	what#0	What a curious feeling	Why do you ask?
dialogue	train	alike#0	I must be shutting up like a telescope	In what way?
dialogue	train	you#3	for it might end, you know	We were discussing you -- not me.
dialogue	train	my#2	in my going out altogether, like a candle	Your going out altogether like a candle?
dialogue	train	alike#0	I wonder what I should be like then	In what way?
dialogue	train	no#0	Come, there’s no use in crying like that	Are you saying no just to be negative?
dialogue	val	i#10	I advise you to leave off this minute	Perhaps in your fantasies we advise each other.
dialogue	train	no#0	But it’s no use now	Are you saying no just to be negative?
dialogue	train	xnone#0	to pretend to be two people	I'm not sure I understand you fully.
dialogue	train	what#0	Why, there’s hardly enough of me left to make _one_ respectable person	Why do you ask?
dialogue	train	xnone#0	Well, I’ll eat it	I'm not sure I understand you fully.
dialogue	train	if#0	and if it makes me grow larger, I can reach the key	Do you think its likely that it makes you grow larger you can reach the key?
dialogue	train	if#0	and if it makes me grow smaller, I can creep under the door	Do you think its likely that it makes you grow smaller you can creep under the door?
dialogue	train	i#8	so either way I’ll get into the garden, and I don’t care which happens	Don't you really care which happens?
dialogue	val	xnone#0	Curiouser and curiouser	I'm not sure I understand you fully.
dialogue	val	alike#0	now I’m opening out like the largest telescope that ever was	In what way?
dialogue	train	i#6	I’m sure _I_ shan’t be able	Is it because you are sure you shant be able that you came to me?
dialogue	train	i#11	but I must be kind to them	You say but you must be kind to them?
dialogue	train	perhaps#0	or perhaps they won’t walk the way I want to go	You don't seem quite certain.
dialogue	val	xnone#0	Let me see: I’ll give them a new pair of boots every Christmas	I'm not sure I understand you fully.
dialogue	train	xnone#0	They must go by the carrier	I'm not sure I understand you fully.
dialogue	train	what#0	and how funny it’ll seem, sending presents to one’s own feet	Why do you ask?
dialogue	train	what#0	And how odd the directions will look	Why do you ask?
dialogue	train	xnone#0	Alice’s Right Foot, Esq	I'm not sure I understand you fully.
dialogue	train	xnone#0	Hearthrug, near the Fender,_ (_with Alice’s love	I'm not sure I understand you fully.
dialogue	train	what#0	Oh dear, what nonsense I’m talking	Why do you ask?
dialogue	train	you#3	You ought to be ashamed of yourself	We were discussing you -- not me.
dialogue	train	you#3	a great girl like you	We were discussing you -- not me.
dialogue	train	xnone#0	to go on crying in this way	I'm not sure I understand you fully.
dialogue	train	i#10	Stop this moment, I tell you	Perhaps in your fantasies we tell each other.
dialogue	train	xnone#0	the Duchess, the Duchess	I'm not sure I understand you fully.
dialogue	train	if#0	won’t she be savage if I’ve kept her waiting	Do you think its likely that ive kept her waiting?
dialogue	val	if#0	If you please, sir	Do you think its likely that I please sir?
dialogue	train	what#0	How queer everything is to-day	Why do you ask?
dialogue	train	xnone#0	And yesterday things went on just as usual	I'm not sure I understand you fully.
dialogue	train	if#0	I wonder if I’ve been changed in the night	Do you think its likely that ive been changed in the night?
dialogue	train	alike#0	Let me think: was I the same when I got up this morning	In what way?
dialogue	train	i#11	I almost think I can remember feeling a little different	You say you almost think you can remember feeling a little different?
dialogue	train	alike#0	But if I’m not the same, the next question is, Who in the world am I	In what way?
dialogue	train	xnone#0	Ah, _that’s_ the great puzzle	I'm not sure I understand you fully.
dialogue	train	i#6	I’m sure I’m not Ada	Is it because you are sure you are not ada that you came to me?
dialogue	train	xnone#0	for her hair goes in such long ringlets, and mine doesn’t go in ringlets at all	I'm not sure I understand you fully.
dialogue	val	i#6	and I’m sure I can’t be Mabel, for I know all sorts of things, and she, oh	Is it because you are sure you cannot be mabel for you know all sorts of things and she oh that you came to me?
dialogue	val	xnone#0	she knows such a very little	I'm not sure I understand you fully.
dialogue	train	i#6	Besides, _she’s_ she, and _I’m_ I, and—oh dear, how puzzling it all is	Is it because you are you and oh dear what puzzling it all is that you came to me?
dialogue	val	if#0	I’ll try if I know all the things I used to know	Do you think its likely that you know all the things you used to know?
dialogue	train	i#11	I shall never get to twenty at that rate	You say you shall never get to twenty at that rate?
dialogue	train	xnone#0	However, the Multiplication Table doesn’t signify: let’s try Geography	I'm not sure I understand you fully.
dialogue	val	i#11	I must have been changed for Mabel	You say you must have been changed for mabel?
dialogue	train	what#0	I’ll try and say ‘_How doth the little	Why do you ask?
dialogue	train	i#6	I’m sure those are not the right words	Is it because you are sure those are not the right words that you came to me?
dialogue	val	xnone#0	ever so many lessons to learn	I'm not sure I understand you fully.
dialogue	train	my#2	No, I’ve made up my mind about it	Your mind about it?
dialogue	val	if#0	if I’m Mabel, I’ll stay down here	Do you think its likely that you are mabel ill stay down here?
dialogue	train	no#0	It’ll be no use their putting their heads down and saying ‘Come up again, dear	Are you saying no just to be negative?
dialogue	train	i#11	I shall only look up and say ‘Who am I then	You say you shall only look up and say who are you then?
dialogue	train	i#11	I do wish they _would_ put their heads down	You say you do wish they would put their heads down?
dialogue	train	i#6	I am so _very_ tired of being all alone here	Is it because you are so very tired of being all alone here that you came to me?
dialogue	train	what#0	How _can_ I have done that	Why do you ask?
dialogue	train	i#11	I must be growing small again	You say you must be growing small again?
dialogue	train	xnone#0	That _was_ a narrow escape	I'm not sure I understand you fully.
dialogue	val	xnone#0	and now for the garden	I'm not sure I understand you fully.
dialogue	train	are#1	and things are worse than ever	Did you think they might not be worse than ever?
dialogue	train	i#11	for I never was so small as this before, never	You say for you never was so small as this before never?
dialogue	train	i#11	And I declare it’s too bad, that it is	You say and you declare its too bad that it is?
dialogue	train	i#11	and in that case I can go back by railway	You say and in that case you can go back by railway?
dialogue	train	i#4	I wish I hadn’t cried so much	Do you really think so?
dialogue	train	my#2	I shall be punished for it now, I suppose, by being drowned in my own tears	Your own tears?
dialogue	train	xnone#0	That _will_ be a queer thing, to be sure	I'm not sure I understand you fully.
dialogue	train	xnone#0	However, everything is queer to-day	I'm not sure I understand you fully.
dialogue	train	xnone#0	Would it be of any use, now	I'm not sure I understand you fully.
dialogue	train	xnone#0	to speak to this mouse	I'm not sure I understand you fully.
dialogue	train	you#3	O Mouse, do you know the way out of this pool	We were discussing you -- not me.
dialogue	val	i#6	I am very tired of swimming about here, O Mouse	Is it because you are very tired of swimming about here o mouse that you came to me?
dialogue	train	xnone#0	A mouse—of a mouse—to a mouse—a mouse—O mouse	I'm not sure I understand you fully.
dialogue	train	perhaps#0	Perhaps it doesn’t understand English	You don't seem quite certain.
dialogue	val	i#11	I daresay it’s a French mouse, come over with William the Conqueror	You say you daresay its a french mouse come over with william the conqueror?
dialogue	train	xnone#0	Où est ma chatte	I'm not sure I understand you fully.
dialogue	val	i#11	Oh, I beg your pardon	You say oh you beg my pardon?
dialogue	train	i#10	I quite forgot you didn’t like cats	Perhaps in your fantasies we quite forgot each other.
dialogue	train	xnone#0	Not like cats	I'm not sure I understand you fully.
dialogue	train	if#0	Would _you_ like cats if you were me	Do you think its likely that I was you?
dialogue	train	perhaps#0	Well, perhaps not	You don't seem quite certain.
dialogue	train	xnone#0	don’t be angry about it	I'm not sure I understand you fully.
dialogue	train	xnone#0	She is such a dear quiet thing	I'm not sure I understand you fully.
dialogue	train	if#0	We won’t talk about her any more if you’d rather not	Do you think its likely that youd rather not?
dialogue	val	if#0	As if _I_ would talk on such a subject	Do you think its likely that you would talk on such a subject?
dialogue	train	always#0	Our family always _hated_ cats: nasty, low, vulgar things	Can you think of a specific example?
dialogue	train	name#0	Don’t let me hear the name again	I am not interested in names.
dialogue	train	i#11	I won’t indeed	You say you wont indeed?
dialogue	train	are#0	Are you—are you fond—of—of dogs	Why are you interested in whether I am are I fond of of dogs or not?
dialogue	train	alike#0	There is such a nice little dog near our house I should like to show you	In what way?
dialogue	train	you#3	A little bright-eyed terrier, you know, with oh, such long curly brown hair	We were discussing you -- not me.
dialogue	train	xnone#0	He says it kills all the rats and—oh dear	I'm not sure I understand you fully.
dialogue	train	i#6	I’m afraid I’ve offended it again	Is it because you are afraid ive offended it again that you came to me?
dialogue	train	if#0	Do come back again, and we won’t talk about cats or dogs either, if you don’t like them	Do you think its likely that I dont like them?
dialogue	train	i#2	I am older than you, and must know better	How have I helped you to be better?
dialogue	train	you#2	Sit down, all of you, and listen to me	Why do you think I and listen to you?
dialogue	train	you#3	I’ll_ soon make you dry enough	We were discussing you -- not me.
dialogue	val	are#0	are you all ready	Why are you interested in whether I am all ready or not?
dialogue	train	i#11	This is the driest thing I know	You say this is the driest thing you know?
dialogue	train	if#0	Silence all round, if you please	Do you think its likely that I please?
dialogue	train	xnone#0	Edwin and Morcar, the earls of Mercia and Northumbria	I'm not sure I understand you fully.
dialogue	train	i#11	I beg your pardon	You say you beg my pardon?
dialogue	train	you#3	Did you speak	We were discussing you -- not me.
dialogue	train	i#10	I thought you did	Perhaps in your fantasies we thought each other.
dialogue	train	you#3	of course you know what ‘it’ means	We were discussing you -- not me.
dialogue	train	i#11	I know what ‘it’ means well enough, when _I_ find a thing	You say you know what it means well enough what you find a thing?
dialogue	train	xnone#0	it’s generally a frog or a worm	I'm not sure I understand you fully.
dialogue	train	what#0	The question is, what did the archbishop find	Why do you ask?
dialogue	train	xnone#0	found it advisable to go with Edgar Atheling to meet William and offer him the crown	I'm not sure I understand you fully.
dialogue	train	xnone#0	William’s conduct at first was moderate	I'm not sure I understand you fully.
dialogue	train	my#2	But the insolence of his Normans—’ How are you getting on now, my dear	Your dear?
dialogue	train	xnone#0	As wet as ever	I'm not sure I understand you fully.
dialogue	train	xnone#0	it doesn’t seem to dry me at all	I'm not sure I understand you fully.
dialogue	train	xnone#0	In that case	I'm not sure I understand you fully.
dialogue	train	i#11	I move that the meeting adjourn, for the immediate adoption of more energetic remedies	You say you move that the meeting adjourn for the immediate adoption of more energetic remedies?
dialogue	train	was#1	What I was going to say	Were you really?
dialogue	train	xnone#0	was, that the best thing to get us dry would be a Caucus-race	I'm not sure I understand you fully.
dialogue	train	what#0	What _is_ a Caucus-race	Why do you ask?
dialogue	train	xnone#0	the best way to explain it is to do it	I'm not sure I understand you fully.
dialogue	train	xnone#0	the exact shape doesn’t matter	I'm not sure I understand you fully.
dialogue	train	xnone#0	One, two, three, and away	I'm not sure I understand you fully.
dialogue	train	xnone#0	The race is over	I'm not sure I understand you fully.
dialogue	train	what#0	But who has won	Why do you ask?
dialogue	val	everyone#0	Everybody_ has won, and all must have prizes	Really, everybody?
dialogue	train	what#0	But who is to give the prizes	Why do you ask?
dialogue	train	what#0	Why, _she_, of course	Why do you ask?
dialogue	train	you#3	But she must have a prize herself, you know	We were discussing you -- not me.
dialogue	train	what#0	What else have you got in your pocket	Why do you ask?
dialogue	train	xnone#0	Only a thimble	I'm not sure I understand you fully.
dialogue	train	xnone#0	Hand it over here	I'm not sure I understand you fully.
dialogue	train	your#0	We beg your acceptance of this elegant thimble	Why are you concerned over my acceptance of this elegant thimble?
dialogue	train	you#2	You promised to tell me your history, you know	Why do you think I promised to tell you?
dialogue	train	what#0	and why it is you hate—C and D	Why do you ask?
dialogue	train	xnone#0	Mine is a long and a sad tale	I'm not sure I understand you fully.
dialogue	train	yes#0	It _is_ a long tail, certainly	You seem to be quite positive.
dialogue	train	what#0	but why do you call it sad	Why do you ask?
dialogue	train	no#0	Come, I’ll take no denial	Are you saying no just to be negative?
dialogue	train	xnone#0	We must have a trial: For really this morning I’ve nothing to do	I'm not sure I understand you fully.
dialogue	train	you#1	You are not attending	What makes you think I am not attending?
dialogue	train	what#0	What are you thinking of	Why do you ask?
dialogue	train	you#3	you had got to the fifth bend, I think	We were discussing you -- not me.
dialogue	train	i#11	I had _not	You say you had not?
dialogue	train	xnone#0	Oh, do let me help to undo it	I'm not sure I understand you fully.
dialogue	train	i#11	I shall do nothing of the sort	You say you shall do nothing of the sort?
dialogue	train	you#2	You insult me by talking such nonsense	Why do you think I insult you?
dialogue	train	i#11	I didn’t mean it	You say you didnt mean it?
dialogue	train	you#1	But you’re so easily offended, you know	What makes you think I am so easily offended I know?
dialogue	train	your#0	Please come back and finish your story	Why are you concerned over my story?
dialogue	train	yes#0	Yes, please do	You seem to be quite positive.
dialogue	train	what#0	What a pity it wouldn’t stay	Why do you ask?
dialogue	train	my#2	Ah, my dear	Your dear?
dialogue	train	you#3	Let this be a lesson to you never to lose _your_ temper	We were discussing you -- not me.
dialogue	train	your#0	Hold your tongue, Ma	Why are you concerned over my tongue ma?
dialogue	train	you#1	You’re enough to try the patience of an oyster	What makes you think I am enough to try the patience of an oyster?
dialogue	train	i#4	I wish I had our Dinah here, I know I do	Do you really think so?
dialogue	train	xnone#0	She’d soon fetch it back	I'm not sure I understand you fully.
dialogue	train	if#0	And who is Dinah, if I might venture to ask the question	Do you think its likely that you might venture to ask the question?
dialogue	train	xnone#0	Dinah’s our cat	I'm not sure I understand you fully.
dialogue	train	you#3	And she’s such a capital one for catching mice you can’t think	We were discussing you -- not me.
dialogue	train	you#3	And oh, I wish you could see her after the birds	We were discussing you -- not me.
dialogue	train	what#0	Why, she’ll eat a little bird as soon as look at it	Why do you ask?
dialogue	train	i#11	I really must be getting home	You say you really must be getting home?
dialogue	train	my#2	the night-air doesn’t suit my throat	Your throat?
dialogue	train	my#2	Come away, my dears	Your dears?
dialogue	train	you#3	It’s high time you were all in bed	We were discussing you -- not me.
dialogue	train	i#4	I wish I hadn’t mentioned Dinah	Do you really think so?
dialogue	train	everyone#0	Nobody seems to like her, down here, and I’m sure she’s the best cat in the world	Really, nobody?
dialogue	train	my#2	Oh, my dear Dinah	Your dear dinah?
dialogue	train	if#0	I wonder if I shall ever see you any more	Do you think its likely that you shall ever see I any more?
dialogue	train	my#2	Oh my dear paws	Your dear paws?
dialogue	train	my#2	Oh my fur and whiskers	Your fur and whiskers?
dialogue	train	are#1	She’ll get me executed, as sure as ferrets are ferrets	Did you think they might not be ferrets?
dialogue	train	what#0	Where _can_ I have dropped them, I wonder	Why do you ask?
dialogue	train	what#0	Why, Mary Ann, what _are_ you doing out here	Why do you ask?
dialogue	val	xnone#0	Run home this moment, and fetch me a pair of gloves and a fan	I'm not sure I understand you fully.
dialogue	train	xnone#0	He took me for his housemaid	I'm not sure I understand you fully.
dialogue	train	what#0	How surprised he’ll be when he finds out who I am	Why do you ask?
dialogue	train	if#0	But I’d better take him his fan and gloves—that is, if I can find them	Do you think its likely that you can find them?
dialogue	train	what#0	How queer it seems	Why do you ask?
dialogue	train	xnone#0	to be going messages for a rabbit	I'm not sure I understand you fully.
dialogue	train	i#11	I suppose Dinah’ll be sending me on messages next	You say you suppose dinahll be sending you on messages next?
dialogue	train	your#0	Come here directly, and get ready for your walk	Why are you concerned over my walk?
dialogue	train	xnone#0	Coming in a minute, nurse	I'm not sure I understand you fully.
dialogue	train	xnone#0	But I’ve got to see that the mouse doesn’t get out	I'm not sure I understand you fully.
dialogue	train	i#8	Only I don’t think	Don't you really think?
dialogue	train	if#0	that they’d let Dinah stop in the house if it began ordering people about like that	Do you think its likely that it began ordering people about like that?
dialogue	val	i#11	I know _something_ interesting is sure to happen	You say you know something interesting is sure to happen?
dialogue	train	i#11	whenever I eat or drink anything	You say whenever you eat or drink anything?
dialogue	train	what#0	so I’ll just see what this bottle does	Why do you ask?
dialogue	train	i#11	Now I can do no more, whatever happens	You say now you can do no more whatever happens?
dialogue	train	what#0	What _will_ become of me	Why do you ask?
dialogue	train	xnone#0	It was much pleasanter at home	I'm not sure I understand you fully.
dialogue	train	always#0	when one wasn’t always growing larger and smaller, and being ordered about by mice and rabbits	Can you think of a specific example?
dialogue	train	i#11	I do wonder what _can_ have happened to me	You say you do wonder what can have happened to you?
dialogue	train	xnone#0	There ought to be a book written about me, that there ought	I'm not sure I understand you fully.
dialogue	train	what#0	And when I grow up, I’ll write one—but I’m grown up now	Why do you ask?
dialogue	train	no#0	at least there’s no room to grow up any more _here	Are you saying no just to be negative?
dialogue	train	i#6	shall I _never_ get any older than I am now	Is it because you are now that you came to me?
dialogue	train	always#0	That’ll be a comfort, one way—never to be an old woman—but then—always to have lessons to learn	Can you think of a specific example?
dialogue	train	i#11	Oh, I shouldn’t like _that	You say oh you shouldnt like that?
dialogue	train	you#3	Oh, you foolish Alice	We were discussing you -- not me.
dialogue	train	what#0	How can you learn lessons in here	Why do you ask?
dialogue	train	what#0	Why, there’s hardly room for _you_, and no room at all for any lesson-books	Why do you ask?
dialogue	train	my#2	Fetch me my gloves this moment	Your gloves this moment?
dialogue	train	xnone#0	Then I’ll go round and get in at the window	I'm not sure I understand you fully.
dialogue	train	you#3	That_ you won’t	We were discussing you -- not me.
dialogue	train	what#0	Where are you	Why do you ask?
dialogue	train	i#6	Sure then I’m here	Is it because you are here that you came to me?
dialogue	train	xnone#0	Digging for apples, yer honour	I'm not sure I understand you fully.
dialogue	train	xnone#0	Digging for apples, indeed	I'm not sure I understand you fully.
dialogue	train	xnone#0	Come and help me out of _this	I'm not sure I understand you fully.
dialogue	train	xnone#0	Now tell me, Pat, what’s that in the window	I'm not sure I understand you fully.
dialogue	train	xnone#0	Sure, it’s an arm, yer honour	I'm not sure I understand you fully.
dialogue	train	you#3	An arm, you goose	We were discussing you -- not me.
dialogue	val	what#0	Who ever saw one that size	Why do you ask?
dialogue	train	what#0	Why, it fills the whole window	Why do you ask?
dialogue	train	xnone#0	Sure, it does, yer honour: but it’s an arm for all that	I'm not sure I understand you fully.
dialogue	train	no#0	Well, it’s got no business there, at any rate: go and take it away	Are you saying no just to be negative?
dialogue	train	i#8	Sure, I don’t like it, yer honour, at all, at all	Don't you really like it yer honour at all at all?
dialogue	train	i#10	Do as I tell you, you coward	Perhaps in your fantasies we tell each other.
dialogue	train	what#0	What a number of cucumber-frames there must be	Why do you ask?
dialogue	train	i#11	I wonder what they’ll do next	You say you wonder what theyll do next?
dialogue	val	i#11	As for pulling me out of the window, I only wish they _could	You say as for pulling you out of the window you only wish they could?
dialogue	train	i#6	I’m sure _I_ don’t want to stay in here any longer	Is it because you are sure you dont want to stay in here any longer that you came to me?
dialogue	train	xnone#0	Where’s the other ladder	I'm not sure I understand you fully.
dialogue	train	what#0	Why, I hadn’t to bring but one	Why do you ask?
dialogue	val	xnone#0	Bill’s got the other—Bill	I'm not sure I understand you fully.
dialogue	train	xnone#0	fetch it here, lad	I'm not sure I understand you fully.
dialogue	train	no#0	Here, put ’em up at this corner—No, tie ’em together first—they don’t reach half high enough yet—Oh	Are you saying no just to be negative?
dialogue	val	xnone#0	they’ll do well enough	I'm not sure I understand you fully.
dialogue	train	xnone#0	don’t be particular—Here, Bill	I'm not sure I understand you fully.
dialogue	train	xnone#0	catch hold of this rope—Will the roof bear	I'm not sure I understand you fully.
dialogue	train	xnone#0	Mind that loose slate—Oh, it’s coming down	I'm not sure I understand you fully.
dialogue	train	what#0	Now, who did that	Why do you ask?
dialogue	train	i#11	It was Bill, I fancy—Who’s to go down the chimney	You say it was bill you fancy whos to go down the chimney?
dialogue	train	i#11	Nay, _I_ shan’t	You say nay you shant?
dialogue	train	you#3	You_ do it	We were discussing you -- not me.
dialogue	train	i#11	That_ I won’t, then	You say that you wont then?
dialogue	train	xnone#0	Bill’s to go down—Here, Bill	I'm not sure I understand you fully.
dialogue	train	you#1	the master says you’re to go down the chimney	What makes you think I am to go down the chimney?
dialogue	train	xnone#0	So Bill’s got to come down the chimney, has he	I'm not sure I understand you fully.
dialogue	train	xnone#0	Shy, they seem to put everything upon Bill	I'm not sure I understand you fully.
dialogue	val	i#11	I wouldn’t be in Bill’s place for a good deal: this fireplace is narrow, to be sure	You say you wouldnt be in bills place for a good deal this fireplace is narrow to be sure?
dialogue	train	i#4	but I _think_ I can kick a little	Do you really think so?
dialogue	train	xnone#0	This is Bill	I'm not sure I understand you fully.
dialogue	train	xnone#0	There goes Bill	I'm not sure I understand you fully.
dialogue	train	you#3	Catch him, you by the hedge	We were discussing you -- not me.
dialogue	train	what#0	Hold up his head—Brandy now—Don’t choke him—How was it, old fellow	Why do you ask?
dialogue	train	what#0	What happened to you	Why do you ask?
dialogue	val	xnone#0	Tell us all about it	I'm not sure I understand you fully.
dialogue	train	i#11	Well, I hardly know—No more, thank ye	You say well you hardly know no more thank ye?
dialogue	train	you#3	So you did, old fellow	We were discussing you -- not me.
dialogue	train	xnone#0	We must burn the house down	I'm not sure I understand you fully.
dialogue	train	if#0	If you do, I’ll set Dinah at you	Do you think its likely that I do ill set dinah at I?
dialogue	train	i#11	I wonder what they _will_ do next	You say you wonder what they will do next?
dialogue	train	if#0	If they had any sense, they’d take the roof off	Do you think its likely that they had any sense theyd take the roof off?
dialogue	train	xnone#0	A barrowful will do, to begin with	I'm not sure I understand you fully.
dialogue	train	what#0	A barrowful of _what	Why do you ask?
dialogue	train	xnone#0	I’ll put a stop to this	I'm not sure I understand you fully.
dialogue	train	xnone#0	You’d better not do that again	I'm not sure I understand you fully.
dialogue	train	if#0	If I eat one of these cakes	Do you think its likely that you eat one of these cakes?
dialogue	train	my#2	it’s sure to make _some_ change in my size	Your size?
dialogue	train	i#11	and as it can’t possibly make me larger, it must make me smaller, I suppose	You say and as it cannot possibly make you larger it must make you smaller you suppose?
dialogue	train	xnone#0	The first thing I’ve got to do	I'm not sure I understand you fully.
dialogue	train	my#2	is to grow to my right size again	Your right size again?
dialogue	train	my#2	and the second thing is to find my way into that lovely garden	Your way into that lovely garden?
dialogue	train	i#11	I think that will be the best plan	You say you think that will be the best plan?
dialogue	train	xnone#0	Poor little thing	I'm not sure I understand you fully.
dialogue	train	what#0	And yet what a dear little puppy it was	Why do you ask?
dialogue	train	xnone#0	I’d nearly forgotten that I’ve got to grow up again	I'm not sure I understand you fully.
dialogue	train	what#0	Let me see—how _is_ it to be managed	Why do you ask?
dialogue	val	i#11	I suppose I ought to eat or drink something or other	You say you suppose you ought to eat or drink something or other?
dialogue	train	what#0	but the great question is, what	Why do you ask?
dialogue	train	what#0	Who are _you	Why do you ask?
dialogue	train	what#0	What do you mean by that	Why do you ask?
dialogue	train	i#6	I can’t explain _myself_, I’m afraid, sir	Is it because you are afraid sir that you came to me?
dialogue	val	because#0	because I’m not myself, you see	Is that the real reason?
dialogue	train	i#8	I don’t see	Don't you really see?
dialogue	train	i#6	I’m afraid I can’t put it more clearly	Is it because you are afraid you cannot put it more clearly that you came to me?
dialogue	train	i#7	for I can’t understand it myself to begin with	How do you think that you can't understand it yourself to begin with?
dialogue	train	different#0	and being so many different sizes in a day is very confusing	How is it different?
dialogue	val	perhaps#0	Well, perhaps you haven’t found it so yet	You don't seem quite certain.
dialogue	train	xnone#0	Not a bit	I'm not sure I understand you fully.
dialogue	train	perhaps#0	Well, perhaps your feelings may be different	You don't seem quite certain.
dialogue	train	i#11	all I know is, it would feel very queer to _me	You say all you know is it would feel very queer to you?
dialogue	train	you#1	I think, you ought to tell me who _you_ are, first	What makes you think I am first?
dialogue	train	xnone#0	I’ve something important to say	I'm not sure I understand you fully.
dialogue	val	your#0	Keep your temper	Why are you concerned over my temper?
dialogue	train	xnone#0	Is that all	I'm not sure I understand you fully.
dialogue	train	you#1	So you think you’re changed, do you	What makes you think I am changed do I?
dialogue	train	i#6	I’m afraid I am, sir	Is it because you are afraid you are sir that you came to me?
dialogue	train	alike#0	I can’t remember things as I used—and I don’t keep the same size for ten minutes together	In what way?
dialogue	train	what#0	Can’t remember _what_ things	Why do you ask?
dialogue	val	what#0	Well, I’ve tried to say “How doth the little busy bee	Why do you ask?
dialogue	train	you#1	Repeat, ‘_You are old, Father William	What makes you think I am old father william?
dialogue	train	you#1	You are old, Father William	What makes you think I am old father william?
dialogue	train	your#0	And your hair has become very white	Why are you concerned over my hair has become very white?
dialogue	train	you#3	And yet you incessantly stand on your head— Do you think, at your age, it is right	We were discussing you -- not me.
dialogue	train	my#2	In my youth	Your youth?
dialogue	train	i#11	I feared it might injure the brain	You say you feared it might injure the brain?
dialogue	train	i#6	But, now that I’m perfectly sure I have none, Why, I do it again and again	Is it because you are perfectly sure you have none why you do it again and again that you came to me?
dialogue	train	you#1	You are old	What makes you think I am old?
dialogue	train	i#11	as I mentioned before, And have grown most uncommonly fat	You say as you mentioned before and have grown most uncommonly fat?
dialogue	train	you#3	Yet you turned a back-somersault in at the door— Pray, what is the reason of that	We were discussing you -- not me.
dialogue	train	your#0	and your jaws are too weak For anything tougher than suet	Why are you concerned over my jaws are too weak for anything tougher than suet?
dialogue	train	my#1	I took to the law, And argued each case with my wife	Tell me more about your family.
dialogue	train	my#2	And the muscular strength, which it gave to my jaw, Has lasted the rest of my life	Your jaw has lasted the rest of your life?
dialogue	train	your#0	one would hardly suppose That your eye was as steady as ever	Why are you concerned over my eye was as steady as ever?
dialogue	train	you#3	Yet you balanced an eel on the end of your nose— What made you so awfully clever	We were discussing you -- not me.
dialogue	train	i#11	I have answered three questions, and that is enough	You say you have answered three questions and that is enough?
dialogue	train	xnone#0	don’t give yourself airs	I'm not sure I understand you fully.
dialogue	train	you#3	Do you think I can listen all day to such stuff	We were discussing you -- not me.
dialogue	train	you#3	Be off, or I’ll kick you down stairs	We were discussing you -- not me.
dialogue	train	xnone#0	That is not said right	I'm not sure I understand you fully.
dialogue	train	i#6	Not _quite_ right, I’m afraid	Is it because you are afraid that you came to me?
dialogue	val	xnone#0	some of the words have got altered	I'm not sure I understand you fully.
dialogue	train	xnone#0	It is wrong from beginning to end	I'm not sure I understand you fully.
dialogue	train	what#0	What size do you want to be	Why do you ask?
dialogue	train	i#6	Oh, I’m not particular as to size	Is it because you are not particular as to size that you came to me?
dialogue	train	you#3	only one doesn’t like changing so often, you know	We were discussing you -- not me.
dialogue	train	are#0	Are you content now	Why are you interested in whether I am content now or not?
dialogue	train	if#0	Well, I should like to be a _little_ larger, sir, if you wouldn’t mind	Do you think its likely that I wouldnt mind?
dialogue	train	xnone#0	three inches is such a wretched height to be	I'm not sure I understand you fully.
dialogue	val	xnone#0	It is a very good height indeed	I'm not sure I understand you fully.
dialogue	train	i#6	But I’m not used to it	Is it because you are not used to it that you came to me?
dialogue	train	i#11	I wish the creatures wouldn’t be so easily offended	You say you wish the creatures wouldnt be so easily offended?
dialogue	train	xnone#0	You’ll get used to it in time	I'm not sure I understand you fully.
dialogue	train	you#3	One side will make you grow taller, and the other side will make you grow shorter	We were discussing you -- not me.
dialogue	train	what#0	One side of _what	Why do you ask?
dialogue	train	what#0	The other side of _what	Why do you ask?
dialogue	train	xnone#0	Of the mushroom	I'm not sure I understand you fully.
dialogue	train	xnone#0	And now which is which	I'm not sure I understand you fully.
dialogue	train	my#2	Come, my head’s free at last	Your heads free at last?
dialogue	train	what#0	What _can_ all that green stuff be	Why do you ask?
dialogue	train	my#2	And where _have_ my shoulders got to	Your shoulders got to?
dialogue	train	my#2	And oh, my poor hands, how is it I can’t see you	Your poor hands what is it you cannot see I?
dialogue	train	i#6	I’m _not_ a serpent	Is it because you are not a serpent that you came to me?
dialogue	train	xnone#0	Let me alone	I'm not sure I understand you fully.
dialogue	train	i#11	Serpent, I say again	You say serpent you say again?
dialogue	train	xnone#0	I’ve tried every way, and nothing seems to suit them	I'm not sure I understand you fully.
dialogue	train	i#10	I haven’t the least idea what you’re talking about	Perhaps in your fantasies we havent the least idea what each other.
dialogue	train	xnone#0	I’ve tried the roots of trees, and I’ve tried banks, and I’ve tried hedges	I'm not sure I understand you fully.
dialogue	train	xnone#0	but those serpents	I'm not sure I understand you fully.
dialogue	train	no#0	There’s no pleasing them	Are you saying no just to be negative?
dialogue	train	if#0	As if it wasn’t trouble enough hatching the eggs	Do you think its likely that it wasnt trouble enough hatching the eggs?
dialogue	train	i#11	but I must be on the look-out for serpents night and day	You say but you must be on the look out for serpents night and day?
dialogue	train	what#0	Why, I haven’t had a wink of sleep these three weeks	Why do you ask?
dialogue	train	i#6	I’m very sorry you’ve been annoyed	Is it because you are very sorry youve been annoyed that you came to me?
dialogue	train	xnone#0	And just as I’d taken the highest tree in the wood	I'm not sure I understand you fully.
dialogue	val	i#6	But I’m _not_ a serpent, I tell you	Is it because you are not a serpent you tell I that you came to me?
dialogue	val	i#6	I’m a—I’m a	Is it because you are a you are a that you came to me?
dialogue	train	what#0	What_ are you	Why do you ask?
dialogue	train	i#10	I can see you’re trying to invent something	Perhaps in your fantasies we can see each other.
dialogue	train	i#6	I—I’m a little girl	Is it because you are a little girl that you came to me?
dialogue	train	xnone#0	A likely story indeed	I'm not sure I understand you fully.
dialogue	train	you#1	You’re a serpent	What makes you think I am a serpent?
dialogue	train	no#0	and there’s no use denying it	Are you saying no just to be negative?
dialogue	train	i#10	I suppose you’ll be telling me next that you never tasted an egg	Perhaps in your fantasies we suppose youll be telling you next that each other.
dialogue	train	i#11	I _have_ tasted eggs, certainly	You say you have tasted eggs yes?
dialogue	train	you#3	but little girls eat eggs quite as much as serpents do, you know	We were discussing you -- not me.
dialogue	train	i#8	I don’t believe it	Don't you really believe it?
dialogue	train	if#0	but if they do, why then they’re a kind of serpent, that’s all I can say	Do you think its likely that they do why then theyre a kind of serpent thats all you can say?
dialogue	train	you#1	You’re looking for eggs, I know _that_ well enough	What makes you think I am looking for eggs you know that well enough?
dialogue	val	what#0	and what does it matter to me whether you’re a little girl or a serpent	Why do you ask?
dialogue	train	xnone#0	It matters a good deal to _me	I'm not sure I understand you fully.
dialogue	val	i#6	but I’m not looking for eggs, as it happens	Is it because you are not looking for eggs as it happens that you came to me?
dialogue	val	alike#0	and if I was, I shouldn’t want _yours_: I don’t like them raw	In what way?
dialogue	train	xnone#0	Well, be off, then	I'm not sure I understand you fully.
dialogue	train	my#2	Come, there’s half my plan done now	Your plan done now?
dialogue	train	what#0	How puzzling all these changes are	Why do you ask?
dialogue	train	i#6	I’m never sure what I’m going to be, from one minute to another	Is it because you are never sure what you are going to be from one minute to another that you came to me?
dialogue	train	xnone#0	Whoever lives there	I'm not sure I understand you fully.
dialogue	train	what#0	it’ll never do to come upon them _this_ size: why, I should frighten them out of their wits	Why do you ask?
dialogue	train	xnone#0	For the Duchess	I'm not sure I understand you fully.
dialogue	train	xnone#0	An invitation from the Queen to play croquet	I'm not sure I understand you fully.
dialogue	train	xnone#0	From the Queen	I'm not sure I understand you fully.
dialogue	val	xnone#0	An invitation for the Duchess to play croquet	I'm not sure I understand you fully.
dialogue	train	no#0	There’s no sort of use in knocking	Are you saying no just to be negative?
dialogue	train	xnone#0	and that for two reasons	I'm not sure I understand you fully.
dialogue	train	alike#0	First, because I’m on the same side of the door as you are	In what way?
dialogue	train	because#0	secondly, because they’re making such a noise inside, no one could possibly hear you	Is that the real reason?
dialogue	train	what#0	how am I to get in	Why do you ask?
dialogue	train	your#0	There might be some sense in your knocking	Why are you concerned over my knocking?
dialogue	train	if#0	if we had the door between us	Do you think its likely that we had the door between us?
dialogue	train	if#0	For instance, if you were _inside_, you might knock, and I could let you out, you know	Do you think its likely that I was inside I might knock and you could let I out I know?
dialogue	train	perhaps#0	But perhaps he can’t help it	You don't seem quite certain.
dialogue	train	are#1	his eyes are so _very_ nearly at the top of his head	Did you think they might not be so very nearly at the top of his head?
dialogue	train	xnone#0	But at any rate he might answer questions	I'm not sure I understand you fully.
dialogue	train	i#11	I shall sit here	You say you shall sit here?
dialogue	train	perhaps#0	or next day, maybe	You don't seem quite certain.
dialogue	train	are#0	Are_ you to get in at all	Why are you interested in whether I am to get in at all or not?
dialogue	train	you#3	That’s the first question, you know	We were discussing you -- not me.
dialogue	train	xnone#0	It’s really dreadful	I'm not sure I understand you fully.
dialogue	val	xnone#0	the way all the creatures argue	I'm not sure I understand you fully.
dialogue	train	xnone#0	It’s enough to drive one crazy	I'm not sure I understand you fully.
dialogue	train	xnone#0	on and off, for days and days	I'm not sure I understand you fully.
dialogue	train	what#0	But what am _I_ to do	Why do you ask?
dialogue	val	you#3	Anything you like	We were discussing you -- not me.
dialogue	train	no#0	Oh, there’s no use in talking to him	Are you saying no just to be negative?
dialogue	train	xnone#0	he’s perfectly idiotic	I'm not sure I understand you fully.
dialogue	val	yes#0	There’s certainly too much pepper in that soup	You seem to be quite positive.
dialogue	train	you#2	Please would you tell me	Why do you think I tell you?
dialogue	train	what#0	why your cat grins like that	Why do you ask?
dialogue	train	xnone#0	It’s a Cheshire cat	I'm not sure I understand you fully.
dialogue	train	what#0	and that’s why	Why do you ask?
dialogue	val	always#0	I didn’t know that Cheshire cats always grinned	Can you think of a specific example?
dialogue	train	i#11	in fact, I didn’t know that cats _could_ grin	You say in fact you didnt know that cats could grin?
dialogue	train	xnone#0	They all can	I'm not sure I understand you fully.
dialogue	train	xnone#0	and most of ’em do	I'm not sure I understand you fully.
dialogue	train	i#8	I don’t know of any that do	Don't you really know of any that do?
dialogue	train	you#3	You don’t know much	We were discussing you -- not me.
dialogue	train	xnone#0	and that’s a fact	I'm not sure I understand you fully.
dialogue	train	what#0	Oh, _please_ mind what you’re doing	Why do you ask?
dialogue	train	xnone#0	Oh, there goes his _precious_ nose	I'm not sure I understand you fully.
dialogue	train	if#0	If everybody minded their own business	Do you think its likely that everybody minded their own business?
dialogue	train	xnone#0	the world would go round a deal faster than it does	I'm not sure I understand you fully.
dialogue	train	xnone#0	Which would _not_ be an advantage	I'm not sure I understand you fully.
dialogue	val	what#0	Just think of what work it would make with the day and night	Why do you ask?
dialogue	train	you#3	You see the earth takes twenty-four hours to turn round on its axis	We were discussing you -- not me.
dialogue	train	xnone#0	Talking of axes	I'm not sure I understand you fully.
dialogue	train	xnone#0	chop off her head	I'm not sure I understand you fully.
dialogue	train	i#11	Twenty-four hours, I _think	You say twenty four hours you think?
dialogue	train	xnone#0	or is it twelve	I'm not sure I understand you fully.
dialogue	train	xnone#0	Oh, don’t bother _me	I'm not sure I understand you fully.
dialogue	train	i#11	I never could abide figures	You say you never could abide figures?
dialogue	train	my#2	I speak severely to my boy, I beat him when he sneezes	Your boy you beat him what he sneezes?
dialogue	train	what#0	For he can thoroughly enjoy The pepper when he pleases	Why do you ask?
dialogue	train	if#0	you may nurse it a bit, if you like	Do you think its likely that I like?
dialogue	train	i#11	I must go and get ready to play croquet with the Queen	You say you must go and get ready to play croquet with the queen?
dialogue	train	xnone#0	just like a star-fish	I'm not sure I understand you fully.
dialogue	val	if#0	If I don’t take this child away with me	Do you think its likely that you dont take this child away with you?
dialogue	train	xnone#0	they’re sure to kill it in a day or two: wouldn’t it be murder to leave it behind	I'm not sure I understand you fully.
dialogue	train	xnone#0	that’s not at all a proper way of expressing yourself	I'm not sure I understand you fully.
dialogue	train	perhaps#0	But perhaps it was only sobbing	You don't seem quite certain.
dialogue	train	if#0	If you’re going to turn into a pig, my dear	Do you think its likely that I are going to turn into a pig your dear?
dialogue	train	you#3	I’ll have nothing more to do with you	We were discussing you -- not me.
dialogue	train	what#0	Now, what am I to do with this creature when I get it home	Why do you ask?
dialogue	train	if#0	If it had grown up	Do you think its likely that it had grown up?
dialogue	train	i#11	it would have made a dreadfully ugly child: but it makes rather a handsome pig, I think	You say it would have made a dreadfully ugly child but it makes rather a handsome pig you think?
dialogue	train	if#0	if one only knew the right way to change them	Do you think its likely that one only knew the right way to change them?
dialogue	train	xnone#0	Come, it’s pleased so far	I'm not sure I understand you fully.
dialogue	train	you#2	Would you tell me, please, which way I ought to go from here	Why do you think I tell you?
dialogue	train	what#0	That depends a good deal on where you want to get to	Why do you ask?
dialogue	train	i#8	I don’t much care where	Don't you really much care where?
dialogue	train	you#3	Then it doesn’t matter which way you go	We were discussing you -- not me.
dialogue	train	i#11	so long as I get _somewhere	You say so long as you get somewhere?
dialogue	train	you#1	Oh, you’re sure to do that	What makes you think I am sure to do that?
dialogue	train	if#0	if you only walk long enough	Do you think its likely that I only walk long enough?
dialogue	val	what#0	What sort of people live about here	Why do you ask?
dialogue	train	xnone#0	In _that_ direction	I'm not sure I understand you fully.
dialogue	train	xnone#0	lives a Hatter: and in _that_ direction	I'm not sure I understand you fully.
dialogue	val	xnone#0	lives a March Hare	I'm not sure I understand you fully.
dialogue	train	you#3	Visit either you like: they’re both mad	We were discussing you -- not me.
dialogue	train	i#8	But I don’t want to go among mad people	Don't you really want to go among mad people?
dialogue	train	you#3	Oh, you can’t help that	We were discussing you -- not me.
dialogue	train	xnone#0	we’re all mad here	I'm not sure I understand you fully.
dialogue	train	what#0	How do you know I’m mad	Why do you ask?
dialogue	train	you#3	You must be	We were discussing you -- not me.
dialogue	train	you#3	or you wouldn’t have come here	We were discussing you -- not me.
dialogue	train	what#0	And how do you know that you’re mad	Why do you ask?
dialogue	train	xnone#0	To begin with	I'm not sure I understand you fully.
dialogue	train	xnone#0	a dog’s not mad	I'm not sure I understand you fully.
dialogue	train	you#3	You grant that	We were discussing you -- not me.
dialogue	train	i#11	I suppose so	You say you suppose so?
dialogue	train	you#3	you see, a dog growls when it’s angry, and wags its tail when it’s pleased	We were discussing you -- not me.
dialogue	train	my#2	Now _I_ growl when I’m pleased, and wag my tail when I’m angry	Your tail what you are angry?
dialogue	train	i#6	Therefore I’m mad	Is it because you are mad that you came to me?
dialogue	train	i#11	I_ call it purring, not growling	You say you call it purring not growling?
dialogue	train	what#0	Call it what you like	Why do you ask?
dialogue	train	you#3	Do you play croquet with the Queen to-day	We were discussing you -- not me.
dialogue	train	i#11	I should like it very much	You say you should like it very much?
dialogue	val	i#11	but I haven’t been invited yet	You say but you havent been invited yet?
dialogue	train	xnone#0	You’ll see me there	I'm not sure I understand you fully.
dialogue	train	what#0	By-the-bye, what became of the baby	Why do you ask?
dialogue	train	xnone#0	I’d nearly forgotten to ask	I'm not sure I understand you fully.
dialogue	train	xnone#0	It turned into a pig	I'm not sure I understand you fully.
dialogue	train	i#11	I thought it would	You say you thought it would?
dialogue	train	xnone#0	I’ve seen hatters before	I'm not sure I understand you fully.
dialogue	train	you#3	Did you say pig, or fig	We were discussing you -- not me.
dialogue	train	i#11	I said pig	You say you said pig?
dialogue	train	you#3	and I wish you wouldn’t keep appearing and vanishing so suddenly: you make one quite giddy	We were discussing you -- not me.
dialogue	train	xnone#0	I’ve often seen a cat without a grin	I'm not sure I understand you fully.
dialogue	train	xnone#0	but a grin without a cat	I'm not sure I understand you fully.
dialogue	train	my#2	It’s the most curious thing I ever saw in my life	Your life?
dialogue	val	xnone#0	Suppose it should be raving mad after all	I'm not sure I understand you fully.
dialogue	train	i#11	I almost wish I’d gone to see the Hatter instead	You say you almost wish id gone to see the hatter instead?
dialogue	train	xnone#0	Very uncomfortable for the Dormouse	I'm not sure I understand you fully.
dialogue	train	i#11	only, as it’s asleep, I suppose it doesn’t mind	You say only as its asleep you suppose it doesnt mind?
dialogue	train	xnone#0	There’s _plenty_ of room	I'm not sure I understand you fully.
dialogue	train	xnone#0	Have some wine	I'm not sure I understand you fully.
dialogue	train	i#8	I don’t see any wine	Don't you really see any wine?
dialogue	train	xnone#0	There isn’t any	I'm not sure I understand you fully.
dialogue	train	you#3	Then it wasn’t very civil of you to offer it	We were discussing you -- not me.
dialogue	train	you#3	It wasn’t very civil of you to sit down without being invited	We were discussing you -- not me.
dialogue	train	i#11	I didn’t know it was _your_ table	You say you didnt know it was my table?
dialogue	train	xnone#0	it’s laid for a great many more than three	I'm not sure I understand you fully.
dialogue	train	your#0	Your hair wants cutting	Why are you concerned over my hair wants cutting?
dialogue	train	you#3	You should learn not to make personal remarks	We were discussing you -- not me.
dialogue	train	xnone#0	it’s very rude	I'm not sure I understand you fully.
dialogue	train	alike#0	Why is a raven like a writing-desk	In what way?
dialogue	train	xnone#0	Come, we shall have some fun now	I'm not sure I understand you fully.
dialogue	train	i#2	I’m glad they’ve begun asking riddles	How have I helped you to be glad?
dialogue	train	i#4	I believe I can guess that	Do you really think so?
dialogue	train	you#3	Do you mean that you think you can find out the answer to it	We were discussing you -- not me.
dialogue	train	you#3	Then you should say what you mean	We were discussing you -- not me.
dialogue	train	alike#0	at least—at least I mean what I say—that’s the same thing, you know	In what way?
dialogue	train	alike#0	Not the same thing a bit	In what way?
dialogue	train	you#3	You might just as well say	We were discussing you -- not me.
dialogue	train	alike#0	that ‘I like what I get’ is the same thing as ‘I get what I like	In what way?
dialogue	train	alike#0	that ‘I breathe when I sleep’ is the same thing as ‘I sleep when I breathe	In what way?
dialogue	train	alike#0	It _is_ the same thing with you	In what way?
dialogue	train	what#0	What day of the month is it	Why do you ask?
dialogue	train	xnone#0	Two days wrong	I'm not sure I understand you fully.
dialogue	train	i#10	I told you butter wouldn’t suit the works	Perhaps in your fantasies we told each other.
dialogue	train	xnone#0	It was the _best_ butter	I'm not sure I understand you fully.
dialogue	train	yes#0	Yes, but some crumbs must have got in as well	You seem to be quite positive.
dialogue	train	you#3	you shouldn’t have put it in with the bread-knife	We were discussing you -- not me.
dialogue	train	you#3	It was the _best_ butter, you know	We were discussing you -- not me.
dialogue	val	what#0	What a funny watch	Why do you ask?
dialogue	train	what#0	It tells the day of the month, and doesn’t tell what o’clock it is	Why do you ask?
dialogue	val	what#0	Why should it	Why do you ask?
dialogue	train	your#0	Does _your_ watch tell you what year it is	Why are you concerned over my watch tell I what year it is?
dialogue	train	xnone#0	Of course not	I'm not sure I understand you fully.
dialogue	train	alike#0	but that’s because it stays the same year for such a long time together	In what way?
dialogue	train	xnone#0	Which is just the case with _mine	I'm not sure I understand you fully.
dialogue	train	i#8	I don’t quite understand you	Don't you really quite understand I?
dialogue	train	xnone#0	The Dormouse is asleep again	I'm not sure I understand you fully.
dialogue	train	xnone#0	Of course, of course	I'm not sure I understand you fully.
dialogue	val	was#1	just what I was going to remark myself	Were you really?
dialogue	train	you#3	Have you guessed the riddle yet	We were discussing you -- not me.
dialogue	train	no#0	No, I give it up	Are you saying no just to be negative?
dialogue	train	xnone#0	what’s the answer	I'm not sure I understand you fully.
dialogue	train	i#11	I haven’t the slightest idea	You say you havent the slightest idea?
dialogue	train	you#3	I think you might do something better with the time	We were discussing you -- not me.
dialogue	train	no#0	than waste it in asking riddles that have no answers	Are you saying no just to be negative?
dialogue	train	if#0	If you knew Time as well as I do	Do you think its likely that I knew time as well as you do?
dialogue	train	you#3	you wouldn’t talk about wasting _it	We were discussing you -- not me.
dialogue	train	i#8	I don’t know what you mean	Don't you really know what I mean?
dialogue	train	you#3	Of course you don’t	We were discussing you -- not me.
dialogue	train	i#10	I dare say you never even spoke to Time	Perhaps in your fantasies we dare say each other.
dialogue	train	i#11	but I know I have to beat time when I learn music	You say but you know you have to beat time what you learn music?
dialogue	train	xnone#0	that accounts for it	I'm not sure I understand you fully.
dialogue	train	xnone#0	He won’t stand beating	I'm not sure I understand you fully.
dialogue	train	xnone#0	Half-past one, time for dinner	I'm not sure I understand you fully.
dialogue	val	i#11	I only wish it was	You say you only wish it was?
dialogue	train	yes#0	That would be grand, certainly	You seem to be quite positive.
dialogue	train	i#10	but then—I shouldn’t be hungry for it, you know	Perhaps in your fantasies we shouldnt be hungry for it each other.
dialogue	train	perhaps#0	Not at first, perhaps	You don't seem quite certain.
dialogue	train	you#3	but you could keep it to half-past one as long as you liked	We were discussing you -- not me.
dialogue	val	you#3	Is that the way _you_ manage	We were discussing you -- not me.
dialogue	train	you#3	We quarrelled last March—just before _he_ went mad, you know	We were discussing you -- not me.
dialogue	train	what#0	How I wonder what you’re at	Why do you ask?
dialogue	train	you#3	You know the song, perhaps	We were discussing you -- not me.
dialogue	val	xnone#0	I’ve heard something like it	I'm not sure I understand you fully.
dialogue	train	you#3	It goes on, you know	We were discussing you -- not me.
dialogue	val	you#3	in this way:— ‘Up above the world you fly, Like a tea-tray in the sky	We were discussing you -- not me.
dialogue	val	xnone#0	Twinkle, twinkle, twinkle, twinkle	I'm not sure I understand you fully.
dialogue	train	xnone#0	Well, I’d hardly finished the first verse	I'm not sure I understand you fully.
dialogue	train	what#0	when the Queen jumped up and bawled out, ‘He’s murdering the time	Why do you ask?
dialogue	train	xnone#0	Off with his head	I'm not sure I understand you fully.
dialogue	train	what#0	How dreadfully savage	Why do you ask?
dialogue	train	xnone#0	And ever since that	I'm not sure I understand you fully.
dialogue	train	i#11	he won’t do a thing I ask	You say he wont do a thing you ask?
dialogue	train	always#0	It’s always six o’clock now	Can you think of a specific example?
dialogue	train	are#1	Is that the reason so many tea-things are put out here	Did you think they might not be put out here?
dialogue	train	yes#0	Yes, that’s it	You seem to be quite positive.
dialogue	train	always#0	it’s always tea-time, and we’ve no time to wash the things between whiles	Can you think of a specific example?
dialogue	train	you#3	Then you keep moving round, I suppose	We were discussing you -- not me.
dialogue	train	xnone#0	as the things get used up	I'm not sure I understand you fully.
dialogue	train	what#0	But what happens when you come to the beginning again	Why do you ask?
dialogue	val	xnone#0	Suppose we change the subject	I'm not sure I understand you fully.
dialogue	train	i#6	I’m getting tired of this	Is it because you are getting tired of this that you came to me?
dialogue	train	i#11	I vote the young lady tells us a story	You say you vote the young lady tells us a story?
dialogue	train	i#6	I’m afraid I don’t know one	Is it because you are afraid you dont know one that you came to me?
dialogue	train	xnone#0	Then the Dormouse shall	I'm not sure I understand you fully.
dialogue	train	xnone#0	Wake up, Dormouse	I'm not sure I understand you fully.
dialogue	train	i#11	I wasn’t asleep	You say you wasnt asleep?
dialogue	val	i#10	I heard every word you fellows were saying	Perhaps in your fantasies we heard every word each other.
dialogue	train	xnone#0	Tell us a story	I'm not sure I understand you fully.
dialogue	train	xnone#0	And be quick about it	I'm not sure I understand you fully.
dialogue	train	xnone#0	or you’ll be asleep again before it’s done	I'm not sure I understand you fully.
dialogue	train	xnone#0	Once upon a time there were three little sisters	I'm not sure I understand you fully.
dialogue	train	xnone#0	and their names were Elsie, Lacie, and Tillie	I'm not sure I understand you fully.
dialogue	train	xnone#0	and they lived at the bottom of a well	I'm not sure I understand you fully.
dialogue	train	what#0	What did they live on	Why do you ask?
dialogue	train	xnone#0	They lived on treacle	I'm not sure I understand you fully.
dialogue	train	you#3	They couldn’t have done that, you know	We were discussing you -- not me.
dialogue	train	xnone#0	they’d have been ill	I'm not sure I understand you fully.
dialogue	train	xnone#0	So they were	I'm not sure I understand you fully.
dialogue	train	what#0	But why did they live at the bottom of a well	Why do you ask?
dialogue	train	xnone#0	Take some more tea	I'm not sure I understand you fully.
dialogue	train	xnone#0	I’ve had nothing yet	I'm not sure I understand you fully.
dialogue	val	i#7	so I can’t take more	How do you think that you can't take more?
dialogue	train	you#3	You mean you can’t take _less	We were discussing you -- not me.
dialogue	train	xnone#0	it’s very easy to take _more_ than nothing	I'm not sure I understand you fully.
dialogue	train	everyone#0	Nobody asked _your_ opinion	Really, nobody?
dialogue	train	xnone#0	Who’s making personal remarks now	I'm not sure I understand you fully.
dialogue	train	what#0	Why did they live at the bottom of a well	Why do you ask?
dialogue	train	xnone#0	It was a treacle-well	I'm not sure I understand you fully.
dialogue	train	no#0	There’s no such thing	Are you saying no just to be negative?
dialogue	train	if#0	If you can’t be civil, you’d better finish the story for yourself	Do you think its likely that I cannot be civil youd better finish the story for myself?
dialogue	train	no#0	No, please go on	Are you saying no just to be negative?
dialogue	train	i#11	I won’t interrupt again	You say you wont interrupt again?
dialogue	train	i#11	I dare say there may be _one	You say you dare say there may be one?
dialogue	train	you#3	And so these three little sisters—they were learning to draw, you know	We were discussing you -- not me.
dialogue	train	what#0	What did they draw	Why do you ask?
dialogue	train	i#0	I want a clean cup	What would it mean to you if you got a clean cup?
dialogue	train	xnone#0	let’s all move one place on	I'm not sure I understand you fully.
dialogue	train	i#8	But I don’t understand	Don't you really understand?
dialogue	train	what#0	Where did they draw the treacle from	Why do you ask?
dialogue	train	you#3	You can draw water out of a water-well	We were discussing you -- not me.
dialogue	train	you#3	so I should think you could draw treacle out of a treacle-well—eh, stupid	We were discussing you -- not me.
dialogue	train	xnone#0	But they were _in_ the well	I'm not sure I understand you fully.
dialogue	train	xnone#0	Of course they were	I'm not sure I understand you fully.
dialogue	train	xnone#0	They were learning to draw	I'm not sure I understand you fully.
dialogue	train	xnone#0	and they drew all manner of things—everything that begins with an M	I'm not sure I understand you fully.
dialogue	train	what#0	Why with an M	Why do you ask?
dialogue	train	you#2	Really, now you ask me	Why do you think I ask you?
dialogue	val	i#8	I don’t think	Don't you really think?
dialogue	train	you#3	Then you shouldn’t talk	We were discussing you -- not me.
dialogue	train	xnone#0	At any rate I’ll never go _there_ again	I'm not sure I understand you fully.
dialogue	train	my#2	It’s the stupidest tea-party I ever was at in all my life	Your life?
dialogue	train	xnone#0	That’s very curious	I'm not sure I understand you fully.
dialogue	val	xnone#0	But everything’s curious today	I'm not sure I understand you fully.
dialogue	train	i#4	I think I may as well go in at once	Do you really think so?
dialogue	val	xnone#0	Now, I’ll manage better this time	I'm not sure I understand you fully.
dialogue	train	xnone#0	Look out now, Five	I'm not sure I understand you fully.
dialogue	train	xnone#0	Don’t go splashing paint over me like that	I'm not sure I understand you fully.
dialogue	train	i#11	I couldn’t help it	You say you couldnt help it?
dialogue	train	my#2	Seven jogged my elbow	Your elbow?
dialogue	train	xnone#0	That’s right, Five	I'm not sure I understand you fully.
dialogue	train	always#0	Always lay the blame on others	Can you think of a specific example?
dialogue	train	xnone#0	You’d_ better not talk	I'm not sure I understand you fully.
dialogue	train	i#10	I heard the Queen say only yesterday you deserved to be beheaded	Perhaps in your fantasies we heard the queen say only yesterday each other.
dialogue	train	your#0	That’s none of _your_ business, Two	Why are you concerned over my business two?
dialogue	train	yes#0	Yes, it _is_ his business	You seem to be quite positive.
dialogue	train	xnone#0	and I’ll tell him—it was for bringing the cook tulip-roots instead of onions	I'm not sure I understand you fully.
dialogue	train	xnone#0	Well, of all the unjust things	I'm not sure I understand you fully.
dialogue	train	you#2	Would you tell me	Why do you think I tell you?
dialogue	train	what#0	why you are painting those roses	Why do you ask?
dialogue	train	you#3	So you see, Miss, we’re doing our best, afore she comes, to	We were discussing you -- not me.
dialogue	train	what#0	and besides, what would be the use of a procession	Why do you ask?
dialogue	train	if#0	if people had all to lie down upon their faces, so that they couldn’t see it	Do you think its likely that people had all to lie down upon their faces so that they couldnt see it?
dialogue	train	what#0	Who is this	Why do you ask?
dialogue	val	name#0	What’s your name, child	I am not interested in names.
dialogue	train	name#0	My name is Alice, so please your Majesty	I am not interested in names.
dialogue	train	what#0	Why, they’re only a pack of cards, after all	Why do you ask?
dialogue	train	i#11	I needn’t be afraid of them	You say you neednt be afraid of them?
dialogue	train	what#0	And who are _these	Why do you ask?
dialogue	train	what#0	How should _I_ know	Why do you ask?
dialogue	train	no#0	It’s no business of _mine	Are you saying no just to be negative?
dialogue	train	xnone#0	Off with her head	I'm not sure I understand you fully.
dialogue	train	my#1	Consider, my dear: she is only a child	Tell me more about your family.
dialogue	train	xnone#0	Turn them over	I'm not sure I understand you fully.
dialogue	train	xnone#0	Leave off that	I'm not sure I understand you fully.
dialogue	val	you#2	You make me giddy	Why do you think I make you?
dialogue	train	what#0	What _have_ you been doing here	Why do you ask?
dialogue	train	your#0	May it please your Majesty	Why are you concerned over my majesty?
dialogue	train	xnone#0	we were trying	I'm not sure I understand you fully.
dialogue	train	xnone#0	Off with their heads	I'm not sure I understand you fully.
dialogue	train	you#3	You shan’t be beheaded	We were discussing you -- not me.
dialogue	train	are#1	Are their heads off	Did you think they might not be their heads off?
dialogue	train	if#0	Their heads are gone, if it please your Majesty	Do you think its likely that it please my majesty?
dialogue	train	can#0	Can you play croquet	You believe I can play croquet don't you?
dialogue	train	xnone#0	loving by allowance	I'm not sure I understand you fully.
dialogue	train	xnone#0	loving with personal love	I'm not sure I understand you fully.
dialogue	train	your#0	he admires your_ Spectators _mightily	Why are you concerned over my spectators mightily?
dialogue	train	xnone#0	the other side	I'm not sure I understand you fully.
dialogue	train	xnone#0	the accepted hells beneath	I'm not sure I understand you fully.
dialogue	train	xnone#0	metaphor has been exhausted in depicting the perfection of it, combined with the narrowness of her field	I'm not sure I understand you fully.
dialogue	train	xnone#0	Bennet was stirring the fire	I'm not sure I understand you fully.
dialogue	train	xnone#0	brought his coffee-cup back_ himself	I'm not sure I understand you fully.
dialogue	train	my#2	taller by the breadth of my nail	Your nail?
dialogue	train	xnone#0	metals, semi-metals, and distinguished philosophers	I'm not sure I understand you fully.
dialogue	train	my#2	My dear, do not give way to such gloomy thoughts	Your dear do not give way to such gloomy thoughts?
dialogue	train	xnone#0	Let us hope for better things	I'm not sure I understand you fully.
dialogue	val	i#11	Let us flatter ourselves that_ I _may be the survivor	You say let us flatter ourselves that you may be the survivor?
dialogue	train	xnone#0	one of Mr	I'm not sure I understand you fully.
dialogue	train	xnone#0	impudent and mannish grown	I'm not sure I understand you fully.
dialogue	train	xnone#0	He came down to see the place	I'm not sure I understand you fully.
dialogue	train	i#11	I hope Mr	You say you hope mr?
dialogue	train	xnone#0	Bingley will like it	I'm not sure I understand you fully.
dialogue	train	i#6	I’m the tallest	Is it because you are the tallest that you came to me?
dialogue	train	xnone#0	He rode a black horse	I'm not sure I understand you fully.
dialogue	train	what#0	When the party entered	Why do you ask?
dialogue	train	xnone#0	She is tolerable	I'm not sure I understand you fully.
dialogue	train	xnone#0	Without once opening his lips	I'm not sure I understand you fully.
dialogue	train	xnone#0	The entreaties of several	I'm not sure I understand you fully.
dialogue	train	xnone#0	A note for Miss Bennet	I'm not sure I understand you fully.
dialogue	train	xnone#0	The apothecary came	I'm not sure I understand you fully.
dialogue	train	xnone#0	Covering a screen	I'm not sure I understand you fully.
dialogue	train	xnone#0	Bennet and her two youngest girls	I'm not sure I understand you fully.
dialogue	train	what#0	stay where you are	Why do you ask?
dialogue	train	xnone#0	Piling up the fire	I'm not sure I understand you fully.
dialogue	train	xnone#0	Protested that he never read novels	I'm not sure I understand you fully.
dialogue	train	xnone#0	The officers of the ----shire	I'm not sure I understand you fully.
dialogue	train	xnone#0	Delighted to see their dear friend again	I'm not sure I understand you fully.
dialogue	train	xnone#0	Such very superior dancing is not often seen	I'm not sure I understand you fully.
dialogue	train	you#3	To assure you in the most animated language	We were discussing you -- not me.
dialogue	train	xnone#0	They entered the breakfast-room	I'm not sure I understand you fully.
dialogue	train	xnone#0	Walked back with them	I'm not sure I understand you fully.
dialogue	val	xnone#0	So much love and eloquence	I'm not sure I understand you fully.
dialogue	train	xnone#0	Protested he must be entirely mistaken	I'm not sure I understand you fully.
dialogue	train	xnone#0	Whenever she spoke in a low voice	I'm not sure I understand you fully.
dialogue	train	xnone#0	Offended two or three young ladies	I'm not sure I understand you fully.
dialogue	train	you#2	Will you come and see me	Why do you think I come and see you?
dialogue	train	xnone#0	On the stairs	I'm not sure I understand you fully.
dialogue	train	xnone#0	At the door	I'm not sure I understand you fully.
dialogue	train	xnone#0	In conversation with the ladies	I'm not sure I understand you fully.
dialogue	train	you#2	you have given me a treasure	Why do you think I have given you?
dialogue	train	xnone#0	He never failed to inform them	I'm not sure I understand you fully.
dialogue	train	xnone#0	The gentlemen accompanied him	I'm not sure I understand you fully.
dialogue	train	xnone#0	Accompanied by their aunt	I'm not sure I understand you fully.
dialogue	val	xnone#0	On looking up	I'm not sure I understand you fully.
dialogue	train	xnone#0	Hearing herself called	I'm not sure I understand you fully.
dialogue	train	xnone#0	Meeting accidentally in town	I'm not sure I understand you fully.
dialogue	val	xnone#0	His parting obeisance	I'm not sure I understand you fully.
dialogue	train	xnone#0	The elevation of his feelings	I'm not sure I understand you fully.
dialogue	train	xnone#0	They had forgotten to leave any message	I'm not sure I understand you fully.
dialogue	val	what#0	How nicely we are crammed in	Why do you ask?
dialogue	train	i#6	I am determined never to speak of it again	Is it because you are determined never to speak of it again that you came to me?
dialogue	train	what#0	When Colonel Miller’s regiment went away	Why do you ask?
dialogue	val	xnone#0	Conjecturing as to the date	I'm not sure I understand you fully.
dialogue	train	xnone#0	To make herself agreeable to all	I'm not sure I understand you fully.
dialogue	train	xnone#0	Engaged by the river	I'm not sure I understand you fully.
dialogue	train	i#11	I have not an instant to lose	You say you have not an instant to lose?
dialogue	val	xnone#0	The first pleasing earnest of their welcome	I'm not sure I understand you fully.
dialogue	train	i#11	To whom I have related the affair	You say to whom you have related the affair?
dialogue	train	perhaps#0	But perhaps you would like to read it	You don't seem quite certain.
dialogue	train	xnone#0	The spiteful old ladies	I'm not sure I understand you fully.
dialogue	train	xnone#0	With an affectionate smile	I'm not sure I understand you fully.
dialogue	train	i#6	I am sure she did not listen	Is it because you are sure she did not listen that you came to me?
dialogue	train	xnone#0	Darcy with him	I'm not sure I understand you fully.
dialogue	train	xnone#0	Jane happened to look round	I'm not sure I understand you fully.
dialogue	train	xnone#0	Long and her nieces	I'm not sure I understand you fully.
dialogue	train	my#2	Lizzy, my dear, I want to speak to you	Your dear you want to speak to I?
dialogue	train	xnone#0	After a short survey	I'm not sure I understand you fully.
dialogue	train	xnone#0	But now it comes out	I'm not sure I understand you fully.
dialogue	val	xnone#0	The efforts of his aunt	I'm not sure I understand you fully.
dialogue	train	xnone#0	Unable to utter a syllable	I'm not sure I understand you fully.
dialogue	val	xnone#0	The obsequious civility	I'm not sure I understand you fully.
dialogue	train	my#2	My dear Mr	Your dear mr?
dialogue	train	you#3	have you heard that Netherfield Park is let at last	We were discussing you -- not me.
dialogue	train	xnone#0	But it is	I'm not sure I understand you fully.
dialogue	train	xnone#0	Long has just been here, and she told me all about it	I'm not sure I understand you fully.
dialogue	train	you#3	Do not you want to know who has taken it	We were discussing you -- not me.
dialogue	train	you#2	You_ want to tell me, and I have no objection to hearing it	Why do you think I want to tell you?
dialogue	train	my#2	Why, my dear, you must know, Mrs	Your dear I must know mrs?
dialogue	train	xnone#0	Long says that Netherfield is taken by a young man of large fortune from the north of England	I'm not sure I understand you fully.
dialogue	train	name#0	What is his name	I am not interested in names.
dialogue	train	xnone#0	Is he married or single	I'm not sure I understand you fully.
dialogue	train	my#2	Oh, single, my dear, to be sure	Your dear to be sure?
dialogue	train	xnone#0	A single man of large fortune	I'm not sure I understand you fully.
dialogue	val	xnone#0	four or five thousand a year	I'm not sure I understand you fully.
dialogue	train	what#0	What a fine thing for our girls	Why do you ask?
dialogue	train	what#0	how can it affect them	Why do you ask?
dialogue	train	what#0	how can you be so tiresome	Why do you ask?
dialogue	train	you#3	You must know that I am thinking of his marrying one of them	We were discussing you -- not me.
dialogue	train	xnone#0	Is that his design in settling here	I'm not sure I understand you fully.
dialogue	train	what#0	Nonsense, how can you talk so	Why do you ask?
dialogue	train	i#11	I see no occasion for that	You say you see no occasion for that?
dialogue	train	you#3	You and the girls may go--or you may send them by themselves, which perhaps will be still better	We were discussing you -- not me.
dialogue	train	you#1	for as you are as handsome as any of them, Mr	What makes you think I am as handsome as any of them mr?
dialogue	train	you#3	Bingley might like you the best of the party	We were discussing you -- not me.
dialogue	train	my#2	My dear, you flatter me	Your dear I flatter you?
dialogue	train	my#2	I certainly _have_ had my share of beauty, but I do not pretend to be anything extraordinary now	Your share of beauty but you do not pretend to be anything extraordinary now?
dialogue	train	what#0	When a woman has five grown-up daughters, she ought to give over thinking of her own beauty	Why do you ask?
dialogue	train	xnone#0	In such cases, a woman has not often much beauty to think of	I'm not sure I understand you fully.
dialogue	val	my#2	But, my dear, you must indeed go and see Mr	Your dear I must indeed go and see mr?
dialogue	val	what#0	Bingley when he comes into the neighbourhood	Why do you ask?
dialogue	train	i#10	It is more than I engage for, I assure you	Perhaps in your fantasies we engage for you assure each other.
dialogue	train	your#0	But consider your daughters	Why are you concerned over my daughters?
dialogue	val	what#0	Only think what an establishment it would be for one of them	Why do you ask?
dialogue	train	are#1	Sir William and Lady Lucas are determined to go, merely on that account	Did you think they might not be determined to go merely on that account?
dialogue	train	you#3	for in general, you know, they visit no new comers	We were discussing you -- not me.
dialogue	train	if#0	Indeed you must go, for it will be impossible for _us_ to visit him, if you do not	Do you think its likely that I do not?
dialogue	train	you#1	You are over scrupulous, surely	What makes you think I am over scrupulous surely?
dialogue	train	i#11	I dare say Mr	You say you dare say mr?
dialogue	val	you#3	Bingley will be very glad to see you	We were discussing you -- not me.
dialogue	train	i#0	I desire you will do no such thing	What would it mean to you if you got I will do no such thing?
dialogue	train	always#0	But you are always giving _her_ the preference	Can you think of a specific example?
dialogue	train	xnone#0	They have none of them much to recommend them	I'm not sure I understand you fully.
dialogue	train	alike#0	they are all silly and ignorant like other girls	In what way?
dialogue	train	xnone#0	but Lizzy has something more of quickness than her sisters	I'm not sure I understand you fully.
dialogue	train	what#0	Bennet, how can you abuse your own children in such a way	Why do you ask?
dialogue	train	you#2	You take delight in vexing me	Why do you think I take delight in vexing you?
dialogue	train	my#2	You have no compassion on my poor nerves	Your poor nerves?
dialogue	train	my#2	You mistake me, my dear	Your dear?
dialogue	train	i#11	I have a high respect for your nerves	You say you have a high respect for my nerves?
dialogue	train	my#2	They are my old friends	Your old friends?
dialogue	val	i#10	I have heard you mention them with consideration these twenty years at least	Perhaps in your fantasies we have heard each other.
dialogue	train	you#3	Ah, you do not know what I suffer	We were discussing you -- not me.
dialogue	train	if#0	It will be no use to us, if twenty such should come, since you will not visit them	Do you think its likely that twenty such should come since I will not visit them?
dialogue	train	my#2	Depend upon it, my dear, that when there are twenty, I will visit them all	Your dear that what there are twenty you will visit them all?
dialogue	train	xnone#0	Bingley will like it, Lizzy	I'm not sure I understand you fully.
dialogue	train	are#1	We are not in a way to know _what_ Mr	Did you think they might not be not in a way to know what mr?
dialogue	train	are#1	since we are not to visit	Did you think they might not be not to visit?
dialogue	train	you#3	But you forget, mamma	We were discussing you -- not me.
dialogue	train	xnone#0	that we shall meet him at the assemblies, and that Mrs	I'm not sure I understand you fully.
dialogue	train	xnone#0	Long has promised to introduce him	I'm not sure I understand you fully.
dialogue	val	i#11	I do not believe Mrs	You say you do not believe mrs?
dialogue	train	xnone#0	Long will do any such thing	I'm not sure I understand you fully.
dialogue	train	xnone#0	She has two nieces of her own	I'm not sure I understand you fully.
dialogue	train	i#11	She is a selfish, hypocritical woman, and I have no opinion of her	You say she is a selfish hypocritical woman and you have no opinion of her?
dialogue	train	no#0	No more have I	Are you saying no just to be negative?
dialogue	train	i#2	and I am glad to find that you do not depend on her serving you	How have I helped you to be glad?
dialogue	val	xnone#0	Don’t keep coughing so, Kitty, for heaven’s sake	I'm not sure I understand you fully.
dialogue	train	my#2	Have a little compassion on my nerves	Your nerves?
dialogue	train	you#3	You tear them to pieces	We were discussing you -- not me.
dialogue	train	no#0	Kitty has no discretion in her coughs	Are you saying no just to be negative?
dialogue	train	xnone#0	she times them ill	I'm not sure I understand you fully.
dialogue	train	my#2	I do not cough for my own amusement	Your own amusement?
dialogue	train	what#0	When is your next ball to be, Lizzy	Why do you ask?
dialogue	train	xnone#0	Ay, so it is	I'm not sure I understand you fully.
dialogue	val	xnone#0	Long does not come back till the day before	I'm not sure I understand you fully.
dialogue	train	xnone#0	so, it will be impossible for her to introduce him, for she will not know him herself	I'm not sure I understand you fully.
dialogue	train	my#2	Then, my dear, you may have the advantage of your friend, and introduce Mr	Your dear I may have the advantage of my friend and introduce mr?
dialogue	train	xnone#0	Bingley to _her	I'm not sure I understand you fully.
dialogue	train	what#0	Bennet, impossible, when I am not acquainted with him myself	Why do you ask?
dialogue	train	what#0	how can you be so teasing	Why do you ask?
dialogue	train	i#11	I honour your circumspection	You say you honour my circumspection?
dialogue	train	yes#0	A fortnight’s acquaintance is certainly very little	You seem to be quite positive.
dialogue	train	what#0	One cannot know what a man really is by the end of a fortnight	Why do you ask?
dialogue	train	if#0	But if _we_ do not venture, somebody else will	Do you think its likely that we do not venture somebody else will?
dialogue	train	xnone#0	and after all, Mrs	I'm not sure I understand you fully.
dialogue	val	xnone#0	Long and her nieces must stand their chance	I'm not sure I understand you fully.
dialogue	train	what#0	What can be the meaning of that emphatic exclamation	Why do you ask?
dialogue	train	you#3	Do you consider the forms of introduction, and the stress that is laid on them, as nonsense	We were discussing you -- not me.
dialogue	train	i#7	I cannot quite agree with you _there	How do you think that you can't quite agree with I there?
dialogue	train	what#0	What say you, Mary	Why do you ask?
dialogue	train	you#1	For you are a young lady of deep reflection, I know, and read great books, and make extracts	What makes you think I am a young lady of deep reflection you know and read great books and make extracts?
dialogue	train	xnone#0	While Mary is adjusting her ideas	I'm not sure I understand you fully.
dialogue	train	xnone#0	let us return to Mr	I'm not sure I understand you fully.
dialogue	train	i#1	I am sick of Mr	I am sorry to hear that you are sick.
dialogue	val	i#6	I am sorry to hear _that	Is it because you are sorry to hear that that you came to me?
dialogue	train	what#0	but why did you not tell me so before	Why do you ask?
dialogue	train	if#0	If I had known as much this morning, I certainly would not have called on him	Do you think its likely that you had known as much this morning you yes would not have called on him?
dialogue	train	xnone#0	It is very unlucky	I'm not sure I understand you fully.
dialogue	train	i#11	but as I have actually paid the visit, we cannot escape the acquaintance now	You say but as you have actually paid the visit we cannot escape the acquaintance now?
dialogue	train	my#2	How good it was in you, my dear Mr	Your dear mr?
dialogue	train	i#10	But I knew I should persuade you at last	Perhaps in your fantasies we knew you should persuade each other.
dialogue	train	was#1	I was sure you loved your girls too well to neglect such an acquaintance	Were you really?
dialogue	train	what#0	Well, how pleased I am	Why do you ask?
dialogue	train	you#3	Now, Kitty, you may cough as much as you choose	We were discussing you -- not me.
dialogue	train	what#0	What an excellent father you have, girls	Why do you ask?
dialogue	train	i#10	I do not know how you will ever make him amends for his kindness	Perhaps in your fantasies we do not know what each other.
dialogue	train	xnone#0	or me either, for that matter	I'm not sure I understand you fully.
dialogue	train	your#0	but for your sakes we would do anything	Why are you concerned over my sakes we would do anything?
dialogue	train	my#2	Lydia, my love, though you _are_ the youngest, I dare say Mr	Your love though I are the youngest you dare say mr?
dialogue	train	you#3	Bingley will dance with you at the next ball	We were discussing you -- not me.
dialogue	val	i#6	I am not afraid	Is it because you are not afraid that you came to me?
dialogue	train	i#6	for though I _am_ the youngest, I’m the tallest	Is it because you are the youngest you are the tallest that you came to me?
dialogue	val	if#0	If I can but see one of my daughters happily settled at Netherfield	Do you think its likely that you can but see one of your daughters happily settled at netherfield?
dialogue	train	i#11	and all the others equally well married, I shall have nothing to wish for	You say and all the others equally well married you shall have nothing to wish for?
dialogue	train	i#10	I must have you dance	Perhaps in your fantasies we must have each other.
dialogue	train	i#10	I hate to see you standing about by yourself in this stupid manner	Perhaps in your fantasies we hate to see each other.
dialogue	train	you#3	You had much better dance	We were discussing you -- not me.
dialogue	train	i#11	I certainly shall not	You say you yes shall not?
dialogue	train	my#2	You know how I detest it, unless I am particularly acquainted with my partner	Your partner?
dialogue	train	xnone#0	At such an assembly as this, it would be insupportable	I'm not sure I understand you fully.
dialogue	train	i#10	I would not be so fastidious as you are	Perhaps in your fantasies we would not be so fastidious as each other.
dialogue	train	xnone#0	for a kingdom	I'm not sure I understand you fully.
dialogue	train	are#1	and there are several of them, you see, uncommonly pretty	Did you think they might not be several of them I see uncommonly pretty?
dialogue	train	you#1	You_ are dancing with the only handsome girl in the room	What makes you think I am dancing with the only handsome girl in the room?
dialogue	train	i#11	Oh, she is the most beautiful creature I ever beheld	You say oh she is the most beautiful creature you ever beheld?
dialogue	train	my#2	Do let me ask my partner to introduce you	Your partner to introduce I?
dialogue	train	you#3	Which do you mean	We were discussing you -- not me.
dialogue	train	xnone#0	She is tolerable: but not handsome enough to tempt _me	I'm not sure I understand you fully.
dialogue	train	my#2	Oh, my dear Mr	Your dear mr?
dialogue	train	xnone#0	we have had a most delightful evening, a most excellent ball	I'm not sure I understand you fully.
dialogue	train	you#3	I wish you had been there	We were discussing you -- not me.
dialogue	train	alike#0	Jane was so admired, nothing could be like it	In what way?
dialogue	train	everyone#0	Everybody said how well she looked	Really, everybody?
dialogue	train	xnone#0	Bingley thought her quite beautiful, and danced with her twice	I'm not sure I understand you fully.
dialogue	train	my#2	Only think of _that_, my dear: he actually danced with her twice	Your dear he actually danced with her twice?
dialogue	val	xnone#0	and she was the only creature in the room that he asked a second time	I'm not sure I understand you fully.
dialogue	train	xnone#0	First of all, he asked Miss Lucas	I'm not sure I understand you fully.
dialogue	train	was#1	I was so vexed to see him stand up with her	Were you really?
dialogue	train	xnone#0	but, however, he did not admire her at all	I'm not sure I understand you fully.
dialogue	train	everyone#0	indeed, nobody can, you know	Really, nobody?
dialogue	train	xnone#0	and he seemed quite struck with Jane as she was going down the dance	I'm not sure I understand you fully.
dialogue	train	what#0	So he inquired who she was, and got introduced, and asked her for the two next	Why do you ask?
dialogue	train	if#0	If he had had any compassion for _me	Do you think its likely that he had had any compassion for you?
dialogue	train	xnone#0	he would not have danced half so much	I'm not sure I understand you fully.
dialogue	train	no#0	For God’s sake, say no more of his partners	Are you saying no just to be negative?
dialogue	train	xnone#0	O that he had sprained his ancle in the first dance	I'm not sure I understand you fully.
dialogue	train	my#2	Oh, my dear	Your dear?
dialogue	train	i#6	I am quite delighted with him	Is it because you are quite delighted with him that you came to me?
dialogue	train	xnone#0	He is so excessively handsome	I'm not sure I understand you fully.
dialogue	train	are#1	and his sisters are charming women	Did you think they might not be charming women?
dialogue	train	my#2	I never in my life saw anything more elegant than their dresses	Your life saw anything more elegant than their dresses?
dialogue	train	i#11	I dare say the lace upon Mrs	You say you dare say the lace upon mrs?
dialogue	train	i#10	But I can assure you	Perhaps in your fantasies we can assure each other.
dialogue	train	xnone#0	that Lizzy does not lose much by not suiting _his_ fancy	I'm not sure I understand you fully.
dialogue	train	xnone#0	for he is a most disagreeable, horrid man, not at all worth pleasing	I'm not sure I understand you fully.
dialogue	train	no#0	So high and so conceited, that there was no enduring him	Are you saying no just to be negative?
dialogue	train	xnone#0	He walked here, and he walked there, fancying himself so very great	I'm not sure I understand you fully.
dialogue	train	xnone#0	Not handsome enough to dance with	I'm not sure I understand you fully.
dialogue	train	my#2	I wish you had been there, my dear, to have given him one of your set-downs	Your dear to have given him one of my set downs?
dialogue	train	i#11	I quite detest the man	You say you quite detest the man?
dialogue	train	what#0	He is just what a young man ought to be	Why do you ask?
dialogue	train	xnone#0	sensible, good-humoured, lively	I'm not sure I understand you fully.
dialogue	train	i#11	and I never saw such happy manners	You say and you never saw such happy manners?
dialogue	train	xnone#0	so much ease, with such perfect good breeding	I'm not sure I understand you fully.
dialogue	train	xnone#0	He is also handsome	I'm not sure I understand you fully.
dialogue	train	if#0	which a young man ought likewise to be if he possibly can	Do you think its likely that he possibly can?
dialogue	train	xnone#0	His character is thereby complete	I'm not sure I understand you fully.
dialogue	train	was#1	I was very much flattered by his asking me to dance a second time	Were you really?
dialogue	train	i#11	I did not expect such a compliment	You say you did not expect such a compliment?
dialogue	train	you#3	Did not you	We were discussing you -- not me.
dialogue	train	i#10	I_ did for you	Perhaps in your fantasies we did for each other.
dialogue	train	xnone#0	But that is one great difference between us	I'm not sure I understand you fully.
dialogue	val	always#0	Compliments always take _you_ by surprise, and _me_ never	Can you think of a specific example?
dialogue	train	what#0	What could be more natural than his asking you again	Why do you ask?
dialogue	train	no#0	No thanks to his gallantry for that	Are you saying no just to be negative?
dialogue	train	alike#0	Well, he certainly is very agreeable, and I give you leave to like him	In what way?
dialogue	train	you#3	You have liked many a stupider person	We were discussing you -- not me.
dialogue	train	alike#0	Oh, you are a great deal too apt, you know, to like people in general	In what way?
dialogue	train	you#3	You never see a fault in anybody	We were discussing you -- not me.
dialogue	train	are#1	All the world are good and agreeable in your eyes	Did you think they might not be good and agreeable in my eyes?
dialogue	train	my#2	I never heard you speak ill of a human being in my life	Your life?
dialogue	train	i#11	I would wish not to be hasty in censuring anyone	You say you would wish not to be hasty in censuring anyone?
dialogue	train	always#0	but I always speak what I think	Can you think of a specific example?
dialogue	train	i#10	I know you do: and it is _that_ which makes the wonder	Perhaps in your fantasies we know each other.
dialogue	train	your#0	With _your_ good sense, to be so honestly blind to the follies and nonsense of others	Why are you concerned over my good sense to be so honestly blind to the follies and nonsense of others?
dialogue	train	xnone#0	Affectation of candour is common enough	I'm not sure I understand you fully.
dialogue	train	xnone#0	one meets with it everywhere	I'm not sure I understand you fully.
dialogue	train	you#3	And so, you like this man’s sisters, too, do you	We were discussing you -- not me.
dialogue	train	are#1	Their manners are not equal to his	Did you think they might not be not equal to his?
dialogue	train	yes#0	Certainly not, at first	You seem to be quite positive.
dialogue	train	are#1	but they are very pleasing women when you converse with them	Did you think they might not be very pleasing women what I converse with them?
dialogue	train	xnone#0	Miss Bingley is to live with her brother, and keep his house	I'm not sure I understand you fully.
dialogue	train	if#0	and I am much mistaken if we shall not find a very charming neighbour in her	Do you think its likely that we shall not find a very charming neighbour in her?
dialogue	train	you#3	You_ began the evening well, Charlotte	We were discussing you -- not me.
dialogue	train	you#3	You_ were Mr	We were discussing you -- not me.
dialogue	train	xnone#0	Bingley’s first choice	I'm not sure I understand you fully.
dialogue	train	xnone#0	but he seemed to like his second better	I'm not sure I understand you fully.
dialogue	train	you#3	Oh, you mean Jane, I suppose, because he danced with her twice	We were discussing you -- not me.
dialogue	train	perhaps#0	Perhaps you mean what I overheard between him and Mr	You don't seem quite certain.
dialogue	train	i#10	Robinson: did not I mention it to you	Perhaps in your fantasies we mention it to each other.
dialogue	train	my#2	Upon my word	Your word?
dialogue	train	my#2	My_ overhearings were more to the purpose than _yours_, Eliza	Your overhearings was more to the purpose than yours eliza?
dialogue	train	xnone#0	Darcy is not so well worth listening to as his friend, is he	I'm not sure I understand you fully.
dialogue	train	xnone#0	to be only just _tolerable	I'm not sure I understand you fully.
dialogue	train	are#0	Are you quite sure, ma’am	Why are you interested in whether I am quite sure maam or not?
dialogue	train	xnone#0	Is not there a little mistake	I'm not sure I understand you fully.
dialogue	train	i#11	I certainly saw Mr	You say you yes saw mr?
dialogue	train	xnone#0	Darcy speaking to her	I'm not sure I understand you fully.
dialogue	train	because#0	Ay, because she asked him at last how he liked Netherfield, and he could not help answering her	Is that the real reason?
dialogue	train	xnone#0	but she said he seemed very angry at being spoke to	I'm not sure I understand you fully.
dialogue	train	xnone#0	Miss Bingley told me	I'm not sure I understand you fully.
dialogue	train	xnone#0	that he never speaks much unless among his intimate acquaintance	I'm not sure I understand you fully.
dialogue	train	xnone#0	With _them_ he is remarkably agreeable	I'm not sure I understand you fully.
dialogue	train	my#2	I do not believe a word of it, my dear	Your dear?
dialogue	train	if#0	If he had been so very agreeable, he would have talked to Mrs	Do you think its likely that he had been so very agreeable he would have talked to mrs?
dialogue	val	i#11	But I can guess how it was	You say but you can guess what it was?
dialogue	train	xnone#0	Long does not keep a carriage, and had to come to the ball in a hack chaise	I'm not sure I understand you fully.
dialogue	val	i#11	I do not mind his not talking to Mrs	You say you do not mind his not talking to mrs?
dialogue	train	i#11	but I wish he had danced with Eliza	You say but you wish he had danced with eliza?
dialogue	train	xnone#0	Another time, Lizzy	I'm not sure I understand you fully.
dialogue	train	if#0	I would not dance with _him_, if I were you	Do you think its likely that you was I?
dialogue	train	you#3	I believe, ma’am, I may safely promise you _never_ to dance with him	We were discussing you -- not me.
dialogue	train	because#0	does not offend _me_ so much as pride often does, because there is an excuse for it	Is that the real reason?
dialogue	val	if#0	If I may so express it, he has a _right_ to be proud	Do you think its likely that you may so express it he has a right to be proud?
dialogue	train	xnone#0	That is very true	I'm not sure I understand you fully.
dialogue	train	if#0	and I could easily forgive _his_ pride, if he had not mortified _mine	Do you think its likely that he had not mortified mine?
dialogue	train	i#11	is a very common failing, I believe	You say is a very common failing you believe?
dialogue	train	i#6	By all that I have ever read, I am convinced that it is very common indeed	Is it because you are convinced that it is very common indeed that you came to me?
dialogue	train	are#1	Vanity and pride are different things, though the words are often used synonymously	Did you think they might not be different things though the words are often used synonymously?
dialogue	train	xnone#0	A person may be proud without being vain	I'm not sure I understand you fully.
dialogue	train	xnone#0	Pride relates more to our opinion of ourselves	I'm not sure I understand you fully.
dialogue	val	what#0	vanity to what we would have others think of us	Why do you ask?
dialogue	train	if#0	If I were as rich as Mr	Do you think its likely that you was as rich as mr?
dialogue	train	was#1	I should not care how proud I was	Were you really?
dialogue	train	i#11	I would keep a pack of foxhounds, and drink a bottle of wine every day	You say you would keep a pack of foxhounds and drink a bottle of wine every day?
dialogue	train	you#3	Then you would drink a great deal more than you ought	We were discussing you -- not me.
dialogue	train	if#0	and if I were to see you at it, I should take away your bottle directly	Do you think its likely that you was to see I at it you should take away my bottle directly?
dialogue	train	perhaps#0	It may, perhaps, be pleasant	You don't seem quite certain.
dialogue	train	xnone#0	to be able to impose on the public in such a case	I'm not sure I understand you fully.
dialogue	train	xnone#0	but it is sometimes a disadvantage to be so very guarded	I'm not sure I understand you fully.
dialogue	train	xnone#0	and it will then be but poor consolation to believe the world equally in the dark	I'm not sure I understand you fully.
dialogue	train	xnone#0	We can all _begin_ freely--a slight preference is natural enough	I'm not sure I understand you fully.
dialogue	train	are#1	but there are very few of us who have heart enough to be really in love without encouragement	Did you think they might not be very few of us who have heart enough to be really in love without encouragement?
dialogue	train	xnone#0	In nine cases out of ten, a woman had better show _more_ affection than she feels	I'm not sure I understand you fully.
dialogue	train	your#0	Bingley likes your sister undoubtedly	Why are you concerned over my sister undoubtedly?
dialogue	val	if#0	but he may never do more than like her, if she does not help him on	Do you think its likely that she does not help him on?
dialogue	train	xnone#0	But she does help him on, as much as her nature will allow	I'm not sure I understand you fully.
dialogue	train	you#3	Remember, Eliza, that he does not know Jane’s disposition as you do	We were discussing you -- not me.
dialogue	val	if#0	Perhaps he must, if he sees enough of her	Do you think its likely that he sees enough of her?
dialogue	val	xnone#0	But though Bingley and Jane meet tolerably often, it is never for many hours together	I'm not sure I understand you fully.
dialogue	train	xnone#0	Jane should therefore make the most of every half hour in which she can command his attention	I'm not sure I understand you fully.
dialogue	train	your#0	Your plan is a good one	Why are you concerned over my plan is a good one?
dialogue	train	what#0	where nothing is in question but the desire of being well married	Why do you ask?
dialogue	train	are#1	But these are not Jane’s feelings	Did you think they might not be not janes feelings?
dialogue	train	xnone#0	she is not acting by design	I'm not sure I understand you fully.
dialogue	train	xnone#0	As yet she cannot even be certain of the degree of her own regard, nor of its reasonableness	I'm not sure I understand you fully.
dialogue	train	xnone#0	She has known him only a fortnight	I'm not sure I understand you fully.
dialogue	train	xnone#0	She danced four dances with him at Meryton	I'm not sure I understand you fully.
dialogue	train	xnone#0	This is not quite enough to make her understand his character	I'm not sure I understand you fully.
dialogue	train	you#3	Not as you represent it	We were discussing you -- not me.
dialogue	train	xnone#0	Had she merely _dined_ with him, she might only have discovered whether he had a good appetite	I'm not sure I understand you fully.
dialogue	train	my#2	I wish Jane success with all my heart	Your heart?
dialogue	train	xnone#0	Happiness in marriage is entirely a matter of chance	I'm not sure I understand you fully.
dialogue	train	always#0	They always continue to grow sufficiently unlike afterwards to have their share of vexation	Can you think of a specific example?
dialogue	train	you#2	You make me laugh, Charlotte	Why do you think I make you?
dialogue	val	xnone#0	but it is not sound	I'm not sure I understand you fully.
dialogue	train	you#3	You know it is not sound, and that you would never act in this way yourself	We were discussing you -- not me.
dialogue	train	what#0	What does Mr	Why do you ask?
dialogue	train	my#2	by listening to my conversation with Colonel Forster	Your conversation with colonel forster?
dialogue	train	xnone#0	That is a question which Mr	I'm not sure I understand you fully.
dialogue	train	xnone#0	Darcy only can answer	I'm not sure I understand you fully.
dialogue	train	you#3	Did not you think, Mr	We were discussing you -- not me.
dialogue	train	xnone#0	With great energy	I'm not sure I understand you fully.
dialogue	train	always#0	but it is a subject which always makes a lady energetic	Can you think of a specific example?
dialogue	train	you#1	You are severe on us	What makes you think I am severe on us?
dialogue	train	xnone#0	It will be _her_ turn soon to be teased	I'm not sure I understand you fully.
dialogue	train	i#6	I am going to open the instrument, Eliza, and you know what follows	Is it because you are going to open the instrument eliza and I know what follows that you came to me?
dialogue	train	you#1	You are a very strange creature by way of a friend	What makes you think I am a very strange creature by way of a friend?
dialogue	train	everyone#0	always wanting me to play and sing before anybody and everybody	Really, everybody?
dialogue	val	if#0	If my vanity had taken a musical turn, you would have been invaluable	Do you think its likely that your vanity had taken a musical turn I would have been invaluable?
dialogue	train	if#0	if it must be so, it must	Do you think its likely that it must be so it must?
dialogue	train	what#0	What a charming amusement for young people this is, Mr	Why do you ask?
dialogue	train	alike#0	There is nothing like dancing, after all	In what way?
dialogue	train	i#11	I consider it as one of the first refinements of polished societies	You say you consider it as one of the first refinements of polished societies?
dialogue	train	your#0	Your friend performs delightfully	Why are you concerned over my friend performs delightfully?
dialogue	train	i#10	and I doubt not that you are an adept in the science yourself, Mr	Perhaps in your fantasies we doubt not that each other.
dialogue	val	you#2	You saw me dance at Meryton, I believe, sir	Why do you think I saw you?
dialogue	train	yes#0	Yes, indeed, and received no inconsiderable pleasure from the sight	You seem to be quite positive.
dialogue	train	you#3	Do you often dance at St	We were discussing you -- not me.
dialogue	train	you#3	Do you not think it would be a proper compliment to the place	We were discussing you -- not me.
dialogue	train	if#0	It is a compliment which I never pay to any place if I can avoid it	Do you think its likely that you can avoid it?
dialogue	val	you#3	You have a house in town, I conclude	We were discussing you -- not me.
dialogue	train	i#6	I had once some thoughts of fixing in town myself, for I am fond of superior society	Is it because you are fond of superior society that you came to me?
dialogue	val	i#11	but I did not feel quite certain that the air of London would agree with Lady Lucas	You say but you did not feel quite certain that the air of london would agree with lady lucas?
dialogue	val	my#2	My dear Miss Eliza, why are not you dancing	Your dear miss eliza why are not I dancing?
dialogue	val	you#2	Darcy, you must allow me to present this young lady to you as a very desirable partner	Why do you think I must allow you?
dialogue	train	you#3	You cannot refuse to dance, I am sure, when so much beauty is before you	We were discussing you -- not me.
dialogue	train	i#11	Indeed, sir, I have not the least intention of dancing	You say indeed sir you have not the least intention of dancing?
dialogue	train	i#10	I entreat you not to suppose that I moved this way in order to beg for a partner	Perhaps in your fantasies we entreat each other.
dialogue	train	xnone#0	Darcy is all politeness	I'm not sure I understand you fully.
dialogue	train	my#2	He is, indeed: but considering the inducement, my dear Miss Eliza, we cannot wonder at his complaisance	Your dear miss eliza we cannot wonder at his complaisance?
dialogue	train	what#0	for who would object to such a partner	Why do you ask?
dialogue	val	i#11	I can guess the subject of your reverie	You say you can guess the subject of my reverie?
dialogue	train	i#11	I should imagine not	You say you should imagine not?
dialogue	train	you#1	You are considering how insupportable it would be to pass many evenings in this manner,--in such society	What makes you think I am considering what insupportable it would be to pass many evenings in this manner in such society?
dialogue	train	i#6	and, indeed, I am quite of your opinion	Is it because you are quite of my opinion that you came to me?
dialogue	train	was#1	I was never more annoyed	Were you really?
dialogue	train	xnone#0	The insipidity, and yet the noise--the nothingness, and yet the self-importance, of all these people	I'm not sure I understand you fully.
dialogue	train	what#0	What would I give to hear your strictures on them	Why do you ask?
dialogue	train	your#0	Your conjecture is totally wrong, I assure you	Why are you concerned over my conjecture is totally wrong you assure I?
dialogue	train	my#2	My mind was more agreeably engaged	Your mind was more agreeably engaged?
dialogue	train	xnone#0	Miss Elizabeth Bennet	I'm not sure I understand you fully.
dialogue	train	i#6	I am all astonishment	Is it because you are all astonishment that you came to me?
dialogue	train	what#0	How long has she been such a favourite	Why do you ask?
dialogue	train	what#0	and pray when am I to wish you joy	Why do you ask?
dialogue	train	i#10	That is exactly the question which I expected you to ask	Perhaps in your fantasies we expected each other.
dialogue	train	xnone#0	A lady’s imagination is very rapid	I'm not sure I understand you fully.
dialogue	train	xnone#0	it jumps from admiration to love, from love to matrimony, in a moment	I'm not sure I understand you fully.
dialogue	train	i#10	I knew you would be wishing me joy	Perhaps in your fantasies we knew each other.
dialogue	train	if#0	Nay, if you are so serious about it, I shall consider the matter as absolutely settled	Do you think its likely that I are so serious about it you shall consider the matter as absolutely settled?
dialogue	train	always#0	You will have a charming mother-in-law, indeed, and of course she will be always at Pemberley with you	Can you think of a specific example?
dialogue	train	i#6	I have suspected it some time, but I am now convinced	Is it because you are now convinced that you came to me?
dialogue	train	my#2	I am astonished, my dear	Your dear?
dialogue	train	you#3	that you should be so ready to think your own children silly	We were discussing you -- not me.
dialogue	train	if#0	If I wished to think slightingly of anybody’s children, it should not be of my own, however	Do you think its likely that you wished to think slightingly of anybodys children it should not be of your own however?
dialogue	train	if#0	If my children are silly, I must hope to be always sensible of it	Do you think its likely that your children are silly you must hope to be always sensible of it?
dialogue	train	are#1	but as it happens, they are all of them very clever	Did you think they might not be all of them very clever?
dialogue	train	i#11	This is the only point, I flatter myself, on which we do not agree	You say this is the only point you flatter yourself on which we do not agree?
dialogue	train	you#3	Bennet, you must not expect such girls to have the sense of their father and mother	We were discussing you -- not me.
dialogue	train	i#11	and I thought Colonel Forster looked very becoming the other night at Sir William’s in his regimentals	You say and you thought colonel forster looked very becoming the other night at sir williams in his regimentals?
dialogue	train	xnone#0	she sees them now very often standing in Clarke’s library	I'm not sure I understand you fully.
dialogue	train	what#0	Well, Jane, who is it from	Why do you ask?
dialogue	train	what#0	What is it about	Why do you ask?
dialogue	train	what#0	What does he say	Why do you ask?
dialogue	train	xnone#0	Well, Jane, make haste and tell us	I'm not sure I understand you fully.
dialogue	train	my#2	make haste, my love	Your love?
dialogue	train	xnone#0	It is from Miss Bingley	I'm not sure I understand you fully.
dialogue	train	xnone#0	for a whole day’s _tête-à-tête_ between two women can never end without a quarrel	I'm not sure I understand you fully.
dialogue	train	you#3	Come as soon as you can on the receipt of this	We were discussing you -- not me.
dialogue	train	my#1	My brother and the gentlemen are to dine with the officers	Tell me more about your family.
dialogue	train	xnone#0	Yours ever, “CAROLINE BINGLEY	I'm not sure I understand you fully.
dialogue	train	xnone#0	With the officers	I'm not sure I understand you fully.
dialogue	train	my#2	I wonder my aunt did not tell us of _that	Your aunt did not tell us of that?
dialogue	val	xnone#0	that is very unlucky	I'm not sure I understand you fully.
dialogue	train	can#1	Can I have the carriage	Whether or not you can have the carriage depends on you more than me.
dialogue	train	my#2	No, my dear, you had better go on horseback, because it seems likely to rain	Your dear I had better go on horseback because it seems likely to rain?
dialogue	train	you#3	and then you must stay all night	We were discussing you -- not me.
dialogue	train	xnone#0	That would be a good scheme	I'm not sure I understand you fully.
dialogue	train	if#0	if you were sure that they would not offer to send her home	Do you think its likely that I was sure that they would not offer to send her home?
dialogue	val	xnone#0	Oh, but the gentlemen will have Mr	I'm not sure I understand you fully.
dialogue	train	xnone#0	Bingley’s chaise to go to Meryton	I'm not sure I understand you fully.
dialogue	train	no#0	and the Hursts have no horses to theirs	Are you saying no just to be negative?
dialogue	val	i#11	I had much rather go in the coach	You say you had much rather go in the coach?
dialogue	train	my#1	But, my dear, your father cannot spare the horses, I am sure	Tell me more about your family.
dialogue	train	are#1	They are wanted in the farm, Mr	Did you think they might not be wanted in the farm mr?
dialogue	train	are#1	Bennet, are not they	Did you think they might not be not they?
dialogue	train	are#1	They are wanted in the farm much oftener than I can get them	Did you think they might not be wanted in the farm much oftener than you can get them?
dialogue	train	if#0	But if you have got them to-day	Do you think its likely that I have got them to day?
dialogue	train	my#2	my mother’s purpose will be answered	Your mothers purpose will be answered?
dialogue	train	xnone#0	This was a lucky idea of mine, indeed	I'm not sure I understand you fully.
dialogue	val	my#2	My kind friends will not hear of my returning home till I am better	Your kind friends will not hear of your returning home till you are better?
dialogue	train	my#2	They insist also on my seeing Mr	Your seeing mr?
dialogue	val	my#2	Well, my dear	Your dear?
dialogue	train	your#0	Bingley, and under your orders	Why are you concerned over my orders?
dialogue	train	i#6	Oh, I am not at all afraid of her dying	Is it because you are not at all afraid of her dying that you came to me?
dialogue	val	xnone#0	People do not die of little trifling colds	I'm not sure I understand you fully.
dialogue	train	xnone#0	She will be taken good care of	I'm not sure I understand you fully.
dialogue	train	xnone#0	As long as she stays there, it is all very well	I'm not sure I understand you fully.
dialogue	train	if#0	I would go and see her if I could have the carriage	Do you think its likely that you could have the carriage?
dialogue	train	what#0	How can you be so silly	Why do you ask?
dialogue	train	xnone#0	as to think of such a thing, in all this dirt	I'm not sure I understand you fully.
dialogue	train	you#3	You will not be fit to be seen when you get there	We were discussing you -- not me.
dialogue	val	i#0	I shall be very fit to see Jane--which is all I want	What would it mean to you if you got ?
dialogue	train	xnone#0	Is this a hint to me, Lizzy	I'm not sure I understand you fully.
dialogue	train	xnone#0	to send for the horses	I'm not sure I understand you fully.
dialogue	train	i#11	I do not wish to avoid the walk	You say you do not wish to avoid the walk?
dialogue	train	what#0	The distance is nothing, when one has a motive	Why do you ask?
dialogue	train	xnone#0	only three miles	I'm not sure I understand you fully.
dialogue	train	i#11	I shall be back by dinner	You say you shall be back by dinner?
dialogue	train	i#11	I admire the activity of your benevolence	You say you admire the activity of my benevolence?
dialogue	train	xnone#0	but every impulse of feeling should be guided by reason	I'm not sure I understand you fully.
dialogue	train	my#2	and, in my opinion, exertion should always be in proportion to what is required	Your opinion exertion should always be in proportion to what is required?
dialogue	train	you#3	We will go as far as Meryton with you	We were discussing you -- not me.
dialogue	train	if#0	If we make haste	Do you think its likely that we make haste?
dialogue	train	perhaps#0	perhaps we may see something of Captain Carter, before he goes	You don't seem quite certain.
dialogue	train	xnone#0	She has nothing, in short, to recommend her, but being an excellent walker	I'm not sure I understand you fully.
dialogue	train	i#11	I shall never forget her appearance this morning	You say you shall never forget her appearance this morning?
dialogue	train	xnone#0	She really looked almost wild	I'm not sure I understand you fully.
dialogue	train	xnone#0	She did indeed, Louisa	I'm not sure I understand you fully.
dialogue	train	my#2	I could hardly keep my countenance	Your countenance?
dialogue	train	xnone#0	Very nonsensical to come at all	I'm not sure I understand you fully.
dialogue	train	what#0	Why must _she_ be scampering about the country, because her sister had a cold	Why do you ask?
dialogue	train	xnone#0	Her hair so untidy, so blowzy	I'm not sure I understand you fully.
dialogue	train	yes#0	Yes, and her petticoat	You seem to be quite positive.
dialogue	train	your#0	Your picture may be very exact, Louisa	Why are you concerned over my picture may be very exact louisa?
dialogue	train	xnone#0	but this was all lost upon me	I'm not sure I understand you fully.
dialogue	train	i#11	I thought Miss Elizabeth Bennet looked remarkably well when she came into the room this morning	You say you thought miss elizabeth bennet looked remarkably well what she came into the room this morning?
dialogue	val	my#2	Her dirty petticoat quite escaped my notice	Your notice?
dialogue	train	you#3	You_ observed it, Mr	We were discussing you -- not me.
dialogue	train	i#6	Darcy, I am sure	Is it because you are sure that you came to me?
dialogue	val	what#0	what could she mean by it	Why do you ask?
dialogue	train	xnone#0	It seems to me to show an abominable sort of conceited independence, a most country-town indifference to decorum	I'm not sure I understand you fully.
dialogue	train	xnone#0	It shows an affection for her sister that is very pleasing	I'm not sure I understand you fully.
dialogue	train	i#6	I am afraid, Mr	Is it because you are afraid mr that you came to me?
dialogue	train	your#0	that this adventure has rather affected your admiration of her fine eyes	Why are you concerned over my admiration of her fine eyes?
dialogue	train	xnone#0	Not at all	I'm not sure I understand you fully.
dialogue	train	xnone#0	they were brightened by the exercise	I'm not sure I understand you fully.
dialogue	train	i#4	I think I have heard you say that their uncle is an attorney in Meryton	Do you really think so?
dialogue	train	what#0	and they have another, who lives somewhere near Cheapside	Why do you ask?
dialogue	train	xnone#0	That is capital	I'm not sure I understand you fully.
dialogue	train	if#0	If they had uncles enough to fill _all_ Cheapside	Do you think its likely that they had uncles enough to fill all cheapside?
dialogue	train	xnone#0	it would not make them one jot less agreeable	I'm not sure I understand you fully.
dialogue	train	xnone#0	But it must very materially lessen their chance of marrying men of any consideration in the world	I'm not sure I understand you fully.
dialogue	train	you#3	Do you prefer reading to cards	We were discussing you -- not me.
dialogue	train	xnone#0	that is rather singular	I'm not sure I understand you fully.
dialogue	train	xnone#0	Miss Eliza Bennet	I'm not sure I understand you fully.
dialogue	train	no#0	She is a great reader, and has no pleasure in anything else	Are you saying no just to be negative?
dialogue	train	i#11	I deserve neither such praise nor such censure	You say you deserve neither such praise nor such censure?
dialogue	train	i#6	I am _not_ a great reader, and I have pleasure in many things	Is it because you are not a great reader and you have pleasure in many things that you came to me?
dialogue	train	your#0	In nursing your sister I am sure you have pleasure	Why are you concerned over my sister you are sure I have pleasure?
dialogue	train	i#11	and I hope it will soon be increased by seeing her quite well	You say and you hope it will soon be increased by seeing her quite well?
dialogue	train	my#2	And I wish my collection were larger for your benefit and my own credit	Your collection was larger for my benefit and your own credit?
dialogue	val	i#6	but I am an idle fellow	Is it because you are an idle fellow that you came to me?
dialogue	train	i#11	and though I have not many, I have more than I ever looked into	You say and though you have not many you have more than you ever looked into?
dialogue	train	i#6	I am astonished	Is it because you are astonished that you came to me?
dialogue	train	my#1	that my father should have left so small a collection of books	Tell me more about your family.
dialogue	train	what#0	What a delightful library you have at Pemberley, Mr	Why do you ask?
dialogue	train	xnone#0	It ought to be good	I'm not sure I understand you fully.
dialogue	train	xnone#0	it has been the work of many generations	I'm not sure I understand you fully.
dialogue	val	always#0	And then you have added so much to it yourself--you are always buying books	Can you think of a specific example?
dialogue	train	i#7	I cannot comprehend the neglect of a family library in such days as these	How do you think that you can't comprehend the neglect of a family library in such days as these?
dialogue	train	i#6	I am sure you neglect nothing that can add to the beauties of that noble place	Is it because you are sure I neglect nothing that can add to the beauties of that noble place that you came to me?
dialogue	train	what#0	Charles, when you build _your_ house, I wish it may be half as delightful as Pemberley	Why do you ask?
dialogue	train	i#11	I wish it may	You say you wish it may?
dialogue	train	xnone#0	There is not a finer county in England than Derbyshire	I'm not sure I understand you fully.
dialogue	val	if#0	With all my heart: I will buy Pemberley itself, if Darcy will sell it	Do you think its likely that darcy will sell it?
dialogue	train	i#6	I am talking of possibilities, Charles	Is it because you are talking of possibilities charles that you came to me?
dialogue	val	my#2	Upon my word, Caroline, I should think it more possible to get Pemberley by purchase than by imitation	Your word caroline you should think it more possible to get pemberley by purchase than by imitation?
dialogue	train	xnone#0	Is Miss Darcy much grown since the spring	I'm not sure I understand you fully.
dialogue	val	i#6	will she be as tall as I am	Is it because you are  that you came to me?
dialogue	train	i#11	I think she will	You say you think she will?
dialogue	train	xnone#0	She is now about Miss Elizabeth Bennet’s height, or rather taller	I'm not sure I understand you fully.
dialogue	train	what#0	How I long to see her again	Why do you ask?
dialogue	train	i#11	I never met with anybody who delighted me so much	You say you never met with anybody who delighted you so much?
dialogue	train	xnone#0	Such a countenance, such manners, and so extremely accomplished for her age	I'm not sure I understand you fully.
dialogue	train	xnone#0	Her performance on the pianoforte is exquisite	I'm not sure I understand you fully.
dialogue	train	xnone#0	It is amazing to me	I'm not sure I understand you fully.
dialogue	train	what#0	how young ladies can have patience to be so very accomplished as they all are	Why do you ask?
dialogue	train	xnone#0	All young ladies accomplished	I'm not sure I understand you fully.
dialogue	train	my#2	My dear Charles, what do you mean	Your dear charles what do I mean?
dialogue	train	yes#0	Yes, all of them, I think	You seem to be quite positive.
dialogue	train	xnone#0	They all paint tables, cover screens, and net purses	I'm not sure I understand you fully.
dialogue	train	i#11	I scarcely know any one who cannot do all this	You say you scarcely know any one who cannot do all this?
dialogue	train	your#0	Your list of the common extent of accomplishments	Why are you concerned over my list of the common extent of accomplishments?
dialogue	train	xnone#0	has too much truth	I'm not sure I understand you fully.
dialogue	val	i#6	but I am very far from agreeing with you in your estimation of ladies in general	Is it because you are very far from agreeing with I in my estimation of ladies in general that you came to me?
dialogue	train	i#6	Nor I, I am sure	Is it because you are sure that you came to me?
dialogue	train	you#3	you must comprehend a great deal in your idea of an accomplished woman	We were discussing you -- not me.
dialogue	train	i#11	I do comprehend a great deal in it	You say you do comprehend a great deal in it?
dialogue	train	no#0	no one can be really esteemed accomplished who does not greatly surpass what is usually met with	Are you saying no just to be negative?
dialogue	train	xnone#0	All this she must possess	I'm not sure I understand you fully.
dialogue	train	i#6	I am no longer surprised at your knowing _only_ six accomplished women	Is it because you are no longer surprised at my knowing only six accomplished women that you came to me?
dialogue	train	i#11	I rather wonder now at your knowing _any	You say you rather wonder now at my knowing any?
dialogue	train	are#0	Are you so severe upon your own sex as to doubt the possibility of all this	Why are you interested in whether I am so severe upon my own sex as to doubt the possibility of all this or not?
dialogue	train	i#11	I_ never saw such a woman	You say you never saw such a woman?
dialogue	train	i#10	I_ never saw such capacity, and taste, and application, and elegance, as you describe, united	Perhaps in your fantasies we never saw such capacity and taste and application and elegance as each other.
dialogue	train	i#11	and with many men, I daresay, it succeeds	You say and with many men you daresay it succeeds?
dialogue	train	my#2	but, in my opinion, it is a paltry device, a very mean art	Your opinion it is a paltry device a very mean art?
dialogue	train	xnone#0	there is meanness in _all_ the arts which ladies sometimes condescend to employ for captivation	I'm not sure I understand you fully.
dialogue	train	xnone#0	Whatever bears affinity to cunning is despicable	I'm not sure I understand you fully.
dialogue	train	i#11	Indeed I have, sir	You say indeed you have sir?
dialogue	train	xnone#0	She is a great deal too ill to be moved	I'm not sure I understand you fully.
dialogue	train	xnone#0	Jones says we must not think of moving her	I'm not sure I understand you fully.
dialogue	train	your#0	We must trespass a little longer on your kindness	Why are you concerned over my kindness?
dialogue	train	xnone#0	It must not be thought of	I'm not sure I understand you fully.
dialogue	val	my#1	My sister, I am sure, will not hear of her removal	Tell me more about your family.
dialogue	train	you#3	You may depend upon it, madam	We were discussing you -- not me.
dialogue	train	xnone#0	that Miss Bennet shall receive every possible attention while she remains with us	I'm not sure I understand you fully.
dialogue	train	i#6	I am sure	Is it because you are sure that you came to me?
dialogue	train	my#2	I often tell my other girls they are nothing to _her	Your other girls they are nothing to her?
dialogue	train	you#3	You have a sweet room here, Mr	We were discussing you -- not me.
dialogue	train	xnone#0	Bingley, and a charming prospect over that gravel walk	I'm not sure I understand you fully.
dialogue	train	i#11	I do not know a place in the country that is equal to Netherfield	You say you do not know a place in the country that is equal to netherfield?
dialogue	train	i#11	Whatever I do is done in a hurry	You say whatever you do is done in a hurry?
dialogue	val	if#0	and therefore if I should resolve to quit Netherfield, I should probably be off in five minutes	Do you think its likely that you should resolve to quit netherfield you should probably be off in five minutes?
dialogue	train	i#11	At present, however, I consider myself as quite fixed here	You say at present however you consider yourself as quite fixed here?
dialogue	train	what#0	That is exactly what I should have supposed of you	Why do you ask?
dialogue	train	you#2	You begin to comprehend me, do you	Why do you think I begin to comprehend you?
dialogue	train	yes#0	Oh yes--I understand you perfectly	You seem to be quite positive.
dialogue	train	i#4	I wish I might take this for a compliment	Do you really think so?
dialogue	train	i#6	but to be so easily seen through, I am afraid, is pitiful	Is it because you are afraid is pitiful that you came to me?
dialogue	train	xnone#0	That is as it happens	I'm not sure I understand you fully.
dialogue	train	i#11	I did not know before	You say you did not know before?
dialogue	train	you#3	that you were a studier of character	We were discussing you -- not me.
dialogue	train	xnone#0	It must be an amusing study	I'm not sure I understand you fully.
dialogue	train	are#1	but intricate characters are the _most_ amusing	Did you think they might not be the most amusing?
dialogue	train	xnone#0	They have at least that advantage	I'm not sure I understand you fully.
dialogue	train	xnone#0	can in general supply but few subjects for such a study	I'm not sure I understand you fully.
dialogue	train	you#3	In a country neighbourhood you move in a very confined and unvarying society	We were discussing you -- not me.
dialogue	val	xnone#0	But people themselves alter so much, that there is something new to be observed in them for ever	I'm not sure I understand you fully.
dialogue	train	i#10	I assure you there is quite as much of _that_ going on in the country as in town	Perhaps in your fantasies we assure each other.
dialogue	train	xnone#0	The country is a vast deal pleasanter, is not it, Mr	I'm not sure I understand you fully.
dialogue	train	what#0	When I am in the country	Why do you ask?
dialogue	val	i#11	I never wish to leave it	You say you never wish to leave it?
dialogue	val	alike#0	and when I am in town, it is pretty much the same	In what way?
dialogue	train	i#11	They have each their advantages, and I can be equally happy in either	You say they have each their advantages and you can be equally happy in either?
dialogue	train	because#0	Ay, that is because you have the right disposition	Is that the real reason?
dialogue	train	xnone#0	But that gentleman	I'm not sure I understand you fully.
dialogue	train	xnone#0	seemed to think the country was nothing at all	I'm not sure I understand you fully.
dialogue	train	you#1	Indeed, mamma, you are mistaken	What makes you think I am mistaken?
dialogue	train	you#3	You quite mistook Mr	We were discussing you -- not me.
dialogue	train	my#2	Certainly, my dear, nobody said there were	Your dear nobody said there was?
dialogue	train	i#11	but as to not meeting with many people in this neighbourhood, I believe there are few neighbourhoods larger	You say but as to not meeting with many people in this neighbourhood you believe there are few neighbourhoods larger?
dialogue	train	i#11	I know we dine with four-and-twenty families	You say you know we dine with four and twenty families?
dialogue	train	yes#0	Yes, she called yesterday with her father	You seem to be quite positive.
dialogue	train	what#0	What an agreeable man Sir William is, Mr	Why do you ask?
dialogue	train	xnone#0	Bingley--is not he	I'm not sure I understand you fully.
dialogue	train	xnone#0	so much the man of fashion	I'm not sure I understand you fully.
dialogue	train	xnone#0	so genteel and so easy	I'm not sure I understand you fully.
dialogue	train	everyone#0	He has always something to say to everybody	Really, everybody?
dialogue	train	my#2	That_ is my idea of good breeding	Your idea of good breeding?
dialogue	train	what#0	and those persons who fancy themselves very important and never open their mouths quite mistake the matter	Why do you ask?
dialogue	train	you#3	Did Charlotte dine with you	We were discussing you -- not me.
dialogue	train	no#0	No, she would go home	Are you saying no just to be negative?
dialogue	train	i#11	I fancy she was wanted about the mince-pies	You say you fancy she was wanted about the mince pies?
dialogue	train	my#2	For my part, Mr	Your part mr?
dialogue	train	always#0	Bingley, _I_ always keep servants that can do their own work	Can you think of a specific example?
dialogue	train	my#2	my_ daughters are brought up differently	Your daughters are brought up differently?
dialogue	train	are#1	It is a pity they are not handsome	Did you think they might not be not handsome?
dialogue	train	i#11	Not that _I_ think Charlotte so _very_ plain	You say not that you think charlotte so very plain?
dialogue	train	xnone#0	but then she is our particular friend	I'm not sure I understand you fully.
dialogue	train	xnone#0	She seems a very pleasant young woman	I'm not sure I understand you fully.
dialogue	train	yes#0	Oh dear, yes	You seem to be quite positive.
dialogue	train	you#3	but you must own she is very plain	We were discussing you -- not me.
dialogue	train	xnone#0	Lady Lucas herself has often said so, and envied me Jane’s beauty	I'm not sure I understand you fully.
dialogue	val	my#1	I do not like to boast of my own child	Tell me more about your family.
dialogue	val	xnone#0	but to be sure, Jane--one does not often see anybody better looking	I'm not sure I understand you fully.
dialogue	val	everyone#0	It is what everybody says	Really, everybody?
dialogue	train	my#2	I do not trust my own partiality	Your own partiality?
dialogue	train	xnone#0	But, however, he did not	I'm not sure I understand you fully.
dialogue	train	perhaps#0	Perhaps he thought her too young	You don't seem quite certain.
dialogue	train	xnone#0	However, he wrote some verses on her, and very pretty they were	I'm not sure I understand you fully.
dialogue	val	xnone#0	And so ended his affection	I'm not sure I understand you fully.
dialogue	train	alike#0	There has been many a one, I fancy, overcome in the same way	In what way?
dialogue	train	i#11	I wonder who first discovered the efficacy of poetry in driving away love	You say you wonder who first discovered the efficacy of poetry in driving away love?
dialogue	train	i#11	I have been used to consider poetry as the _food_ of love	You say you have been used to consider poetry as the food of love?
dialogue	train	xnone#0	Of a fine, stout, healthy love it may	I'm not sure I understand you fully.
dialogue	train	what#0	Everything nourishes what is strong already	Why do you ask?
dialogue	train	my#2	I am perfectly ready, I assure you, to keep my engagement	Your engagement?
dialogue	train	name#0	and, when your sister is recovered, you shall, if you please, name the very day of the ball	I am not interested in names.
dialogue	train	you#3	But you would not wish to be dancing while she is ill	We were discussing you -- not me.
dialogue	train	yes#0	Oh yes--it would be much better to wait till Jane was well	You seem to be quite positive.
dialogue	val	xnone#0	and by that time, most likely, Captain Carter would be at Meryton again	I'm not sure I understand you fully.
dialogue	train	what#0	And when you have given _your_ ball	Why do you ask?
dialogue	train	i#11	I shall insist on their giving one also	You say you shall insist on their giving one also?
dialogue	train	if#0	I shall tell Colonel Forster it will be quite a shame if he does not	Do you think its likely that he does not?
dialogue	train	what#0	How delighted Miss Darcy will be to receive such a letter	Why do you ask?
dialogue	train	you#3	You write uncommonly fast	We were discussing you -- not me.
dialogue	train	you#1	You are mistaken	What makes you think I am mistaken?
dialogue	train	i#11	I write rather slowly	You say you write rather slowly?
dialogue	train	what#0	How many letters you must have occasion to write in the course of a year	Why do you ask?
dialogue	train	xnone#0	Letters of business, too	I'm not sure I understand you fully.
dialogue	train	what#0	How odious I should think them	Why do you ask?
dialogue	train	my#2	It is fortunate, then, that they fall to my lot instead of to yours	Your lot instead of to yours?
dialogue	train	your#0	Pray tell your sister that I long to see her	Why are you concerned over my sister that you long to see her?
dialogue	train	i#11	I have already told her so once, by your desire	You say you have already told her so once by my desire?
dialogue	val	alike#0	I am afraid you do not like your pen	In what way?
dialogue	train	you#3	Let me mend it for you	We were discussing you -- not me.
dialogue	train	i#11	I mend pens remarkably well	You say you mend pens remarkably well?
dialogue	val	my#2	Thank you--but I always mend my own	Your own?
dialogue	val	what#0	How can you contrive to write so even	Why do you ask?
dialogue	train	you#2	Will you give me leave to defer your raptures till I write again	Why do you think I give you?
dialogue	train	i#11	At present I have not room to do them justice	You say at present you have not room to do them justice?
dialogue	val	no#0	Oh, it is of no consequence	Are you saying no just to be negative?
dialogue	train	i#11	I shall see her in January	You say you shall see her in january?
dialogue	val	always#0	But do you always write such charming long letters to her, Mr	Can you think of a specific example?
dialogue	train	are#1	They are generally long	Did you think they might not be generally long?
dialogue	train	always#0	but whether always charming, it is not for me to determine	Can you think of a specific example?
dialogue	train	xnone#0	That will not do for a compliment to Darcy, Caroline	I'm not sure I understand you fully.
dialogue	train	because#0	because he does _not_ write with ease	Is that the real reason?
dialogue	train	xnone#0	He studies too much for words of four syllables	I'm not sure I understand you fully.
dialogue	train	you#3	Do not you, Darcy	We were discussing you -- not me.
dialogue	val	my#2	My style of writing is very different from yours	Your style of writing is very different from yours?
dialogue	train	xnone#0	Charles writes in the most careless way imaginable	I'm not sure I understand you fully.
dialogue	train	xnone#0	He leaves out half his words, and blots the rest	I'm not sure I understand you fully.
dialogue	train	my#2	My ideas flow so rapidly that I have not time to express them	Your ideas flow so rapidly that you have not time to express them?
dialogue	train	my#2	by which means my letters sometimes convey no ideas at all to my correspondents	Your letters sometimes convey no ideas at all to your correspondents?
dialogue	train	your#0	Your humility, Mr	Why are you concerned over my humility mr?
dialogue	train	xnone#0	must disarm reproof	I'm not sure I understand you fully.
dialogue	train	xnone#0	Nothing is more deceitful	I'm not sure I understand you fully.
dialogue	train	xnone#0	than the appearance of humility	I'm not sure I understand you fully.
dialogue	train	xnone#0	It is often only carelessness of opinion, and sometimes an indirect boast	I'm not sure I understand you fully.
dialogue	train	my#2	And which of the two do you call _my_ little recent piece of modesty	Your little recent piece of modesty?
dialogue	val	xnone#0	The indirect boast	I'm not sure I understand you fully.
dialogue	train	what#0	When you told Mrs	Why do you ask?
dialogue	train	xnone#0	this is too much, to remember at night all the foolish things that were said in the morning	I'm not sure I understand you fully.
dialogue	train	i#10	I daresay you believed it	Perhaps in your fantasies we daresay each other.
dialogue	train	i#6	but I am by no means convinced that you would be gone with such celerity	Is it because you are by no means convinced that I would be gone with such celerity that you came to me?
dialogue	train	your#0	Your conduct would be quite as dependent on chance as that of any man I know	Why are you concerned over my conduct would be quite as dependent on chance as that of any man you know?
dialogue	train	you#3	You have only proved by this	We were discussing you -- not me.
dialogue	train	xnone#0	Bingley did not do justice to his own disposition	I'm not sure I understand you fully.
dialogue	train	you#3	You have shown him off now much more than he did himself	We were discussing you -- not me.
dialogue	val	i#6	I am exceedingly gratified	Is it because you are exceedingly gratified that you came to me?
dialogue	train	my#2	by your converting what my friend says into a compliment on the sweetness of my temper	Your friend says into a compliment on the sweetness of your temper?
dialogue	train	i#6	But I am afraid you are giving it a turn which that gentleman did by no means intend	Is it because you are afraid I are giving it a turn which that gentleman did by no means intend that you came to me?
dialogue	val	my#2	Upon my word, I cannot exactly explain the matter--Darcy must speak for himself	Your word you cannot exactly explain the matter darcy must speak for himself?
dialogue	train	no#0	To yield readily--easily--to the _persuasion_ of a friend is no merit with you	Are you saying no just to be negative?
dialogue	train	no#0	To yield without conviction is no compliment to the understanding of either	Are you saying no just to be negative?
dialogue	train	you#2	You appear to me, Mr	Why do you think I appear to you?
dialogue	train	xnone#0	Darcy, to allow nothing for the influence of friendship and affection	I'm not sure I understand you fully.
dialogue	train	i#6	I am not particularly speaking of such a case as you have supposed about Mr	Is it because you are not particularly speaking of such a case as I have supposed about mr that you came to me?
dialogue	train	xnone#0	By all means	I'm not sure I understand you fully.
dialogue	val	what#0	at his own house especially, and of a Sunday evening, when he has nothing to do	Why do you ask?
dialogue	train	i#11	I see your design, Bingley	You say you see my design bingley?
dialogue	train	you#3	You dislike an argument, and want to silence this	We were discussing you -- not me.
dialogue	train	perhaps#0	Perhaps I do	You don't seem quite certain.
dialogue	train	alike#0	Arguments are too much like disputes	In what way?
dialogue	train	you#2	and then you may say whatever you like of me	Why do you think I may say whatever I like of you?
dialogue	train	what#0	What you ask	Why do you ask?
dialogue	train	my#2	is no sacrifice on my side	Your side?
dialogue	train	xnone#0	Darcy had much better finish his letter	I'm not sure I understand you fully.
dialogue	train	you#3	Do you not feel a great inclination, Miss Bennet, to seize such an opportunity of dancing a reel	We were discussing you -- not me.
dialogue	train	i#10	I heard you before	Perhaps in your fantasies we heard each other.
dialogue	train	i#11	but I could not immediately determine what to say in reply	You say but you could not immediately determine what to say in reply?
dialogue	train	xnone#0	Also Georgiana Wife of the Above	I'm not sure I understand you fully.
dialogue	train	your#0	Hold your noise	Why are you concerned over my noise?
dialogue	train	you#3	Keep still, you little devil, or I’ll cut your throat	We were discussing you -- not me.
dialogue	train	my#2	Don’t cut my throat, sir	Your throat sir?
dialogue	train	xnone#0	Pray don’t do it, sir	I'm not sure I understand you fully.
dialogue	val	name#0	Tell us your name	I am not interested in names.
dialogue	train	xnone#0	Give it mouth	I'm not sure I understand you fully.
dialogue	train	what#0	Show us where you live	Why do you ask?
dialogue	train	xnone#0	Pint out the place	I'm not sure I understand you fully.
dialogue	train	you#3	You young dog	We were discussing you -- not me.
dialogue	train	what#0	what fat cheeks you ha’ got	Why do you ask?
dialogue	val	if#0	Darn me if I couldn’t eat ’em	Do you think its likely that you couldnt eat em?
dialogue	train	if#0	and if I han’t half a mind to’t	Do you think its likely that you hant half a mind tot?
dialogue	train	xnone#0	Now lookee here	I'm not sure I understand you fully.
dialogue	train	your#0	Where’s your mother	Why are you concerned over my mother?
dialogue	train	my#1	That’s my mother	Tell me more about your family.
dialogue	train	your#0	And is that your father alonger your mother	Why are you concerned over my father alonger my mother?
dialogue	train	xnone#0	late of this parish	I'm not sure I understand you fully.
dialogue	train	my#2	Who d’ye live with,—supposin’ you’re kindly let to live, which I han’t made up my mind about	Your mind about?
dialogue	train	my#1	My sister, sir,—Mrs	Tell me more about your family.
dialogue	train	xnone#0	Joe Gargery,—wife of Joe Gargery, the blacksmith, sir	I'm not sure I understand you fully.
dialogue	train	you#1	the question being whether you’re to be let to live	What makes you think I am to be let to live?
dialogue	val	you#3	You know what a file is	We were discussing you -- not me.
dialogue	val	you#3	And you know what wittles is	We were discussing you -- not me.
dialogue	train	you#2	You get me a file	Why do you think I get you?
dialogue	train	you#2	And you get me wittles	Why do you think I get you?
dialogue	val	you#2	You bring ’em both to me	Why do you think I bring em both to you?
dialogue	train	your#0	Or I’ll have your heart and liver out	Why are you concerned over my heart and liver out?
dialogue	train	you#2	You bring me, to-morrow morning early, that file and them wittles	Why do you think I bring you?
dialogue	train	you#2	You bring the lot to me, at that old Battery over yonder	Why do you think I bring the lot to you?
dialogue	train	i#6	Now, I ain’t alone, as you may think I am	Is it because you are  that you came to me?
dialogue	train	i#6	There’s a young man hid with me, in comparison with which young man I am a Angel	Is it because you are a angel that you came to me?
dialogue	train	i#11	That young man hears the words I speak	You say that young man hears the words you speak?
dialogue	train	xnone#0	It is in wain for a boy to attempt to hide himself from that young man	I'm not sure I understand you fully.
dialogue	train	i#6	I am a keeping that young man from harming of you at the present moment, with great difficulty	Is it because you are a keeping that young man from harming of I at the present moment with great difficulty that you came to me?
dialogue	train	i#11	I find it wery hard to hold that young man off of your inside	You say you find it wery hard to hold that young man off of my inside?
dialogue	train	what#0	Now, what do you say	Why do you ask?
dialogue	train	if#0	Say Lord strike you dead if you don’t	Do you think its likely that I dont?
dialogue	val	you#3	you remember what you’ve undertook, and you remember that young man, and you get home	We were discussing you -- not me.
dialogue	train	xnone#0	Goo-good night, sir	I'm not sure I understand you fully.
dialogue	val	xnone#0	Much of that	I'm not sure I understand you fully.
dialogue	train	was#1	I wish I was a frog	Were you really?
dialogue	val	xnone#0	Or a eel	I'm not sure I understand you fully.
dialogue	train	you#3	Joe has been out a dozen times, looking for you, Pip	We were discussing you -- not me.
dialogue	train	xnone#0	And she’s out now, making it a baker’s dozen	I'm not sure I understand you fully.
dialogue	train	xnone#0	and what’s worse, she’s got Tickler with her	I'm not sure I understand you fully.
dialogue	train	xnone#0	She sot down	I'm not sure I understand you fully.
dialogue	train	xnone#0	and she got up, and she made a grab at Tickler, and she Ram-paged out	I'm not sure I understand you fully.
dialogue	train	what#0	That’s what she did	Why do you ask?
dialogue	train	xnone#0	she Ram-paged out, Pip	I'm not sure I understand you fully.
dialogue	val	xnone#0	Has she been gone long, Joe	I'm not sure I understand you fully.
dialogue	train	xnone#0	she’s been on the Ram-page, this last spell, about five minutes, Pip	I'm not sure I understand you fully.
dialogue	train	you#3	Get behind the door, old chap, and have the jack-towel betwixt you	We were discussing you -- not me.
dialogue	train	what#0	Where have you been, you young monkey	Why do you ask?
dialogue	train	i#11	I have only been to the churchyard	You say you have only been to the churchyard?
dialogue	train	if#0	If it warn’t for me you’d have been to the churchyard long ago, and stayed there	Do you think its likely that it warnt for you youd have been to the churchyard long ago and stayed there?
dialogue	train	what#0	Who brought you up by hand	Why do you ask?
dialogue	train	what#0	And why did I do it, I should like to know	Why do you ask?
dialogue	train	xnone#0	I’d never do it again	I'm not sure I understand you fully.
dialogue	train	i#11	I know that	You say you know that?
dialogue	train	i#10	I may truly say I’ve never had this apron of mine off since born you were	Perhaps in your fantasies we may truly say ive never had this apron of mine off since born each other.
dialogue	train	your#0	It’s bad enough to be a blacksmith’s wife (and him a Gargery) without being your mother	Why are you concerned over my mother?
dialogue	val	you#3	You may well say churchyard, you two	We were discussing you -- not me.
dialogue	val	xnone#0	What’s the matter _now	I'm not sure I understand you fully.
dialogue	train	i#10	I say, you know	Perhaps in your fantasies we say each other.
dialogue	train	xnone#0	Pip, old chap	I'm not sure I understand you fully.
dialogue	train	xnone#0	You’ll do yourself a mischief	I'm not sure I understand you fully.
dialogue	val	xnone#0	It’ll stick somewhere	I'm not sure I understand you fully.
dialogue	train	you#3	You can’t have chawed it, Pip	We were discussing you -- not me.
dialogue	train	if#0	If you can cough any trifle on it up, Pip, I’d recommend you to do it	Do you think its likely that I can cough any trifle on it up pip id recommend I to do it?
dialogue	train	your#0	Manners is manners, but still your elth’s your elth	Why are you concerned over my elths my elth?
dialogue	train	perhaps#0	Now, perhaps you’ll mention what’s the matter	You don't seem quite certain.
dialogue	train	you#3	you staring great stuck pig	We were discussing you -- not me.
dialogue	train	you#3	You know, Pip	We were discussing you -- not me.
dialogue	train	always#0	you and me is always friends, and I’d be the last to tell upon you, any time	Can you think of a specific example?
dialogue	train	xnone#0	But such a	I'm not sure I understand you fully.
dialogue	train	xnone#0	such a most oncommon Bolt as that	I'm not sure I understand you fully.
dialogue	train	xnone#0	Been bolting his food, has he	I'm not sure I understand you fully.
dialogue	train	you#3	You know, old chap	We were discussing you -- not me.
dialogue	train	was#1	I Bolted, myself, when I was your age—frequent—and as a boy I’ve been among a many Bolters	Were you really?
dialogue	train	i#10	but I never see your Bolting equal yet, Pip, and it’s a mercy you ain’t Bolted dead	Perhaps in your fantasies we never see my bolting equal yet pip and its a mercy each other.
dialogue	train	you#3	You come along and be dosed	We were discussing you -- not me.
dialogue	val	because#0	because he had had a turn	Is that the real reason?
dialogue	train	xnone#0	was that great guns, Joe	I'm not sure I understand you fully.
dialogue	train	xnone#0	There’s another conwict off	I'm not sure I understand you fully.
dialogue	train	what#0	What does that mean, Joe	Why do you ask?
dialogue	train	xnone#0	What’s a convict	I'm not sure I understand you fully.
dialogue	train	xnone#0	There was a conwict off last night	I'm not sure I understand you fully.
dialogue	train	xnone#0	And they fired warning of him	I'm not sure I understand you fully.
dialogue	train	xnone#0	And now it appears they’re firing warning of another	I'm not sure I understand you fully.
dialogue	train	xnone#0	Drat that boy	I'm not sure I understand you fully.
dialogue	val	what#0	what a questioner he is	Why do you ask?
dialogue	train	no#0	Ask no questions, and you’ll be told no lies	Are you saying no just to be negative?
dialogue	train	if#0	I should like to know—if you wouldn’t much mind—where the firing comes from	Do you think its likely that I wouldnt much mind where the firing comes from?
dialogue	train	xnone#0	Lord bless the boy	I'm not sure I understand you fully.
dialogue	train	xnone#0	From the Hulks	I'm not sure I understand you fully.
dialogue	train	i#10	Well, I told you so	Perhaps in your fantasies we told each other.
dialogue	train	xnone#0	And please, what’s Hulks	I'm not sure I understand you fully.
dialogue	train	xnone#0	That’s the way with this boy	I'm not sure I understand you fully.
dialogue	train	you#3	Answer him one question, and he’ll ask you a dozen directly	We were discussing you -- not me.
dialogue	train	are#1	Hulks are prison-ships, right ’cross th’ meshes	Did you think they might not be prison ships right cross th meshes?
dialogue	train	i#11	I wonder who’s put into prison-ships, and why they’re put there	You say you wonder whos put into prison ships and why theyre put there?
dialogue	train	i#10	I tell you what, young fellow	Perhaps in your fantasies we tell each other.
dialogue	val	i#10	I didn’t bring you up by hand to badger people’s lives out	Perhaps in your fantasies we didnt bring each other.
dialogue	train	if#0	It would be blame to me and not praise, if I had	Do you think its likely that you had?
dialogue	val	always#0	and they always begin by asking questions	Can you think of a specific example?
dialogue	train	you#3	Now, you get along to bed	We were discussing you -- not me.
dialogue	val	xnone#0	Get up, Mrs	I'm not sure I understand you fully.
dialogue	train	xnone#0	A boy with somebody else’s pork pie	I'm not sure I understand you fully.
dialogue	train	xnone#0	Halloa, young thief	I'm not sure I understand you fully.
dialogue	val	i#11	I couldn’t help it, sir	You say you couldnt help it sir?
dialogue	train	i#11	It wasn’t for myself I took it	You say it wasnt for yourself you took it?
dialogue	train	xnone#0	It’s the young man	I'm not sure I understand you fully.
dialogue	train	xnone#0	What’s in the bottle, boy	I'm not sure I understand you fully.
dialogue	train	you#3	I think you have got the ague	We were discussing you -- not me.
dialogue	val	i#6	I’m much of your opinion, boy	Is it because you are much of my opinion boy that you came to me?
dialogue	train	xnone#0	It’s bad about here	I'm not sure I understand you fully.
dialogue	train	xnone#0	You’ve been lying out on the meshes, and they’re dreadful aguish	I'm not sure I understand you fully.
dialogue	train	my#2	I’ll eat my breakfast afore they’re the death of me	Your breakfast afore theyre the death of you?
dialogue	train	you#3	I’ll beat the shivers so far, I’ll bet you	We were discussing you -- not me.
dialogue	train	you#1	You’re not a deceiving imp	What makes you think I am not a deceiving imp?
dialogue	train	you#3	You brought no one with you	We were discussing you -- not me.
dialogue	train	no#0	Nor giv’ no one the office to follow you	Are you saying no just to be negative?
dialogue	train	you#3	I believe you	We were discussing you -- not me.
dialogue	train	i#2	I am glad you enjoy it	How have I helped you to be glad?
dialogue	train	was#1	I said I was glad you enjoyed it	Were you really?
dialogue	train	my#2	Thankee, my boy	Your boy?
dialogue	train	i#6	I am afraid you won’t leave any of it for him	Is it because you are afraid I wont leave any of it for him that you came to me?
dialogue	train	no#0	There’s no more to be got where that came from	Are you saying no just to be negative?
dialogue	train	xnone#0	Leave any for him	I'm not sure I understand you fully.
dialogue	train	xnone#0	The young man	I'm not sure I understand you fully.
dialogue	train	you#3	That you spoke of	We were discussing you -- not me.
dialogue	train	you#3	That was hid with you	We were discussing you -- not me.
dialogue	train	no#0	He_ don’t want no wittles	Are you saying no just to be negative?
dialogue	train	if#0	I thought he looked as if he did	Do you think its likely that he did?
dialogue	train	was#2	over there, where I found him nodding asleep, and thought it was you	Would you like to believe I was ?
dialogue	train	you#3	Dressed like you, you know, only with a hat	We were discussing you -- not me.
dialogue	train	alike#0	and with—the same reason for wanting to borrow a file	In what way?
dialogue	train	you#3	Didn’t you hear the cannon last night	We were discussing you -- not me.
dialogue	train	xnone#0	Then there _was_ firing	I'm not sure I understand you fully.
dialogue	train	i#10	I wonder you shouldn’t have been sure of that	Perhaps in your fantasies we wonder each other.
dialogue	train	xnone#0	for we heard it up at home, and that’s farther away, and we were shut in besides	I'm not sure I understand you fully.
dialogue	train	what#0	Why, see now	Why do you ask?
dialogue	val	xnone#0	Hears his number called, hears himself challenged, hears the rattle of the muskets, hears the orders ‘Make ready	I'm not sure I understand you fully.
dialogue	train	xnone#0	Cover him steady, men	I'm not sure I understand you fully.
dialogue	train	xnone#0	and is laid hands on—and there’s nothin	I'm not sure I understand you fully.
dialogue	train	xnone#0	And as to firing	I'm not sure I understand you fully.
dialogue	train	what#0	Why, I see the mist shake with the cannon, arter it was broad day,—But this man	Why do you ask?
dialogue	train	you#3	did you notice anything in him	We were discussing you -- not me.
dialogue	train	xnone#0	He had a badly bruised face	I'm not sure I understand you fully.
dialogue	train	what#0	Where is he	Why do you ask?
dialogue	train	xnone#0	Show me the way he went	I'm not sure I understand you fully.
dialogue	train	xnone#0	I’ll pull him down, like a bloodhound	I'm not sure I understand you fully.
dialogue	train	my#2	Curse this iron on my sore leg	Your sore leg?
dialogue	train	xnone#0	Give us hold of the file, boy	I'm not sure I understand you fully.
dialogue	val	what#0	And where the deuce ha’ _you_ been	Why do you ask?
dialogue	train	you#3	You might ha’ done worse	We were discussing you -- not me.
dialogue	train	my#2	I’m rather partial to Carols, myself, and that’s the best of reasons for my never hearing any	Your never hearing any?
dialogue	train	i#11	for I ain’t	You say for you aint?
dialogue	train	are#1	Ye are now to declare it	Did you think they might not be now to declare it?
dialogue	train	my#2	You have heard my friend overhead	Your friend overhead?
dialogue	val	your#0	oblige me with your opinion of this style	Why are you concerned over my opinion of this style?
dialogue	train	xnone#0	O, Un—cle Pum-ble—chook	I'm not sure I understand you fully.
dialogue	train	xnone#0	This _is_ kind	I'm not sure I understand you fully.
dialogue	train	no#0	It’s no more than your merits	Are you saying no just to be negative?
dialogue	train	are#0	And now are you all bobbish, and how’s Sixpennorth of halfpence	Why are you interested in whether I am all bobbish and hows sixpennorth of halfpence or not?
dialogue	train	you#3	Do you hear that	We were discussing you -- not me.
dialogue	train	you#3	be grateful, boy, to them which brought you up by hand	We were discussing you -- not me.
dialogue	train	what#0	Why is it that the young are never grateful	Why do you ask?
dialogue	train	xnone#0	You’ve hit it, sir	I'm not sure I understand you fully.
dialogue	train	what#0	Plenty of subjects going about, for them that know how to put salt upon their tails	Why do you ask?
dialogue	train	xnone#0	That’s what’s wanted	I'm not sure I understand you fully.
dialogue	train	if#0	A man needn’t go far to find a subject, if he’s ready with his salt-box	Do you think its likely that hes ready with his salt box?
dialogue	train	xnone#0	Look at Pork alone	I'm not sure I understand you fully.
dialogue	train	xnone#0	There’s a subject	I'm not sure I understand you fully.
dialogue	train	if#0	If you want a subject, look at Pork	Do you think its likely that I want a subject look at pork?
dialogue	train	xnone#0	Many a moral for the young	I'm not sure I understand you fully.
dialogue	train	xnone#0	might be deduced from that text	I'm not sure I understand you fully.
dialogue	train	you#3	You listen to this	We were discussing you -- not me.
dialogue	train	xnone#0	swine were the companions of the prodigal	I'm not sure I understand you fully.
dialogue	train	xnone#0	The gluttony of Swine is put before us, as an example to the young	I'm not sure I understand you fully.
dialogue	val	what#0	What is detestable in a pig is more detestable in a boy	Why do you ask?
dialogue	train	xnone#0	Of course, or girl, Mr	I'm not sure I understand you fully.
dialogue	train	no#0	but there is no girl present	Are you saying no just to be negative?
dialogue	train	what#0	think what you’ve got to be grateful for	Why do you ask?
dialogue	train	if#0	If you’d been born a Squeaker	Do you think its likely that youd been born a squeaker?
dialogue	train	if#0	He _was_, if ever a child was	Do you think its likely that ever a child was?
dialogue	train	i#11	Well, but I mean a four-footed Squeaker	You say well but you mean a four footed squeaker?
dialogue	train	if#0	If you had been born such, would you have been here now	Do you think its likely that I had been born such would I have been here now?
dialogue	train	xnone#0	Unless in that form	I'm not sure I understand you fully.
dialogue	val	i#8	But I don’t mean in that form, sir	Don't you really mean in that form sir?
dialogue	train	xnone#0	Would he have been doing that	I'm not sure I understand you fully.
dialogue	train	no#0	No, he wouldn’t	Are you saying no just to be negative?
dialogue	train	what#0	And what would have been your destination	Why do you ask?
dialogue	train	no#0	No bringing up by hand then	Are you saying no just to be negative?
dialogue	train	xnone#0	Not a bit of it	I'm not sure I understand you fully.
dialogue	train	you#3	He was a world of trouble to you, ma’am	We were discussing you -- not me.
dialogue	val	xnone#0	Pork—regarded as biled—is rich, too	I'm not sure I understand you fully.
dialogue	train	xnone#0	Have a little brandy, uncle	I'm not sure I understand you fully.
dialogue	train	what#0	Why, how ever could Tar come there	Why do you ask?
dialogue	train	you#3	You must taste	We were discussing you -- not me.
dialogue	train	you#3	you must taste, to finish with, such a delightful and delicious present of Uncle Pumblechook’s	We were discussing you -- not me.
dialogue	val	you#3	You must know	We were discussing you -- not me.
dialogue	train	xnone#0	it’s a pie	I'm not sure I understand you fully.
dialogue	train	xnone#0	a savory pork pie	I'm not sure I understand you fully.
dialogue	train	xnone#0	Joe, we’ll do our best endeavours	I'm not sure I understand you fully.
dialogue	train	alike#0	let us have a cut at this same pie	In what way?
dialogue	train	you#3	a bit of savory pork pie would lay atop of anything you could mention, and do no harm	We were discussing you -- not me.
dialogue	train	you#3	You shall have some, Pip	We were discussing you -- not me.
dialogue	val	you#1	Here you are, look sharp, come on	What makes you think I am look sharp come on?
dialogue	train	xnone#0	Gracious goodness gracious me, what’s gone—with the—pie	I'm not sure I understand you fully.
dialogue	train	xnone#0	Excuse me, ladies and gentleman	I'm not sure I understand you fully.
dialogue	train	i#11	but as I have mentioned at the door to this smart young shaver	You say but as you have mentioned at the door to this smart young shaver?
dialogue	val	name#0	I am on a chase in the name of the king, and I want the blacksmith	I am not interested in names.
dialogue	train	what#0	And pray what might you want with _him	Why do you ask?
dialogue	train	i#11	speaking for myself, I should reply, the honour and pleasure of his fine wife’s acquaintance	You say speaking for yourself you should reply the honour and pleasure of his fine wifes acquaintance?
dialogue	train	i#11	speaking for the king, I answer, a little job done	You say speaking for the king you answer a little job done?
dialogue	train	you#3	You see, blacksmith	We were discussing you -- not me.
dialogue	train	are#1	As they are wanted for immediate service, will you throw your eye over them	Did you think they might not be wanted for immediate service will I throw my eye over them?
dialogue	train	you#3	Then will you set about it at once, blacksmith	We were discussing you -- not me.
dialogue	train	xnone#0	as it’s on his Majesty’s service	I'm not sure I understand you fully.
dialogue	train	if#0	And if my men can bear a hand anywhere, they’ll make themselves useful	Do you think its likely that your men can bear a hand anywhere theyll make themselves useful?
dialogue	train	you#2	Would you give me the time	Why do you think I give you?
dialogue	train	xnone#0	It’s just gone half past two	I'm not sure I understand you fully.
dialogue	train	xnone#0	That’s not so bad	I'm not sure I understand you fully.
dialogue	train	if#0	even if I was forced to halt here nigh two hours, that’ll do	Do you think its likely that you was forced to halt here nigh two hours thatll do?
dialogue	train	what#0	How far might you call yourselves from the marshes, hereabouts	Why do you ask?
dialogue	train	i#11	Not above a mile, I reckon	You say not above a mile you reckon?
dialogue	train	xnone#0	Just a mile	I'm not sure I understand you fully.
dialogue	train	xnone#0	We begin to close in upon ’em about dusk	I'm not sure I understand you fully.
dialogue	train	my#2	A little before dusk, my orders are	Your orders are?
dialogue	train	xnone#0	Anybody here seen anything of any such game	I'm not sure I understand you fully.
dialogue	train	i#11	they’ll find themselves trapped in a circle, I expect, sooner than they count on	You say theyll find themselves trapped in a circle you expect sooner than they count on?
dialogue	train	if#0	If you’re ready, his Majesty the King is	Do you think its likely that I are ready his majesty the king is?
dialogue	train	xnone#0	Give him wine, Mum	I'm not sure I understand you fully.
dialogue	train	no#0	I’ll engage there’s no tar in that	Are you saying no just to be negative?
dialogue	train	xnone#0	Good stuff, eh, sergeant	I'm not sure I understand you fully.
dialogue	train	you#3	I’ll tell you something	We were discussing you -- not me.
dialogue	train	i#11	I suspect that stuff’s of _your_ providing	You say you suspect that stuffs of my providing?
dialogue	train	you#1	you’re a man that knows what’s what	What makes you think I am a man that knows whats what?
dialogue	train	xnone#0	D’ye think so	I'm not sure I understand you fully.
dialogue	train	xnone#0	Have another glass	I'm not sure I understand you fully.
dialogue	train	xnone#0	Hob and nob	I'm not sure I understand you fully.
dialogue	train	xnone#0	the two villains	I'm not sure I understand you fully.
dialogue	train	i#11	I hope, Joe, we shan’t find them	You say you hope joe we shant find them?
dialogue	train	if#0	I’d give a shilling if they had cut and run, Pip	Do you think its likely that they had cut and run pip?
dialogue	train	xnone#0	at the double	I'm not sure I understand you fully.
dialogue	train	xnone#0	This way for the runaway convicts	I'm not sure I understand you fully.
dialogue	train	are#1	Here are both men	Did you think they might not be both men?
dialogue	train	you#3	Surrender, you two	We were discussing you -- not me.
dialogue	train	you#3	and confound you for two wild beasts	We were discussing you -- not me.
dialogue	val	i#11	I_ took him	You say you took him?
dialogue	train	i#10	I_ give him up to you	Perhaps in your fantasies we give him up to each other.
dialogue	train	xnone#0	It’s not much to be particular about	I'm not sure I understand you fully.
dialogue	train	alike#0	it’ll do you small good, my man, being in the same plight yourself	In what way?
dialogue	train	i#8	I don’t expect it to do me any good	Don't you really expect it to do you any good?
dialogue	train	i#8	I don’t want it to do me more good than it does now	Don't you really want it to do you more good than it does now?
dialogue	train	xnone#0	He knows it	I'm not sure I understand you fully.
dialogue	train	xnone#0	That’s enough for me	I'm not sure I understand you fully.
dialogue	train	xnone#0	Take notice, guard,—he tried to murder me	I'm not sure I understand you fully.
dialogue	val	xnone#0	Tried to murder him	I'm not sure I understand you fully.
dialogue	train	xnone#0	Try, and not do it	I'm not sure I understand you fully.
dialogue	train	i#11	I took him, and giv’ him up	You say you took him and giv him up?
dialogue	val	what#0	that’s what I done	Why do you ask?
dialogue	train	if#0	He’s a gentleman, if you please, this villain	Do you think its likely that I please this villain?
dialogue	train	xnone#0	Now, the Hulks has got its gentleman again, through me	I'm not sure I understand you fully.
dialogue	train	my#2	Worth my while, too, to murder him, when I could do worse and drag him back	Your while too to murder him what you could do worse and drag him back?
dialogue	val	xnone#0	He tried—he tried-to—murder me	I'm not sure I understand you fully.
dialogue	train	i#11	Single-handed I got clear of the prison-ship	You say single handed you got clear of the prison ship?
dialogue	train	i#11	I made a dash and I done it	You say you made a dash and you done it?
dialogue	train	xnone#0	Let _him_ go free	I'm not sure I understand you fully.
dialogue	val	i#11	Let _him_ profit by the means as I found out	You say let him profit by the means as you found out?
dialogue	train	xnone#0	Let _him_ make a tool of me afresh and again	I'm not sure I understand you fully.
dialogue	train	no#0	No, no, no	Are you saying no just to be negative?
dialogue	train	if#0	If I had died at the bottom there	Do you think its likely that you had died at the bottom there?
dialogue	train	xnone#0	He tried to murder me	I'm not sure I understand you fully.
dialogue	train	if#0	I should have been a dead man if you had not come up	Do you think its likely that I had not come up?
dialogue	train	xnone#0	He’s a liar born, and he’ll die a liar	I'm not sure I understand you fully.
dialogue	train	xnone#0	Look at his face	I'm not sure I understand you fully.
dialogue	train	xnone#0	ain’t it written there	I'm not sure I understand you fully.
dialogue	train	xnone#0	Let him turn those eyes of his on me	I'm not sure I understand you fully.
dialogue	train	i#11	I defy him to do it	You say you defy him to do it?
dialogue	val	you#3	Do you see him	We were discussing you -- not me.
dialogue	train	you#3	Do you see what a villain he is	We were discussing you -- not me.
dialogue	val	you#3	Do you see those grovelling and wandering eyes	We were discussing you -- not me.
dialogue	train	what#0	That’s how he looked when we were tried together	Why do you ask?
dialogue	train	xnone#0	He never looked at me	I'm not sure I understand you fully.
dialogue	train	you#1	You are not much to look at	What makes you think I am not much to look at?
dialogue	train	i#10	Didn’t I tell you	Perhaps in your fantasies we tell each other.
dialogue	train	if#0	that he would murder me, if he could	Do you think its likely that he could?
dialogue	train	xnone#0	Enough of this parley	I'm not sure I understand you fully.
dialogue	train	xnone#0	Light those torches	I'm not sure I understand you fully.
dialogue	train	you#1	You are expected on board	What makes you think I am expected on board?
dialogue	train	you#1	they know you are coming	What makes you think I am coming?
dialogue	train	my#2	Don’t straggle, my man	Your man?
dialogue	train	xnone#0	Close up here	I'm not sure I understand you fully.
dialogue	train	i#11	I wish to say something respecting this escape	You say you wish to say something respecting this escape?
dialogue	train	xnone#0	It may prevent some persons laying under suspicion alonger me	I'm not sure I understand you fully.
dialogue	train	you#3	You can say what you like	We were discussing you -- not me.
dialogue	train	you#3	but you have no call to say it here	We were discussing you -- not me.
dialogue	train	you#3	You’ll have opportunity enough to say about it, and hear about it, before it’s done with, you know	We were discussing you -- not me.
dialogue	train	i#11	I know, but this is another pint, a separate matter	You say you know but this is another pint a separate matter?
dialogue	train	xnone#0	A man can’t starve	I'm not sure I understand you fully.
dialogue	val	i#7	at least _I_ can’t	How do you think that you can't ?
dialogue	train	i#11	I took some wittles, up at the willage over yonder,—where the church stands a’most out on the marshes	You say you took some wittles up at the willage over yonder where the church stands amost out on the marshes?
dialogue	val	you#3	You mean stole	We were discussing you -- not me.
dialogue	val	you#3	And I’ll tell you where from	We were discussing you -- not me.
dialogue	train	xnone#0	From the blacksmith’s	I'm not sure I understand you fully.
dialogue	train	what#0	It was some broken wittles—that’s what it was—and a dram of liquor, and a pie	Why do you ask?
dialogue	train	you#3	Have you happened to miss such an article as a pie, blacksmith	We were discussing you -- not me.
dialogue	train	my#1	My wife did, at the very moment when you came in	Tell me more about your family.
dialogue	val	you#3	Don’t you know, Pip	We were discussing you -- not me.
dialogue	train	you#1	so you’re the blacksmith, are you	What makes you think I am the blacksmith are I?
dialogue	train	i#6	Than I’m sorry to say, I’ve eat your pie	Is it because you are sorry to say ive eat my pie that you came to me?
dialogue	train	you#1	God knows you’re welcome to it,—so far as it was ever mine	What makes you think I am welcome to it so far as it was ever mine?
dialogue	train	xnone#0	Would us, Pip	I'm not sure I understand you fully.
dialogue	train	you#3	Give way, you	We were discussing you -- not me.
dialogue	train	xnone#0	Was there ever such a boy as this	I'm not sure I understand you fully.
dialogue	train	xnone#0	wife of the Above	I'm not sure I understand you fully.
dialogue	train	alike#0	walk in the same all the days of my life	In what way?
dialogue	train	i#11	I say, Pip, old chap	You say you say pip old chap?
dialogue	train	what#0	what a scholar you are	Why do you ask?
dialogue	train	i#11	I should like to be	You say you should like to be?
dialogue	train	what#0	Why, here’s a J	Why do you ask?
dialogue	val	xnone#0	and a O equal to anythink	I'm not sure I understand you fully.
dialogue	train	xnone#0	Here’s a J and a O, Pip, and a J-O, Joe	I'm not sure I understand you fully.
dialogue	val	xnone#0	But read the rest, Jo	I'm not sure I understand you fully.
dialogue	train	xnone#0	The rest, eh, Pip	I'm not sure I understand you fully.
dialogue	train	xnone#0	One, two, three	I'm not sure I understand you fully.
dialogue	train	what#0	Why, here’s three Js, and three Os, and three J-O, Joes in it, Pip	Why do you ask?
dialogue	train	you#1	You ARE a scholar	What makes you think I am a scholar?
dialogue	train	what#0	How do you spell Gargery, Joe	Why do you ask?
dialogue	train	i#8	I don’t spell it at all	Don't you really spell it at all?
dialogue	train	you#3	But supposing you did	We were discussing you -- not me.
dialogue	train	xnone#0	It _can’t_ be supposed	I'm not sure I understand you fully.
dialogue	train	i#6	Tho’ I’m uncommon fond of reading, too	Is it because you are uncommon fond of reading too that you came to me?
dialogue	train	are#0	Are you, Joe	Why are you interested in whether I am joe or not?
dialogue	train	you#2	Didn’t you ever go to school, Joe, when you were as little as me	Why do you think I ever go to school joe what I was as little as you?
dialogue	train	what#0	Why didn’t you ever go to school, Joe, when you were as little as me	Why do you ask?
dialogue	train	you#3	I’ll tell you	We were discussing you -- not me.
dialogue	train	xnone#0	It were a’most the only hammering he did, indeed, ’xcepting at myself	I'm not sure I understand you fully.
dialogue	train	you#1	You’re a listening and understanding, Pip	What makes you think I am a listening and understanding pip?
dialogue	val	my#1	Consequence, my mother and me we ran away from my father several times	Tell me more about your family.
dialogue	train	my#1	and then my mother she’d go out to work, and she’d say, “Joe	Tell me more about your family.
dialogue	train	you#3	now, please God, you shall have some schooling, child	We were discussing you -- not me.
dialogue	train	my#2	were a drawback on my learning	Your learning?
dialogue	train	yes#0	Certainly, poor Joe	You seem to be quite positive.
dialogue	train	you#3	Though mind you, Pip	We were discussing you -- not me.
dialogue	train	you#3	somebody must keep the pot a-biling, Pip, or the pot won’t bile, don’t you know	We were discussing you -- not me.
dialogue	train	my#1	Consequence, my father didn’t make objections to my going to work	Tell me more about your family.
dialogue	train	i#11	I made it	You say you made it?
dialogue	train	my#2	my own self	Your own self?
dialogue	train	i#11	I made it in a moment	You say you made it in a moment?
dialogue	train	alike#0	It was like striking out a horseshoe complete, in a single blow	In what way?
dialogue	train	was#1	As I was saying, Pip, it were my intentions to have had it cut over him	Were you really?
dialogue	train	what#0	but poetry costs money, cut it how you will, small or large, and it were not done	Why do you ask?
dialogue	train	my#1	Not to mention bearers, all the money that could be spared were wanted for my mother	Tell me more about your family.
dialogue	val	xnone#0	She were in poor elth, and quite broke	I'm not sure I understand you fully.
dialogue	train	xnone#0	She weren’t long of following, poor soul, and her share of peace come round at last	I'm not sure I understand you fully.
dialogue	val	xnone#0	It were but lonesome then	I'm not sure I understand you fully.
dialogue	train	i#11	living here alone, and I got acquainted with your sister	You say living here alone and you got acquainted with my sister?
dialogue	train	your#0	your sister is a fine figure of a woman	Why are you concerned over my sister is a fine figure of a woman?
dialogue	train	your#0	Whatever family opinions, or whatever the world’s opinions, on that subject may be, Pip, your sister is	Why are you concerned over my sister is?
dialogue	val	i#2	I am glad you think so, Joe	How have I helped you to be glad?
dialogue	train	am#0	So am I	Do you believe you are ?
dialogue	train	i#2	I_ am glad I think so, Pip	How have I helped you to be glad?
dialogue	train	what#0	A little redness or a little matter of Bone, here or there, what does it signify to Me	Why do you ask?
dialogue	train	you#1	You’re right, old chap	What makes you think I am right old chap?
dialogue	train	i#11	Very kind of her too, all the folks said, and I said, along with all the folks	You say very kind of her too all the folks said and you said along with all the folks?
dialogue	train	you#3	As to you	We were discussing you -- not me.
dialogue	train	xnone#0	Never mind me, Joe	I'm not sure I understand you fully.
dialogue	train	i#10	But I did mind you, Pip	Perhaps in your fantasies we did mind each other.
dialogue	train	i#11	God bless the poor little child,’ I said to your sister, ‘there’s room for _him_ at the forge	You say god bless the poor little child you said to my sister theres room for him at the forge?
dialogue	val	xnone#0	Ever the best of friends	I'm not sure I understand you fully.
dialogue	train	xnone#0	an’t us, Pip	I'm not sure I understand you fully.
dialogue	train	xnone#0	Don’t cry, old chap	I'm not sure I understand you fully.
dialogue	train	you#3	Well, you see, Pip, and here we are	We were discussing you -- not me.
dialogue	train	what#0	That’s about where it lights	Why do you ask?
dialogue	val	are#1	here we are	Did you think they might not be ?
dialogue	train	what#0	Joe mustn’t see too much of what we’re up to	Why do you ask?
dialogue	train	i#11	It must be done, as I may say, on the sly	You say it must be done as you may say on the sly?
dialogue	train	what#0	And why on the sly	Why do you ask?
dialogue	train	you#3	I’ll tell you why, Pip	We were discussing you -- not me.
dialogue	train	your#0	Your sister is given to government	Why are you concerned over my sister is given to government?
dialogue	train	xnone#0	Given to government, Joe	I'm not sure I understand you fully.
dialogue	train	xnone#0	Given to government	I'm not sure I understand you fully.
dialogue	train	i#10	Which I meantersay the government of you and myself	Perhaps in your fantasies we meantersay the government of each other.
dialogue	train	xnone#0	And she an’t over partial to having scholars on the premises	I'm not sure I understand you fully.
dialogue	val	you#3	Like a sort of rebel, don’t you see	We were discussing you -- not me.
dialogue	train	xnone#0	Stay a bit	I'm not sure I understand you fully.
dialogue	train	i#10	I know what you’re a-going to say, Pip	Perhaps in your fantasies we know what each other.
dialogue	train	i#8	I don’t deny that your sister comes the Mo-gul over us, now and again	Don't you really deny that my sister comes the mo gul over us now and again?
dialogue	train	i#8	I don’t deny that she do throw us back-falls, and that she do drop down upon us heavy	Don't you really deny that she do throw us back falls and that she do drop down upon us heavy?
dialogue	train	what#0	At such times as when your sister is on the Ram-page, Pip	Why do you ask?
dialogue	val	xnone#0	candour compels fur to admit that she is a Buster	I'm not sure I understand you fully.
dialogue	train	what#0	Why don’t I rise	Why do you ask?
dialogue	train	your#0	That were your observation when I broke it off, Pip	Why are you concerned over my observation what you broke it off pip?
dialogue	train	your#0	your sister’s a master-mind	Why are you concerned over my sisters a master mind?
dialogue	train	i#11	And I ain’t a master-mind	You say and you aint a master mind?
dialogue	train	i#11	I wish it was only me that got put out, Pip	You say you wish it was only you that got put out pip?
dialogue	train	you#3	I wish there warn’t no Tickler for you, old chap	We were discussing you -- not me.
dialogue	train	i#4	I wish I could take it all on myself	Do you really think so?
dialogue	train	i#11	but this is the up-and-down-and-straight on it, Pip, and I hope you’ll overlook shortcomings	You say but this is the up and down and straight on it pip and you hope youll overlook shortcomings?
dialogue	train	i#11	I hope Uncle Pumblechook’s mare mayn’t have set a forefoot on a piece o’ ice, and gone down	You say you hope uncle pumblechooks mare maynt have set a forefoot on a piece o ice and gone down?
dialogue	val	xnone#0	Here comes the mare	I'm not sure I understand you fully.
dialogue	train	xnone#0	ringing like a peal of bells	I'm not sure I understand you fully.
dialogue	val	if#0	if this boy ain’t grateful this night, he never will be	Do you think its likely that this boy aint grateful this night he never will be?
dialogue	train	xnone#0	It’s only to be hoped	I'm not sure I understand you fully.
dialogue	train	xnone#0	that he won’t be Pompeyed	I'm not sure I understand you fully.
dialogue	train	my#2	But I have my fears	Your fears?
dialogue	train	xnone#0	She ain’t in that line, Mum	I'm not sure I understand you fully.
dialogue	train	xnone#0	She knows better	I'm not sure I understand you fully.
dialogue	train	what#0	What are you staring at	Why do you ask?
dialogue	train	xnone#0	Is the house afire	I'm not sure I understand you fully.
dialogue	train	xnone#0	Which some individual	I'm not sure I understand you fully.
dialogue	train	i#11	And she is a she, I suppose	You say and she is a she you suppose?
dialogue	train	you#3	Unless you call Miss Havisham a he	We were discussing you -- not me.
dialogue	train	if#0	And I doubt if even you’ll go so far as that	Do you think its likely that even youll go so far as that?
dialogue	train	xnone#0	Miss Havisham, up town	I'm not sure I understand you fully.
dialogue	train	xnone#0	Is there any Miss Havisham down town	I'm not sure I understand you fully.
dialogue	train	xnone#0	She wants this boy to go and play there	I'm not sure I understand you fully.
dialogue	train	xnone#0	And of course he’s going	I'm not sure I understand you fully.
dialogue	train	xnone#0	And he had better play there	I'm not sure I understand you fully.
dialogue	train	xnone#0	or I’ll work him	I'm not sure I understand you fully.
dialogue	train	xnone#0	Well to be sure	I'm not sure I understand you fully.
dialogue	train	i#11	I wonder how she come to know Pip	You say you wonder what she come to know pip?
dialogue	train	what#0	Who said she knew him	Why do you ask?
dialogue	val	xnone#0	mentioned that she wanted him to go and play there	I'm not sure I understand you fully.
dialogue	train	if#0	And couldn’t she ask Uncle Pumblechook if he knew of a boy to go and play there	Do you think its likely that he knew of a boy to go and play there?
dialogue	train	if#0	And couldn’t she then ask Uncle Pumblechook if he knew of a boy to go and play there	Do you think its likely that he knew of a boy to go and play there?
dialogue	train	always#0	And couldn’t Uncle Pumblechook, being always considerate and thoughtful for us—though you may not think it, Joseph	Can you think of a specific example?
dialogue	train	xnone#0	then mention this boy, standing Prancing here	I'm not sure I understand you fully.
dialogue	train	i#11	that I have for ever been a willing slave to	You say that you have for ever been a willing slave to?
dialogue	train	you#3	Now Joseph, you know the case	We were discussing you -- not me.
dialogue	train	you#3	you do not yet—though you may not think it—know the case	We were discussing you -- not me.
dialogue	train	you#3	You may consider that you do, but you do _not_, Joseph	We were discussing you -- not me.
dialogue	train	xnone#0	And Lor-a-mussy me	I'm not sure I understand you fully.
dialogue	train	you#3	Boy, be forever grateful to all friends, but especially unto them which brought you up by hand	We were discussing you -- not me.
dialogue	train	you#3	God bless you, Pip, old chap	We were discussing you -- not me.
dialogue	train	xnone#0	Seven times nine, boy	I'm not sure I understand you fully.
dialogue	train	xnone#0	This is Pip, is it	I'm not sure I understand you fully.
dialogue	train	xnone#0	come in, Pip	I'm not sure I understand you fully.
dialogue	train	you#3	Did you wish to see Miss Havisham	We were discussing you -- not me.
dialogue	train	if#0	If Miss Havisham wished to see me	Do you think its likely that miss havisham wished to see you?
dialogue	train	you#3	but you see she don’t	We were discussing you -- not me.
dialogue	train	your#0	Let your behaviour here be a credit unto them which brought you up by hand	Why are you concerned over my behaviour here be a credit unto them which brought I up by hand?
dialogue	train	you#3	You could drink without hurt all the strong beer that’s brewed there now, boy	We were discussing you -- not me.
dialogue	train	i#11	I should think I could, miss	You say you should think you could miss?
dialogue	train	xnone#0	Better not try to brew beer there now, or it would turn out sour, boy	I'm not sure I understand you fully.
dialogue	train	you#3	don’t you think so	We were discussing you -- not me.
dialogue	train	xnone#0	It looks like it, miss	I'm not sure I understand you fully.
dialogue	train	xnone#0	Not that anybody means to try	I'm not sure I understand you fully.
dialogue	train	xnone#0	for that’s all done with, and the place will stand as idle as it is till it falls	I'm not sure I understand you fully.
dialogue	val	xnone#0	As to strong beer, there’s enough of it in the cellars already, to drown the Manor House	I'm not sure I understand you fully.
dialogue	train	name#0	Is that the name of this house, miss	I am not interested in names.
dialogue	train	xnone#0	One of its names, boy	I'm not sure I understand you fully.
dialogue	train	xnone#0	It has more than one, then, miss	I'm not sure I understand you fully.
dialogue	train	name#0	Its other name was Satis	I am not interested in names.
dialogue	train	xnone#0	which is Greek, or Latin, or Hebrew, or all three—or all one to me—for enough	I'm not sure I understand you fully.
dialogue	train	name#0	that’s a curious name, miss	I am not interested in names.
dialogue	train	xnone#0	but it meant more than it said	I'm not sure I understand you fully.
dialogue	train	what#0	It meant, when it was given, that whoever had this house could want nothing else	Why do you ask?
dialogue	val	i#11	They must have been easily satisfied in those days, I should think	You say they must have been easily satisfied in those days you should think?
dialogue	train	xnone#0	But don’t loiter, boy	I'm not sure I understand you fully.
dialogue	train	you#3	After you, miss	We were discussing you -- not me.
dialogue	train	xnone#0	Don’t be ridiculous, boy	I'm not sure I understand you fully.
dialogue	train	i#6	I am not going in	Is it because you are not going in that you came to me?
dialogue	train	what#0	Who is it	Why do you ask?
dialogue	train	xnone#0	Pumblechook’s boy, ma’am	I'm not sure I understand you fully.
dialogue	train	you#3	let me look at you	We were discussing you -- not me.
dialogue	train	xnone#0	Look at me	I'm not sure I understand you fully.
dialogue	val	you#1	You are not afraid of a woman who has never seen the sun since you were born	What makes you think I am not afraid of a woman who has never seen the sun since I was born?
dialogue	train	you#3	Do you know what I touch here	We were discussing you -- not me.
dialogue	train	what#0	What do I touch	Why do you ask?
dialogue	train	i#6	I am tired	Is it because you are tired that you came to me?
dialogue	train	i#0	I want diversion, and I have done with men and women	What would it mean to you if you got diversion and you have done with men and women?
dialogue	train	i#11	I sometimes have sick fancies	You say you sometimes have sick fancies?
dialogue	train	i#0	and I have a sick fancy that I want to see some play	What would it mean to you if you got to see some play?
dialogue	val	xnone#0	play, play, play	I'm not sure I understand you fully.
dialogue	train	are#0	Are you sullen and obstinate	Why are you interested in whether I am sullen and obstinate or not?
dialogue	train	no#0	No, ma’am, I am very sorry for you, and very sorry I can’t play just now	Are you saying no just to be negative?
dialogue	val	xnone#0	but it’s so new here, and so strange, and so fine,—and melancholy	I'm not sure I understand you fully.
dialogue	train	xnone#0	So new to him	I'm not sure I understand you fully.
dialogue	train	xnone#0	so old to me	I'm not sure I understand you fully.
dialogue	val	xnone#0	so strange to him, so familiar to me	I'm not sure I understand you fully.
dialogue	train	xnone#0	so melancholy to both of us	I'm not sure I understand you fully.
dialogue	train	you#3	You can do that	We were discussing you -- not me.
dialogue	train	my#2	Your own, one day, my dear, and you will use it well	Your dear and I will use it well?
dialogue	train	you#3	Let me see you play cards with this boy	We were discussing you -- not me.
dialogue	val	xnone#0	With this boy	I'm not sure I understand you fully.
dialogue	train	what#0	Why, he is a common labouring-boy	Why do you ask?
dialogue	train	you#3	You can break his heart	We were discussing you -- not me.
dialogue	train	what#0	What do you play, boy	Why do you ask?
dialogue	train	my#2	Nothing but beggar my neighbour, miss	Your neighbour miss?
dialogue	train	xnone#0	He calls the knaves Jacks, this boy	I'm not sure I understand you fully.
dialogue	train	what#0	And what coarse hands he has	Why do you ask?
dialogue	train	what#0	And what thick boots	Why do you ask?
dialogue	train	you#3	You say nothing of her	We were discussing you -- not me.
dialogue	train	you#3	She says many hard things of you, but you say nothing of her	We were discussing you -- not me.
dialogue	train	what#0	What do you think of her	Why do you ask?
dialogue	train	i#8	I don’t like to say	Don't you really like to say?
dialogue	train	my#2	Tell me in my ear	Your ear?
dialogue	train	i#11	I think she is very proud	You say you think she is very proud?
dialogue	train	i#11	I think she is very pretty	You say you think she is very pretty?
dialogue	train	i#11	I think she is very insulting	You say you think she is very insulting?
dialogue	train	i#4	I think I should like to go home	Do you really think so?
dialogue	train	xnone#0	And never see her again, though she is so pretty	I'm not sure I understand you fully.
dialogue	train	you#3	You shall go soon	We were discussing you -- not me.
dialogue	train	xnone#0	Play the game out	I'm not sure I understand you fully.
dialogue	train	what#0	When shall I have you here again	Why do you ask?
dialogue	train	xnone#0	Let me think	I'm not sure I understand you fully.
dialogue	train	i#11	I know nothing of days of the week	You say you know nothing of days of the week?
dialogue	train	i#11	I know nothing of weeks of the year	You say you know nothing of weeks of the year?
dialogue	train	xnone#0	Come again after six days	I'm not sure I understand you fully.
dialogue	train	xnone#0	Estella, take him down	I'm not sure I understand you fully.
dialogue	train	xnone#0	Let him have something to eat, and let him roam and look about him while he eats	I'm not sure I understand you fully.
dialogue	train	you#1	You are to wait here, you boy	What makes you think I am to wait here I boy?
dialogue	train	why#0	Why don’t you cry	Do you believe I don't cry?
dialogue	train	because#0	Because I don’t want to	Is that the real reason?
dialogue	val	you#1	You have been crying till you are half blind, and you are near crying again now	What makes you think I am half blind and I are near crying again now?
dialogue	train	what#0	How did you get on up town	Why do you ask?
dialogue	train	xnone#0	Pretty well, sir	I'm not sure I understand you fully.
dialogue	train	no#0	Pretty well is no answer	Are you saying no just to be negative?
dialogue	val	what#0	Tell us what you mean by pretty well, boy	Why do you ask?
dialogue	train	i#11	I mean pretty well	You say you mean pretty well?
dialogue	train	your#0	Don’t lose your temper	Why are you concerned over my temper?
dialogue	train	xnone#0	Leave this lad to me, ma’am	I'm not sure I understand you fully.
dialogue	train	xnone#0	leave this lad to me	I'm not sure I understand you fully.
dialogue	train	xnone#0	First (to get our thoughts in order): Forty-three pence	I'm not sure I understand you fully.
dialogue	val	xnone#0	Four Hundred Pound	I'm not sure I understand you fully.
dialogue	train	xnone#0	twelve pence make one shilling	I'm not sure I understand you fully.
dialogue	train	xnone#0	forty pence make three and fourpence	I'm not sure I understand you fully.
dialogue	val	what#0	How much is forty-three pence	Why do you ask?
dialogue	train	xnone#0	Is forty-three pence seven and sixpence three fardens, for instance	I'm not sure I understand you fully.
dialogue	train	what#0	What like is Miss Havisham	Why do you ask?
dialogue	train	xnone#0	Very tall and dark	I'm not sure I understand you fully.
dialogue	train	xnone#0	Is she, uncle	I'm not sure I understand you fully.
dialogue	train	xnone#0	This is the way to have him	I'm not sure I understand you fully.
dialogue	val	are#1	We are beginning to hold our own, I think, Mum	Did you think they might not be beginning to hold our own you think mum?
dialogue	train	i#6	I am sure, uncle	Is it because you are sure uncle that you came to me?
dialogue	train	always#0	I wish you had him always	Can you think of a specific example?
dialogue	train	you#3	you know so well how to deal with him	We were discussing you -- not me.
dialogue	train	what#0	What was she a-doing of, when you went in today	Why do you ask?
dialogue	train	xnone#0	She was sitting	I'm not sure I understand you fully.
dialogue	val	xnone#0	in a black velvet coach	I'm not sure I understand you fully.
dialogue	train	xnone#0	And we all had cake and wine on gold plates	I'm not sure I understand you fully.
dialogue	train	i#11	And I got up behind the coach to eat mine, because she told me to	You say and you got up behind the coach to eat mine because she told you to?
dialogue	train	xnone#0	Was anybody else there	I'm not sure I understand you fully.
dialogue	val	xnone#0	Large or small	I'm not sure I understand you fully.
dialogue	val	xnone#0	And they fought for veal-cutlets out of a silver basket	I'm not sure I understand you fully.
dialogue	train	name#0	Where _was_ this coach, in the name of gracious	I am not interested in names.
dialogue	train	xnone#0	In Miss Havisham’s room	I'm not sure I understand you fully.
dialogue	train	xnone#0	But there weren’t any horses to it	I'm not sure I understand you fully.
dialogue	train	xnone#0	Can this be possible, uncle	I'm not sure I understand you fully.
dialogue	train	what#0	What can the boy mean	Why do you ask?
dialogue	train	you#3	I’ll tell you, Mum	We were discussing you -- not me.
dialogue	train	my#2	My opinion is, it’s a sedan-chair	Your opinion is its a sedan chair?
dialogue	train	you#3	She’s flighty, you know,—very flighty,—quite flighty enough to pass her days in a sedan-chair	We were discussing you -- not me.
dialogue	train	you#3	Did you ever see her in it, uncle	We were discussing you -- not me.
dialogue	train	what#0	How could I	Why do you ask?
dialogue	train	my#2	when I never see her in my life	Your life?
dialogue	train	xnone#0	Never clapped eyes upon her	I'm not sure I understand you fully.
dialogue	val	you#3	And yet you have spoken to her	We were discussing you -- not me.
dialogue	train	why#0	Why, don’t you know	Do you believe I don't know?
dialogue	train	you#3	Don’t say you don’t know _that_, Mum	We were discussing you -- not me.
dialogue	train	xnone#0	Howsever, the boy went there to play	I'm not sure I understand you fully.
dialogue	train	what#0	What did you play at, boy	Why do you ask?
dialogue	train	xnone#0	We played with flags	I'm not sure I understand you fully.
dialogue	train	xnone#0	And then we all waved our swords and hurrahed	I'm not sure I understand you fully.
dialogue	train	what#0	Where did you get swords from	Why do you ask?
dialogue	train	xnone#0	Out of a cupboard	I'm not sure I understand you fully.
dialogue	train	i#11	And I saw pistols in it,—and jam,—and pills	You say and you saw pistols in it and jam and pills?
dialogue	train	no#0	And there was no daylight in the room, but it was all lighted up with candles	Are you saying no just to be negative?
dialogue	train	xnone#0	That’s true, Mum	I'm not sure I understand you fully.
dialogue	train	xnone#0	That’s the state of the case, for that much I’ve seen myself	I'm not sure I understand you fully.
dialogue	train	if#0	If a fool’s head can’t express better opinions than that	Do you think its likely that a fools head cannot express better opinions than that?
dialogue	train	you#3	and you have got any work to do, you had better go and do it	We were discussing you -- not me.
dialogue	train	i#10	Before the fire goes out, Joe, I should like to tell you something	Perhaps in your fantasies we should like to tell each other.
dialogue	train	you#3	Should you, Pip	We were discussing you -- not me.
dialogue	train	xnone#0	Then tell us	I'm not sure I understand you fully.
dialogue	val	what#0	What is it, Pip	Why do you ask?
dialogue	train	you#3	you remember all that about Miss Havisham’s	We were discussing you -- not me.
dialogue	train	xnone#0	It’s a terrible thing, Joe	I'm not sure I understand you fully.
dialogue	train	xnone#0	it ain’t true	I'm not sure I understand you fully.
dialogue	train	what#0	What are you telling of, Pip	Why do you ask?
dialogue	train	you#3	You don’t mean to say it’s	We were discussing you -- not me.
dialogue	train	yes#0	Yes I do	You seem to be quite positive.
dialogue	train	xnone#0	it’s lies, Joe	I'm not sure I understand you fully.
dialogue	train	xnone#0	But not all of it	I'm not sure I understand you fully.
dialogue	train	what#0	Why sure you don’t mean to say, Pip, that there was no black welwet co—eh	Why do you ask?
dialogue	train	xnone#0	But at least there was dogs, Pip	I'm not sure I understand you fully.
dialogue	train	if#0	if there warn’t no weal-cutlets, at least there was dogs	Do you think its likely that there warnt no weal cutlets at least there was dogs?
dialogue	train	no#0	No, Joe, there was nothing at all of the kind	Are you saying no just to be negative?
dialogue	val	xnone#0	This won’t do, old fellow	I'm not sure I understand you fully.
dialogue	val	what#0	Where do you expect to go to	Why do you ask?
dialogue	train	xnone#0	It’s terrible, Joe	I'm not sure I understand you fully.
dialogue	train	what#0	What possessed you	Why do you ask?
dialogue	train	i#8	I don’t know what possessed me, Joe	Don't you really know what possessed you joe?
dialogue	train	you#2	but I wish you hadn’t taught me to call Knaves at cards Jacks	Why do you think I hadnt taught you?
dialogue	val	my#2	and I wish my boots weren’t so thick nor my hands so coarse	Your boots werent so thick nor your hands so coarse?
dialogue	train	you#3	There’s one thing you may be sure of, Pip	We were discussing you -- not me.
dialogue	train	xnone#0	namely, that lies is lies	I'm not sure I understand you fully.
dialogue	train	you#3	Don’t you tell no more of ’em, Pip	We were discussing you -- not me.
dialogue	train	xnone#0	That_ ain’t the way to get out of being common, old chap	I'm not sure I understand you fully.
dialogue	train	i#8	And as to being common, I don’t make it out at all clear	Don't you really make it out at all clear?
dialogue	train	you#1	You are oncommon in some things	What makes you think I am oncommon in some things?
dialogue	train	you#1	You’re oncommon small	What makes you think I am oncommon small?
dialogue	val	you#1	Likewise you’re a oncommon scholar	What makes you think I am a oncommon scholar?
dialogue	train	no#0	No, I am ignorant and backward, Joe	Are you saying no just to be negative?
dialogue	train	what#0	Why, see what a letter you wrote last night	Why do you ask?
dialogue	train	xnone#0	Wrote in print even	I'm not sure I understand you fully.
dialogue	train	xnone#0	I’ve seen letters—Ah	I'm not sure I understand you fully.
dialogue	train	xnone#0	and from gentlefolks	I'm not sure I understand you fully.
dialogue	train	xnone#0	that I’ll swear weren’t wrote in print	I'm not sure I understand you fully.
dialogue	train	i#11	I have learnt next to nothing, Joe	You say you have learnt next to nothing joe?
dialogue	train	you#2	You think much of me	Why do you think I think much of you?
dialogue	train	xnone#0	It’s only that	I'm not sure I understand you fully.
dialogue	train	xnone#0	and begun at A too, and worked his way to Z	I'm not sure I understand you fully.
dialogue	train	i#7	And _I_ know what that is to do, though I can’t say I’ve exactly done it	How do you think that you can't say ive exactly done it?
dialogue	train	xnone#0	Whether common ones as to callings and earnings	I'm not sure I understand you fully.
dialogue	train	i#6	I’m sorry there weren’t a flag, Pip	Is it because you are sorry there werent a flag pip that you came to me?
dialogue	train	xnone#0	and that’s a thing not to be thought of as being done intentional	I'm not sure I understand you fully.
dialogue	train	what#0	Lookee here, Pip, at what is said to you by a true friend	Why do you ask?
dialogue	train	you#3	Which this to you the true friend say	We were discussing you -- not me.
dialogue	train	no#0	So don’t tell no more on ’em, Pip, and live well and die happy	Are you saying no just to be negative?
dialogue	train	you#1	You are not angry with me, Joe	What makes you think I am not angry with you joe?
dialogue	train	no#0	No, old chap	Are you saying no just to be negative?
dialogue	train	no#0	That’s all, old chap, and don’t never do it no more	Are you saying no just to be negative?
dialogue	val	xnone#0	used to do	I'm not sure I understand you fully.
dialogue	train	xnone#0	Halloa, Pip, old chap	I'm not sure I understand you fully.
dialogue	train	no#0	No, thank you, sir	Are you saying no just to be negative?
dialogue	train	you#3	You was saying	We were discussing you -- not me.
dialogue	train	you#3	that you was a blacksmith	We were discussing you -- not me.
dialogue	train	i#10	I said it, you know	Perhaps in your fantasies we said it each other.
dialogue	train	you#3	What’ll you drink, Mr	We were discussing you -- not me.
dialogue	train	name#0	You didn’t mention your name, by the bye	I am not interested in names.
dialogue	train	my#2	At my expense	Your expense?
dialogue	train	xnone#0	To top up with	I'm not sure I understand you fully.
dialogue	train	xnone#0	but once and away, and on a Saturday night too	I'm not sure I understand you fully.
dialogue	train	name#0	Put a name to it, Mr	I am not interested in names.
dialogue	train	i#11	I wouldn’t wish to be stiff company	You say you wouldnt wish to be stiff company?
dialogue	train	xnone#0	And will the other gentleman originate a sentiment	I'm not sure I understand you fully.
dialogue	train	xnone#0	This other gentleman	I'm not sure I understand you fully.
dialogue	train	alike#0	is a gentleman that you would like to hear give it out	In what way?
dialogue	train	xnone#0	Our clerk at church	I'm not sure I understand you fully.
dialogue	train	xnone#0	The lonely church, right out on the marshes, with graves round it	I'm not sure I understand you fully.
dialogue	train	i#6	I am not acquainted with this country, gentlemen, but it seems a solitary country towards the river	Is it because you are not acquainted with this country gentlemen but it seems a solitary country towards the river that you came to me?
dialogue	train	xnone#0	Most marshes is solitary	I'm not sure I understand you fully.
dialogue	train	no#0	No doubt, no doubt	Are you saying no just to be negative?
dialogue	train	you#3	Do you find any gypsies, now, or tramps, or vagrants of any sort, out there	We were discussing you -- not me.
dialogue	train	xnone#0	none but a runaway convict now and then	I'm not sure I understand you fully.
dialogue	train	xnone#0	And we don’t find _them_, easy	I'm not sure I understand you fully.
dialogue	train	you#3	Seems you have been out after such	We were discussing you -- not me.
dialogue	train	you#3	Not that we wanted to take them, you understand	We were discussing you -- not me.
dialogue	train	xnone#0	we went out as lookers on	I'm not sure I understand you fully.
dialogue	train	xnone#0	me, and Mr	I'm not sure I understand you fully.
dialogue	train	xnone#0	Wopsle, and Pip	I'm not sure I understand you fully.
dialogue	train	xnone#0	Didn’t us, Pip	I'm not sure I understand you fully.
dialogue	val	xnone#0	He’s a likely young parcel of bones that	I'm not sure I understand you fully.
dialogue	val	what#0	What is it you call him	Why do you ask?
dialogue	train	no#0	No, not christened Pip	Are you saying no just to be negative?
dialogue	train	name#0	it’s a kind of family name what he gave himself when a infant, and is called by	I am not interested in names.
dialogue	train	xnone#0	Son of yours	I'm not sure I understand you fully.
dialogue	train	no#0	No, he ain’t	Are you saying no just to be negative?
dialogue	train	my#2	he is not—no, not to deceive you, he is _not_—my nevvy	Your nevvy?
dialogue	train	what#0	What the Blue Blazes is he	Why do you ask?
dialogue	train	xnone#0	as the poet says	I'm not sure I understand you fully.
dialogue	train	xnone#0	Stop half a moment, Mr	I'm not sure I understand you fully.
dialogue	train	xnone#0	A bad un, I’ll be bound	I'm not sure I understand you fully.
dialogue	train	xnone#0	or he wouldn’t have given it to the boy	I'm not sure I understand you fully.
dialogue	train	xnone#0	Let’s look at it	I'm not sure I understand you fully.
dialogue	train	xnone#0	But what’s this	I'm not sure I understand you fully.
dialogue	train	xnone#0	Two One-Pound notes	I'm not sure I understand you fully.
dialogue	train	you#1	You are to come this way to-day	What makes you think I am to come this way to day?
dialogue	train	you#1	You are to go and stand there boy, till you are wanted	What makes you think I am to go and stand there boy till I are wanted?
dialogue	train	xnone#0	Poor dear soul	I'm not sure I understand you fully.
dialogue	train	xnone#0	Nobody’s enemy but his own	I'm not sure I understand you fully.
dialogue	train	xnone#0	It would be much more commendable to be somebody else’s enemy	I'm not sure I understand you fully.
dialogue	train	xnone#0	far more natural	I'm not sure I understand you fully.
dialogue	train	are#1	we are to love our neighbour	Did you think they might not be to love our neighbour?
dialogue	train	if#0	if a man is not his own neighbour, who is	Do you think its likely that a man is not his own neighbour who is?
dialogue	val	xnone#0	he is so very strange	I'm not sure I understand you fully.
dialogue	train	what#0	says he, ‘Camilla, what can it signify so long as the poor bereaved little things are in black	Why do you ask?
dialogue	train	xnone#0	So like Matthew	I'm not sure I understand you fully.
dialogue	train	xnone#0	Good points in him, good points in him	I'm not sure I understand you fully.
dialogue	train	i#11	Heaven forbid I should deny good points in him	You say heaven forbid you should deny good points in him?
dialogue	train	xnone#0	but he never had, and he never will have, any sense of the proprieties	I'm not sure I understand you fully.
dialogue	val	was#1	You know I was obliged	Were you really?
dialogue	train	was#1	I was obliged to be firm	Were you really?
dialogue	train	i#11	I said, ‘It WILL NOT DO, for the credit of the family	You say you said it will not do for the credit of the family?
dialogue	train	i#11	I told him that, without deep trimmings, the family was disgraced	You say you told him that without deep trimmings the family was disgraced?
dialogue	train	i#11	I cried about it from breakfast till dinner	You say you cried about it from breakfast till dinner?
dialogue	train	my#2	I injured my digestion	Your digestion?
dialogue	train	xnone#0	He_ paid for them, did he not	I'm not sure I understand you fully.
dialogue	train	my#1	It’s not the question, my dear child, who paid for them	Tell me more about your family.
dialogue	train	i#11	I_ bought them	You say you bought them?
dialogue	train	i#11	And I shall often think of that with peace, when I wake up in the night	You say and you shall often think of that with peace what you wake up in the night?
dialogue	train	i#6	Well I am sure	Is it because you are sure that you came to me?
dialogue	train	xnone#0	Was there ever such a fancy	I'm not sure I understand you fully.
dialogue	train	am#0	Am I pretty	Do you believe you are pretty?
dialogue	train	xnone#0	Poor Miss Taylor	I'm not sure I understand you fully.
dialogue	train	i#11	I wish she were here again	You say you wish she was here again?
dialogue	train	what#0	What a pity it is that Mr	Why do you ask?
dialogue	train	xnone#0	Weston ever thought of her	I'm not sure I understand you fully.
dialogue	train	i#7	I cannot agree with you, papa	How do you think that you can't agree with I papa?
dialogue	train	you#3	you know I cannot	We were discussing you -- not me.
dialogue	train	xnone#0	Weston is such a good-humoured, pleasant, excellent man, that he thoroughly deserves a good wife	I'm not sure I understand you fully.
dialogue	train	xnone#0	A house of her own	I'm not sure I understand you fully.
dialogue	train	what#0	But where is the advantage of a house of her own	Why do you ask?
dialogue	train	xnone#0	This is three times as large	I'm not sure I understand you fully.
dialogue	train	my#2	And you have never any odd humours, my dear	Your dear?
dialogue	train	what#0	How often we shall be going to see them, and they coming to see us	Why do you ask?
dialogue	train	always#0	We shall be always meeting	Can you think of a specific example?
dialogue	train	xnone#0	We_ must begin	I'm not sure I understand you fully.
dialogue	train	xnone#0	we must go and pay wedding visit very soon	I'm not sure I understand you fully.
dialogue	train	my#2	My dear, how am I to get so far	Your dear what are you to get so far?
dialogue	train	xnone#0	Randalls is such a distance	I'm not sure I understand you fully.
dialogue	val	i#11	I could not walk half so far	You say you could not walk half so far?
dialogue	train	everyone#0	No, papa, nobody thought of your walking	Really, nobody?
dialogue	train	xnone#0	We must go in the carriage, to be sure	I'm not sure I understand you fully.
dialogue	train	xnone#0	But James will not like to put the horses to for such a little way	I'm not sure I understand you fully.
dialogue	train	what#0	and where are the poor horses to be while we are paying our visit	Why do you ask?
dialogue	train	are#1	They are to be put into Mr	Did you think they might not be to be put into mr?
dialogue	train	xnone#0	Weston’s stable, papa	I'm not sure I understand you fully.
dialogue	train	you#3	You know we have settled all that already	We were discussing you -- not me.
dialogue	train	xnone#0	We talked it all over with Mr	I'm not sure I understand you fully.
dialogue	train	xnone#0	Weston last night	I'm not sure I understand you fully.
dialogue	train	i#11	I only doubt whether he will ever take us anywhere else	You say you only doubt whether he will ever take us anywhere else?
dialogue	val	your#0	That was your doing, papa	Why are you concerned over my doing papa?
dialogue	train	you#3	You got Hannah that good place	We were discussing you -- not me.
dialogue	train	everyone#0	Nobody thought of Hannah till you mentioned her—James is so obliged to you	Really, nobody?
dialogue	train	i#2	I am very glad I did think of her	How have I helped you to be glad?
dialogue	train	i#11	It was very lucky, for I would not have had poor James think himself slighted upon any account	You say it was very lucky for you would not have had poor james think himself slighted upon any account?
dialogue	train	i#6	and I am sure she will make a very good servant: she is a civil, pretty-spoken girl	Is it because you are sure she will make a very good servant she is a civil pretty spoken girl that you came to me?
dialogue	train	i#11	I have a great opinion of her	You say you have a great opinion of her?
dialogue	train	always#0	Whenever I see her, she always curtseys and asks me how I do, in a very pretty manner	Can you think of a specific example?
dialogue	train	i#6	I am sure she will be an excellent servant	Is it because you are sure she will be an excellent servant that you came to me?
dialogue	val	you#3	Whenever James goes over to see his daughter, you know, she will be hearing of us	We were discussing you -- not me.
dialogue	train	what#0	He will be able to tell her how we all are	Why do you ask?
dialogue	train	you#3	It is very kind of you, Mr	We were discussing you -- not me.
dialogue	train	xnone#0	Knightley, to come out at this late hour to call upon us	I'm not sure I understand you fully.
dialogue	train	i#6	I am afraid you must have had a shocking walk	Is it because you are afraid I must have had a shocking walk that you came to me?
dialogue	val	xnone#0	Not at all, sir	I'm not sure I understand you fully.
dialogue	train	xnone#0	It is a beautiful moonlight night	I'm not sure I understand you fully.
dialogue	train	i#11	and so mild that I must draw back from your great fire	You say and so mild that you must draw back from my great fire?
dialogue	train	you#3	But you must have found it very damp and dirty	We were discussing you -- not me.
dialogue	train	you#3	I wish you may not catch cold	We were discussing you -- not me.
dialogue	train	my#2	Look at my shoes	Your shoes?
dialogue	train	xnone#0	Not a speck on them	I'm not sure I understand you fully.
dialogue	train	xnone#0	that is quite surprising, for we have had a vast deal of rain here	I'm not sure I understand you fully.
dialogue	train	xnone#0	It rained dreadfully hard for half an hour while we were at breakfast	I'm not sure I understand you fully.
dialogue	train	i#11	I wanted them to put off the wedding	You say you wanted them to put off the wedding?
dialogue	train	i#10	By the bye—I have not wished you joy	Perhaps in your fantasies we have not wished each other.
dialogue	train	i#11	but I hope it all went off tolerably well	You say but you hope it all went off tolerably well?
dialogue	train	what#0	How did you all behave	Why do you ask?
dialogue	train	what#0	Who cried most	Why do you ask?
dialogue	train	xnone#0	Tis a sad business	I'm not sure I understand you fully.
dialogue	train	if#0	and Miss Woodhouse, if you please	Do you think its likely that I please?
dialogue	train	i#7	but I cannot possibly say ‘poor Miss Taylor	How do you think that you can't possibly say poor miss taylor?
dialogue	val	i#10	I have a great regard for you and Emma	Perhaps in your fantasies we have a great regard for each other.
dialogue	train	what#0	but when it comes to the question of dependence or independence	Why do you ask?
dialogue	train	xnone#0	At any rate, it must be better to have only one to please than two	I'm not sure I understand you fully.
dialogue	train	what#0	Especially when _one_ of those two is such a fanciful, troublesome creature	Why do you ask?
dialogue	train	my#2	I believe it is very true, my dear, indeed	Your dear indeed?
dialogue	train	i#6	I am afraid I am sometimes very fanciful and troublesome	Is it because you are afraid you are sometimes very fanciful and troublesome that you came to me?
dialogue	train	my#2	My dearest papa	Your dearest papa?
dialogue	train	you#3	You do not think I could mean _you_, or suppose Mr	We were discussing you -- not me.
dialogue	train	you#3	Knightley to mean _you	We were discussing you -- not me.
dialogue	train	what#0	What a horrible idea	Why do you ask?
dialogue	train	i#11	I meant only myself	You say you meant only yourself?
dialogue	train	you#3	Knightley loves to find fault with me, you know—in a joke—it is all a joke	We were discussing you -- not me.
dialogue	train	always#0	We always say what we like to one another	Can you think of a specific example?
dialogue	train	i#11	Emma knows I never flatter her	You say emma knows you never flatter her?
dialogue	train	i#11	but I meant no reflection on any body	You say but you meant no reflection on any body?
dialogue	train	xnone#0	Miss Taylor has been used to have two persons to please	I'm not sure I understand you fully.
dialogue	train	xnone#0	she will now have but one	I'm not sure I understand you fully.
dialogue	train	are#1	The chances are that she must be a gainer	Did you think they might not be that she must be a gainer?
dialogue	train	you#3	you want to hear about the wedding	We were discussing you -- not me.
dialogue	train	i#10	and I shall be happy to tell you, for we all behaved charmingly	Perhaps in your fantasies we shall be happy to tell each other.
dialogue	train	xnone#0	Dear Emma bears every thing so well	I'm not sure I understand you fully.
dialogue	train	xnone#0	It is impossible that Emma should not miss such a companion	I'm not sure I understand you fully.
dialogue	train	if#0	We should not like her so well as we do, sir, if we could suppose it	Do you think its likely that we could suppose it?
dialogue	train	what#0	but she knows how much the marriage is to Miss Taylor’s advantage	Why do you ask?
dialogue	val	xnone#0	Every friend of Miss Taylor must be glad to have her so happily married	I'm not sure I understand you fully.
dialogue	train	you#2	And you have forgotten one matter of joy to me	Why do you think I have forgotten one matter of joy to you?
dialogue	train	i#11	and a very considerable one—that I made the match myself	You say and a very considerable one that you made the match yourself?
dialogue	train	i#10	I made the match, you know, four years ago	Perhaps in your fantasies we made the match each other.
dialogue	train	what#0	and to have it take place, and be proved in the right, when so many people said Mr	Why do you ask?
dialogue	train	xnone#0	Weston would never marry again, may comfort me for any thing	I'm not sure I understand you fully.
dialogue	train	xnone#0	Pray do not make any more matches	I'm not sure I understand you fully.
dialogue	train	i#10	I promise you to make none for myself, papa	Perhaps in your fantasies we promise each other.
dialogue	train	i#11	but I must, indeed, for other people	You say but you must indeed for other people?
dialogue	train	xnone#0	It is the greatest amusement in the world	I'm not sure I understand you fully.
dialogue	train	you#3	And after such success, you know	We were discussing you -- not me.
dialogue	train	xnone#0	Every body said that Mr	I'm not sure I understand you fully.
dialogue	train	xnone#0	Weston would never marry again	I'm not sure I understand you fully.
dialogue	train	no#0	Oh dear, no	Are you saying no just to be negative?
dialogue	train	if#0	Weston need not spend a single evening in the year alone if he did not like it	Do you think its likely that he did not like it?
dialogue	train	yes#0	Weston certainly would never marry again	You seem to be quite positive.
dialogue	val	i#11	All manner of solemn nonsense was talked on the subject, but I believed none of it	You say all manner of solemn nonsense was talked on the subject but you believed none of it?
dialogue	train	i#11	I planned the match from that hour	You say you planned the match from that hour?
dialogue	train	i#10	I do not understand what you mean by ‘success	Perhaps in your fantasies we do not understand what each other.
dialogue	train	xnone#0	Success supposes endeavour	I'm not sure I understand you fully.
dialogue	train	xnone#0	A worthy employment for a young lady’s mind	I'm not sure I understand you fully.
dialogue	train	what#0	Where is your merit	Why do you ask?
dialogue	train	what#0	What are you proud of	Why do you ask?
dialogue	train	you#3	You made a lucky guess	We were discussing you -- not me.
dialogue	train	xnone#0	and _that_ is all that can be said	I'm not sure I understand you fully.
dialogue	train	you#3	And have you never known the pleasure and triumph of a lucky guess	We were discussing you -- not me.
dialogue	train	i#10	I pity you	Perhaps in your fantasies we pity each other.
dialogue	train	i#10	I thought you cleverer—for, depend upon it a lucky guess is never merely luck	Perhaps in your fantasies we thought each other.
dialogue	train	always#0	There is always some talent in it	Can you think of a specific example?
dialogue	val	you#3	You have drawn two pretty pictures	We were discussing you -- not me.
dialogue	val	i#11	but I think there may be a third—a something between the do-nothing and the do-all	You say but you think there may be a third a something between the do nothing and the do all?
dialogue	train	if#0	If I had not promoted Mr	Do you think its likely that you had not promoted mr?
dialogue	train	you#3	I think you must know Hartfield enough to comprehend that	We were discussing you -- not me.
dialogue	train	you#1	You are more likely to have done harm to yourself, than good to them, by interference	What makes you think I am more likely to have done harm to myself than good to them by interference?
dialogue	train	if#0	Emma never thinks of herself, if she can do good to others	Do you think its likely that she can do good to others?
dialogue	train	my#2	But, my dear, pray do not make any more matches	Your dear pray do not make any more matches?
dialogue	train	are#1	they are silly things, and break up one’s family circle grievously	Did you think they might not be silly things and break up ones family circle grievously?
dialogue	train	xnone#0	Only one more, papa	I'm not sure I understand you fully.
dialogue	val	xnone#0	only for Mr	I'm not sure I understand you fully.
dialogue	val	you#3	You like Mr	We were discussing you -- not me.
dialogue	train	i#11	Elton, papa,—I must look about for a wife for him	You say elton papa you must look about for a wife for him?
dialogue	train	i#11	I think very well of Mr	You say you think very well of mr?
dialogue	train	i#11	Elton, and this is the only way I have of doing him a service	You say elton and this is the only way you have of doing him a service?
dialogue	val	xnone#0	That will be a much better thing	I'm not sure I understand you fully.
dialogue	train	xnone#0	Knightley will be so kind as to meet him	I'm not sure I understand you fully.
dialogue	train	xnone#0	With a great deal of pleasure, sir, at any time	I'm not sure I understand you fully.
dialogue	train	i#10	and I agree with you entirely, that it will be a much better thing	Perhaps in your fantasies we agree with each other.
dialogue	train	xnone#0	Depend upon it, a man of six or seven-and-twenty can take care of himself	I'm not sure I understand you fully.
dialogue	train	i#10	I suppose you have heard of the handsome letter Mr	Perhaps in your fantasies we suppose each other.
dialogue	train	xnone#0	Frank Churchill has written to Mrs	I'm not sure I understand you fully.
dialogue	train	i#11	I understand it was a very handsome letter, indeed	You say you understand it was a very handsome letter indeed?
dialogue	train	xnone#0	Woodhouse told me of it	I'm not sure I understand you fully.
dialogue	train	xnone#0	Woodhouse saw the letter, and he says he never saw such a handsome letter in his life	I'm not sure I understand you fully.
dialogue	train	xnone#0	Ah, poor Miss Taylor	I'm not sure I understand you fully.
dialogue	train	xnone#0	She would be very glad to stay	I'm not sure I understand you fully.
dialogue	train	your#0	Bates, let me propose your venturing on one of these eggs	Why are you concerned over my venturing on one of these eggs?
dialogue	train	xnone#0	An egg boiled very soft is not unwholesome	I'm not sure I understand you fully.
dialogue	val	xnone#0	Serle understands boiling an egg better than any body	I'm not sure I understand you fully.
dialogue	train	i#11	I would not recommend an egg boiled by any body else	You say you would not recommend an egg boiled by any body else?
dialogue	train	you#3	Miss Bates, let Emma help you to a _little_ bit of tart—a _very_ little bit	We were discussing you -- not me.
dialogue	train	are#1	Ours are all apple-tarts	Did you think they might not be all apple tarts?
dialogue	train	you#3	You need not be afraid of unwholesome preserves here	We were discussing you -- not me.
dialogue	train	i#11	I do not advise the custard	You say you do not advise the custard?
dialogue	train	what#0	Goddard, what say you to _half_ a glass of wine	Why do you ask?
dialogue	train	xnone#0	A _small_ half-glass, put into a tumbler of water	I'm not sure I understand you fully.
dialogue	train	you#3	I do not think it could disagree with you	We were discussing you -- not me.
dialogue	train	xnone#0	two_ parlours, two very good parlours, indeed	I'm not sure I understand you fully.
dialogue	train	xnone#0	one of them quite as large as Mrs	I'm not sure I understand you fully.
dialogue	val	what#0	and of her having an upper maid who had lived five-and-twenty years with her	Why do you ask?
dialogue	train	xnone#0	and of Mrs	I'm not sure I understand you fully.
dialogue	train	xnone#0	Martin’s saying as she was so fond of it, it should be called _her_ cow	I'm not sure I understand you fully.
dialogue	val	xnone#0	Well done, Mrs	I'm not sure I understand you fully.
dialogue	train	you#1	You know what you are about	What makes you think I am about?
dialogue	train	what#0	And when she had come away, Mrs	Why do you ask?
dialogue	train	xnone#0	Martin was so very kind as to send Mrs	I'm not sure I understand you fully.
dialogue	train	xnone#0	Goddard a beautiful goose—the finest goose Mrs	I'm not sure I understand you fully.
dialogue	train	xnone#0	Goddard had ever seen	I'm not sure I understand you fully.
dialogue	train	i#11	Martin, I suppose, is not a man of information beyond the line of his own business	You say martin you suppose is not a man of information beyond the line of his own business?
dialogue	train	xnone#0	He does not read	I'm not sure I understand you fully.
dialogue	train	i#11	And I know he has read the Vicar of Wakefield	You say and you know he has read the vicar of wakefield?
dialogue	train	xnone#0	He never read the Romance of the Forest, nor The Children of the Abbey	I'm not sure I understand you fully.
dialogue	train	what#0	What sort of looking man is Mr	Why do you ask?
dialogue	train	xnone#0	not handsome—not at all handsome	I'm not sure I understand you fully.
dialogue	train	i#11	I thought him very plain at first, but I do not think him so plain now	You say you thought him very plain at first but you do not think him so plain now?
dialogue	train	you#3	One does not, you know, after a time	We were discussing you -- not me.
dialogue	train	you#3	But did you never see him	We were discussing you -- not me.
dialogue	val	you#3	He has passed you very often	We were discussing you -- not me.
dialogue	train	are#1	The yeomanry are precisely the order of people with whom I feel I can have nothing to do	Did you think they might not be precisely the order of people with whom you feel you can have nothing to do?
dialogue	train	xnone#0	A degree or two lower, and a creditable appearance might interest me	I'm not sure I understand you fully.
dialogue	train	i#11	I might hope to be useful to their families in some way or other	You say you might hope to be useful to their families in some way or other?
dialogue	train	xnone#0	To be sure	I'm not sure I understand you fully.
dialogue	train	you#3	It is not likely you should ever have observed him	We were discussing you -- not me.
dialogue	train	you#3	but he knows you very well indeed—I mean by sight	We were discussing you -- not me.
dialogue	train	i#11	I have no doubt of his being a very respectable young man	You say you have no doubt of his being a very respectable young man?
dialogue	train	i#11	I know, indeed, that he is so, and, as such, wish him well	You say you know indeed that he is so and as such wish him well?
dialogue	train	what#0	What do you imagine his age to be	Why do you ask?
dialogue	train	xnone#0	That is too young to settle	I'm not sure I understand you fully.
dialogue	train	xnone#0	His mother is perfectly right not to be in a hurry	I'm not sure I understand you fully.
dialogue	train	xnone#0	Six years hence	I'm not sure I understand you fully.
dialogue	train	xnone#0	Dear Miss Woodhouse, he would be thirty years old	I'm not sure I understand you fully.
dialogue	train	i#11	Martin, I imagine, has his fortune entirely to make—cannot be at all beforehand with the world	You say martin you imagine has his fortune entirely to make cannot be at all beforehand with the world?
dialogue	train	xnone#0	To be sure, so it is	I'm not sure I understand you fully.
dialogue	train	xnone#0	But they live very comfortably	I'm not sure I understand you fully.
dialogue	train	no#0	They have no indoors man, else they do not want for any thing	Are you saying no just to be negative?
dialogue	train	xnone#0	Martin talks of taking a boy another year	I'm not sure I understand you fully.
dialogue	train	you#3	I wish you may not get into a scrape, Harriet, whenever he does marry	We were discussing you -- not me.
dialogue	train	your#0	The misfortune of your birth ought to make you particularly careful as to your associates	Why are you concerned over my birth ought to make I particularly careful as to my associates?
dialogue	train	yes#0	Yes, to be sure, I suppose there are	You seem to be quite positive.
dialogue	train	you#3	You understand the force of influence pretty well, Harriet	We were discussing you -- not me.
dialogue	train	if#0	and, therefore, I say that if you should still be in this country when Mr	Do you think its likely that I should still be in this country what mr?
dialogue	train	i#11	Not that I think Mr	You say not that you think mr?
dialogue	val	what#0	Martin would ever marry any body but what had had some education—and been very well brought up	Why do you ask?
dialogue	val	xnone#0	Only think of our happening to meet him	I'm not sure I understand you fully.
dialogue	train	what#0	How very odd	Why do you ask?
dialogue	train	xnone#0	It was quite a chance, he said, that he had not gone round by Randalls	I'm not sure I understand you fully.
dialogue	train	xnone#0	He did not think we ever walked this road	I'm not sure I understand you fully.
dialogue	train	xnone#0	He thought we walked towards Randalls most days	I'm not sure I understand you fully.
dialogue	train	xnone#0	He has not been able to get the Romance of the Forest yet	I'm not sure I understand you fully.
dialogue	val	xnone#0	So very odd we should happen to meet	I'm not sure I understand you fully.
dialogue	train	alike#0	Well, Miss Woodhouse, is he like what you expected	In what way?
dialogue	train	what#0	What do you think of him	Why do you ask?
dialogue	train	you#3	Do you think him so very plain	We were discussing you -- not me.
dialogue	train	xnone#0	He is very plain, undoubtedly—remarkably plain:—but that is nothing compared with his entire want of gentility	I'm not sure I understand you fully.
dialogue	train	i#11	I had no right to expect much, and I did not expect much	You say you had no right to expect much and you did not expect much?
dialogue	train	i#11	but I had no idea that he could be so very clownish, so totally without air	You say but you had no idea that he could be so very clownish so totally without air?
dialogue	train	i#11	I had imagined him, I confess, a degree or two nearer gentility	You say you had imagined him you confess a degree or two nearer gentility?
dialogue	train	xnone#0	he is not so genteel as real gentlemen	I'm not sure I understand you fully.
dialogue	train	you#3	At Hartfield, you have had very good specimens of well educated, well bred men	We were discussing you -- not me.
dialogue	val	if#0	I should be surprized if, after seeing them, you could be in company with Mr	Do you think its likely that after seeing them I could be in company with mr?
dialogue	train	you#3	Do not you begin to feel that now	We were discussing you -- not me.
dialogue	train	you#3	Were not you struck	We were discussing you -- not me.
dialogue	train	alike#0	Certainly, he is not like Mr	In what way?
dialogue	train	xnone#0	He has not such a fine air and way of walking as Mr	I'm not sure I understand you fully.
dialogue	train	i#11	I see the difference plain enough	You say you see the difference plain enough?
dialogue	val	xnone#0	Knightley is so very fine a man	I'm not sure I understand you fully.
dialogue	train	xnone#0	Knightley’s air is so remarkably good that it is not fair to compare Mr	I'm not sure I understand you fully.
dialogue	train	xnone#0	Martin with _him	I'm not sure I understand you fully.
dialogue	train	you#3	You might not see one in a hundred with _gentleman_ so plainly written as in Mr	We were discussing you -- not me.
dialogue	train	you#3	But he is not the only gentleman you have been lately used to	We were discussing you -- not me.
dialogue	train	what#0	What say you to Mr	Why do you ask?
dialogue	train	xnone#0	Weston and Mr	I'm not sure I understand you fully.
dialogue	train	xnone#0	Martin with either of _them	I'm not sure I understand you fully.
dialogue	train	xnone#0	Compare their manner of carrying themselves	I'm not sure I understand you fully.
dialogue	val	xnone#0	of being silent	I'm not sure I understand you fully.
dialogue	train	you#3	You must see the difference	We were discussing you -- not me.
dialogue	train	xnone#0	there is a great difference	I'm not sure I understand you fully.
dialogue	train	xnone#0	Weston is almost an old man	I'm not sure I understand you fully.
dialogue	train	xnone#0	Weston must be between forty and fifty	I'm not sure I understand you fully.
dialogue	train	xnone#0	Which makes his good manners the more valuable	I'm not sure I understand you fully.
dialogue	train	xnone#0	The older a person grows, Harriet, the more important it is that their manners should not be bad	I'm not sure I understand you fully.
dialogue	train	xnone#0	the more glaring and disgusting any loudness, or coarseness, or awkwardness becomes	I'm not sure I understand you fully.
dialogue	val	what#0	What is passable in youth is detestable in later age	Why do you ask?
dialogue	train	xnone#0	Martin is now awkward and abrupt	I'm not sure I understand you fully.
dialogue	train	what#0	what will he be at Mr	Why do you ask?
dialogue	train	xnone#0	Weston’s time of life	I'm not sure I understand you fully.
dialogue	train	no#0	There is no saying, indeed	Are you saying no just to be negative?
dialogue	train	xnone#0	But there may be pretty good guessing	I'm not sure I understand you fully.
dialogue	train	xnone#0	Will he, indeed	I'm not sure I understand you fully.
dialogue	train	xnone#0	That will be very bad	I'm not sure I understand you fully.
dialogue	train	what#0	What has he to do with books	Why do you ask?
dialogue	train	i#11	I wonder he did not remember the book	You say you wonder he did not remember the book?
dialogue	val	perhaps#0	In one respect, perhaps, Mr	You don't seem quite certain.
dialogue	train	are#1	Elton’s manners are superior to Mr	Did you think they might not be superior to mr?
dialogue	val	xnone#0	Knightley’s or Mr	I'm not sure I understand you fully.
dialogue	train	xnone#0	They have more gentleness	I'm not sure I understand you fully.
dialogue	train	xnone#0	They might be more safely held up as a pattern	I'm not sure I understand you fully.
dialogue	train	xnone#0	There is an openness, a quickness, almost a bluntness in Mr	I'm not sure I understand you fully.
dialogue	train	xnone#0	Neither would Mr	I'm not sure I understand you fully.
dialogue	train	xnone#0	Knightley’s downright, decided, commanding sort of manner, though it suits _him_ very well	I'm not sure I understand you fully.
dialogue	train	xnone#0	his figure, and look, and situation in life seem to allow it	I'm not sure I understand you fully.
dialogue	train	if#0	but if any young man were to set about copying him, he would not be sufferable	Do you think its likely that any young man was to set about copying him he would not be sufferable?
dialogue	train	i#11	On the contrary, I think a young man might be very safely recommended to take Mr	You say on the contrary you think a young man might be very safely recommended to take mr?
dialogue	train	xnone#0	Elton as a model	I'm not sure I understand you fully.
dialogue	train	xnone#0	Elton is good-humoured, cheerful, obliging, and gentle	I'm not sure I understand you fully.
dialogue	val	xnone#0	He seems to me to be grown particularly gentle of late	I'm not sure I understand you fully.
dialogue	train	if#0	If he means any thing, it must be to please you	Do you think its likely that he means any thing it must be to please I?
dialogue	train	i#10	Did not I tell you what he said of you the other day	Perhaps in your fantasies we tell each other.
dialogue	train	i#11	I do not know what your opinion may be, Mrs	You say you do not know what my opinion may be mrs?
dialogue	train	i#11	of this great intimacy between Emma and Harriet Smith, but I think it a bad thing	You say of this great intimacy between emma and harriet smith but you think it a bad thing?
dialogue	train	xnone#0	A bad thing	I'm not sure I understand you fully.
dialogue	train	you#3	Do you really think it a bad thing	We were discussing you -- not me.
dialogue	val	i#11	I think they will neither of them do the other any good	You say you think they will neither of them do the other any good?
dialogue	train	you#2	You surprize me	Why do you think I surprize you?
dialogue	train	i#11	I have been seeing their intimacy with the greatest pleasure	You say you have been seeing their intimacy with the greatest pleasure?
dialogue	train	what#0	How very differently we feel	Why do you ask?
dialogue	train	xnone#0	Not think they will do each other any good	I'm not sure I understand you fully.
dialogue	train	yes#0	This will certainly be the beginning of one of our quarrels about Emma, Mr	You seem to be quite positive.
dialogue	train	i#10	Knightley, I shall not allow you to be a fair judge in this case	Perhaps in your fantasies we shall not allow each other.
dialogue	train	you#1	You are so much used to live alone, that you do not know the value of a companion	What makes you think I am so much used to live alone that I do not know the value of a companion?
dialogue	val	i#11	I can imagine your objection to Harriet Smith	You say you can imagine my objection to harriet smith?
dialogue	train	xnone#0	She is not the superior young woman which Emma’s friend ought to be	I'm not sure I understand you fully.
dialogue	train	xnone#0	They will read together	I'm not sure I understand you fully.
dialogue	train	i#11	She means it, I know	You say she means it you know?
dialogue	train	xnone#0	Emma has been meaning to read more ever since she was twelve years old	I'm not sure I understand you fully.
dialogue	val	i#11	and I dare say she may have made out a very good list now	You say and you dare say she may have made out a very good list now?
dialogue	train	i#11	But I have done with expecting any course of steady reading from Emma	You say but you have done with expecting any course of steady reading from emma?
dialogue	train	what#0	Where Miss Taylor failed to stimulate, I may safely affirm that Harriet Smith will do nothing	Why do you ask?
dialogue	train	you#3	You never could persuade her to read half so much as you wished	We were discussing you -- not me.
dialogue	train	you#3	You know you could not	We were discussing you -- not me.
dialogue	train	i#11	I dare say	You say you dare say?
dialogue	train	i#11	that I thought so _then	You say that you thought so then?
dialogue	train	i#11	but since we have parted, I can never remember Emma’s omitting to do any thing I wished	You say but since we have parted you can never remember emmas omitting to do any thing you wished?
dialogue	train	xnone#0	There is hardly any desiring to refresh such a memory as _that	I'm not sure I understand you fully.
dialogue	train	my#2	who have had no such charm thrown over my senses, must still see, hear, and remember	Your senses must still see hear and remember?
dialogue	train	xnone#0	Emma is spoiled by being the cleverest of her family	I'm not sure I understand you fully.
dialogue	train	always#0	She was always quick and assured: Isabella slow and diffident	Can you think of a specific example?
dialogue	train	you#3	And ever since she was twelve, Emma has been mistress of the house and of you all	We were discussing you -- not me.
dialogue	train	xnone#0	In her mother she lost the only person able to cope with her	I'm not sure I understand you fully.
dialogue	train	xnone#0	She inherits her mother’s talents, and must have been under subjection to her	I'm not sure I understand you fully.
dialogue	train	i#11	I should have been sorry, Mr	You say you should have been sorry mr?
dialogue	train	your#0	Knightley, to be dependent on _your_ recommendation, had I quitted Mr	Why are you concerned over my recommendation had you quitted mr?
dialogue	train	xnone#0	Woodhouse’s family and wanted another situation	I'm not sure I understand you fully.
dialogue	train	you#2	I do not think you would have spoken a good word for me to any body	Why do you think I would have spoken a good word for you?
dialogue	val	always#0	I am sure you always thought me unfit for the office I held	Can you think of a specific example?
dialogue	val	you#1	You are better placed _here	What makes you think I am better placed here?
dialogue	train	xnone#0	very fit for a wife, but not at all for a governess	I'm not sure I understand you fully.
dialogue	train	you#3	But you were preparing yourself to be an excellent wife all the time you were at Hartfield	We were discussing you -- not me.
dialogue	train	you#3	You might not give Emma such a complete education as your powers would seem to promise	We were discussing you -- not me.
dialogue	train	if#0	and if Weston had asked me to recommend him a wife, I should certainly have named Miss Taylor	Do you think its likely that weston had asked you to recommend him a wife you should yes have named miss taylor?
dialogue	train	xnone#0	There will be very little merit in making a good wife to such a man as Mr	I'm not sure I understand you fully.
dialogue	train	xnone#0	We will not despair, however	I'm not sure I understand you fully.
dialogue	val	xnone#0	Weston may grow cross from the wantonness of comfort, or his son may plague him	I'm not sure I understand you fully.
dialogue	train	i#11	I hope not _that	You say you hope not that?
dialogue	train	xnone#0	It is not likely	I'm not sure I understand you fully.
dialogue	train	xnone#0	Knightley, do not foretell vexation from that quarter	I'm not sure I understand you fully.
dialogue	train	i#11	Not I, indeed	You say not you indeed?
dialogue	train	name#0	I only name possibilities	I am not interested in names.
dialogue	train	i#11	I do not pretend to Emma’s genius for foretelling and guessing	You say you do not pretend to emmas genius for foretelling and guessing?
dialogue	train	i#11	But Harriet Smith—I have not half done about Harriet Smith	You say but harriet smith you have not half done about harriet smith?
dialogue	train	i#11	I think her the very worst sort of companion that Emma could possibly have	You say you think her the very worst sort of companion that emma could possibly have?
dialogue	train	xnone#0	She knows nothing herself, and looks upon Emma as knowing every thing	I'm not sure I understand you fully.
dialogue	train	xnone#0	She is a flatterer in all her ways	I'm not sure I understand you fully.
dialogue	train	because#0	and so much the worse, because undesigned	Is that the real reason?
dialogue	train	xnone#0	Her ignorance is hourly flattery	I'm not sure I understand you fully.
dialogue	train	i#11	And as for Harriet, I will venture to say that _she_ cannot gain by the acquaintance	You say and as for harriet you will venture to say that she cannot gain by the acquaintance?
dialogue	train	xnone#0	Hartfield will only put her out of conceit with all the other places she belongs to	I'm not sure I understand you fully.
dialogue	train	xnone#0	They only give a little polish	I'm not sure I understand you fully.
dialogue	train	i#7	for I cannot lament the acquaintance	How do you think that you can't lament the acquaintance?
dialogue	train	what#0	How well she looked last night	Why do you ask?
dialogue	train	you#3	you would rather talk of her person than her mind, would you	We were discussing you -- not me.
dialogue	train	i#11	I shall not attempt to deny Emma’s being pretty	You say you shall not attempt to deny emmas being pretty?
dialogue	train	xnone#0	say beautiful rather	I'm not sure I understand you fully.
dialogue	train	can#0	Can you imagine any thing nearer perfect beauty than Emma altogether—face and figure	You believe I can imagine any thing nearer perfect beauty than emma altogether face and figure don't you?
dialogue	train	i#6	But I am a partial old friend	Is it because you are a partial old friend that you came to me?
dialogue	train	xnone#0	Such an eye	I'm not sure I understand you fully.
dialogue	train	xnone#0	the true hazle eye—and so brilliant	I'm not sure I understand you fully.
dialogue	train	xnone#0	regular features, open countenance, with a complexion	I'm not sure I understand you fully.
dialogue	train	what#0	what a bloom of full health, and such a pretty height and size	Why do you ask?
dialogue	val	xnone#0	such a firm and upright figure	I'm not sure I understand you fully.
dialogue	train	xnone#0	There is health, not merely in her bloom, but in her air, her head, her glance	I'm not sure I understand you fully.
dialogue	train	xnone#0	One hears sometimes of a child being ‘the picture of health	I'm not sure I understand you fully.
dialogue	train	always#0	now, Emma always gives me the idea of being the complete picture of grown-up health	Can you think of a specific example?
dialogue	train	xnone#0	She is loveliness itself	I'm not sure I understand you fully.
dialogue	train	xnone#0	Knightley, is not she	I'm not sure I understand you fully.
dialogue	train	i#11	I have not a fault to find with her person	You say you have not a fault to find with her person?
dialogue	train	you#3	I think her all you describe	We were discussing you -- not me.
dialogue	train	i#11	I love to look at her	You say you love to look at her?
dialogue	train	i#11	and I will add this praise, that I do not think her personally vain	You say and you will add this praise that you do not think her personally vain?
dialogue	train	what#0	Considering how very handsome she is, she appears to be little occupied with it	Why do you ask?
dialogue	train	xnone#0	her vanity lies another way	I'm not sure I understand you fully.
dialogue	train	i#11	And I, Mr	You say and you mr?
dialogue	val	my#2	Knightley, am equally stout in my confidence of its not doing them any harm	Your confidence of its not doing them any harm?
dialogue	train	xnone#0	With all dear Emma’s little faults, she is an excellent creature	I'm not sure I understand you fully.
dialogue	val	what#0	Where shall we see a better daughter, or a kinder sister, or a truer friend	Why do you ask?
dialogue	train	xnone#0	she has qualities which may be trusted	I'm not sure I understand you fully.
dialogue	val	xnone#0	she will never lead any one really wrong	I'm not sure I understand you fully.
dialogue	train	no#0	she will make no lasting blunder	Are you saying no just to be negative?
dialogue	train	what#0	where Emma errs once, she is in the right a hundred times	Why do you ask?
dialogue	train	i#10	I will not plague you any more	Perhaps in your fantasies we will not plague each other.
dialogue	val	what#0	except when he is not quite frightened enough about the children	Why do you ask?
dialogue	train	i#6	I am sure of having their opinions with me	Is it because you are sure of having their opinions with you that you came to me?
dialogue	train	i#10	I know that you all love her really too well to be unjust or unkind	Perhaps in your fantasies we know that each other.
dialogue	train	xnone#0	but excuse me, Mr	I'm not sure I understand you fully.
dialogue	train	xnone#0	Pray excuse me	I'm not sure I understand you fully.
dialogue	train	my#2	It has been so many years my province to give advice, that you cannot be surprized, Mr	Your province to give advice that I cannot be surprized mr?
dialogue	train	xnone#0	Knightley, at this little remains of office	I'm not sure I understand you fully.
dialogue	train	i#6	I am much obliged to you for it	Is it because you are much obliged to I for it that you came to me?
dialogue	train	your#0	It is very good advice, and it shall have a better fate than your advice has often found	Why are you concerned over my advice has often found?
dialogue	train	xnone#0	for it shall be attended to	I'm not sure I understand you fully.
dialogue	train	xnone#0	John Knightley is easily alarmed, and might be made unhappy about her sister	I'm not sure I understand you fully.
dialogue	train	i#11	I will not raise any outcry	You say you will not raise any outcry?
dialogue	train	my#2	I will keep my ill-humour to myself	Your ill humour to yourself?
dialogue	train	i#11	I have a very sincere interest in Emma	You say you have a very sincere interest in emma?
dialogue	train	my#1	Isabella does not seem more my sister	Tell me more about your family.
dialogue	train	xnone#0	has never excited a greater interest	I'm not sure I understand you fully.
dialogue	train	perhaps#0	perhaps hardly so great	You don't seem quite certain.
dialogue	val	what#0	There is an anxiety, a curiosity in what one feels for Emma	Why do you ask?
dialogue	train	i#11	I wonder what will become of her	You say you wonder what will become of her?
dialogue	train	i#11	So do I	You say so do you?
dialogue	train	always#0	She always declares she will never marry, which, of course, means just nothing at all	Can you think of a specific example?
dialogue	val	i#11	But I have no idea that she has yet ever seen a man she cared for	You say but you have no idea that she has yet ever seen a man she cared for?
dialogue	train	i#11	I should like to see Emma in love, and in some doubt of a return	You say you should like to see emma in love and in some doubt of a return?
dialogue	train	xnone#0	it would do her good	I'm not sure I understand you fully.
dialogue	train	everyone#0	But there is nobody hereabouts to attach her	Really, nobody?
dialogue	train	xnone#0	and she goes so seldom from home	I'm not sure I understand you fully.
dialogue	train	xnone#0	There does, indeed, seem as little to tempt her to break her resolution at present	I'm not sure I understand you fully.
dialogue	train	xnone#0	as can well be	I'm not sure I understand you fully.
dialogue	train	what#0	What does Weston think of the weather	Why do you ask?
dialogue	train	xnone#0	shall we have rain	I'm not sure I understand you fully.
dialogue	train	you#3	You have given Miss Smith all that she required	We were discussing you -- not me.
dialogue	val	you#3	you have made her graceful and easy	We were discussing you -- not me.
dialogue	train	i#2	I am glad you think I have been useful to her	How have I helped you to be glad?
dialogue	train	xnone#0	but Harriet only wanted drawing out, and receiving a few, very few hints	I'm not sure I understand you fully.
dialogue	train	xnone#0	She had all the natural grace of sweetness of temper and artlessness in herself	I'm not sure I understand you fully.
dialogue	train	i#11	I have done very little	You say you have done very little?
dialogue	train	if#0	If it were admissible to contradict a lady	Do you think its likely that it was admissible to contradict a lady?
dialogue	train	what#0	that is what principally strikes me	Why do you ask?
dialogue	train	xnone#0	So much superadded decision of character	I'm not sure I understand you fully.
dialogue	val	xnone#0	Skilful has been the hand	I'm not sure I understand you fully.
dialogue	train	i#6	Great has been the pleasure, I am sure	Is it because you are sure that you came to me?
dialogue	train	i#11	I never met with a disposition more truly amiable	You say you never met with a disposition more truly amiable?
dialogue	train	i#11	I have no doubt of it	You say you have no doubt of it?
dialogue	train	you#3	Did you ever have your likeness taken, Harriet	We were discussing you -- not me.
dialogue	train	you#3	did you ever sit for your picture	We were discussing you -- not me.
dialogue	val	no#0	dear, no, never	Are you saying no just to be negative?
dialogue	train	what#0	What an exquisite possession a good picture of her would be	Why do you ask?
dialogue	train	i#11	I would give any money for it	You say you would give any money for it?
dialogue	train	i#11	I almost long to attempt her likeness myself	You say you almost long to attempt her likeness yourself?
dialogue	train	i#11	But from one cause or another, I gave it up in disgust	You say but from one cause or another you gave it up in disgust?
dialogue	train	if#0	But really, I could almost venture, if Harriet would sit to me	Do you think its likely that harriet would sit to you?
dialogue	train	xnone#0	It would be such a delight to have her picture	I'm not sure I understand you fully.
dialogue	train	you#3	Let me entreat you	We were discussing you -- not me.
dialogue	train	xnone#0	it would indeed be a delight	I'm not sure I understand you fully.
dialogue	train	you#3	Let me entreat you, Miss Woodhouse, to exercise so charming a talent in favour of your friend	We were discussing you -- not me.
dialogue	train	i#11	I know what your drawings are	You say you know what my drawings are?
dialogue	train	what#0	How could you suppose me ignorant	Why do you ask?
dialogue	train	your#0	Is not this room rich in specimens of your landscapes and flowers	Why are you concerned over my landscapes and flowers?
dialogue	val	xnone#0	and has not Mrs	I'm not sure I understand you fully.
dialogue	train	xnone#0	Weston some inimitable figure-pieces in her drawing-room, at Randalls	I'm not sure I understand you fully.
dialogue	train	if#0	Well, if you give me such kind encouragement, Mr	Do you think its likely that I give you such kind encouragement mr?
dialogue	train	i#4	Elton, I believe I shall try what I can do	Do you really think so?
dialogue	train	are#1	Harriet’s features are very delicate, which makes a likeness difficult	Did you think they might not be very delicate which makes a likeness difficult?
dialogue	train	xnone#0	Pray, pray attempt it	I'm not sure I understand you fully.
dialogue	train	you#3	As you will do it, it will indeed, to use your own words, be an exquisite possession	We were discussing you -- not me.
dialogue	train	i#6	But I am afraid, Mr	Is it because you are afraid mr that you came to me?
dialogue	train	xnone#0	Elton, Harriet will not like to sit	I'm not sure I understand you fully.
dialogue	train	xnone#0	She thinks so little of her own beauty	I'm not sure I understand you fully.
dialogue	train	you#2	Did not you observe her manner of answering me	Why do you think I observe her manner of answering you?
dialogue	train	my#2	How completely it meant, ‘why should my picture be drawn	Your picture be drawn?
dialogue	train	yes#0	yes, I observed it, I assure you	You seem to be quite positive.
dialogue	train	xnone#0	It was not lost on me	I'm not sure I understand you fully.
dialogue	train	i#7	But still I cannot imagine she would not be persuaded	How do you think that you can't imagine she would not be persuaded?
dialogue	val	no#0	No great variety of faces for you	Are you saying no just to be negative?
dialogue	train	my#1	I had only my own family to study from	Tell me more about your family.
dialogue	train	xnone#0	neither of them very like therefore	I'm not sure I understand you fully.
dialogue	train	you#3	Weston again, and again, and again, you see	We were discussing you -- not me.
dialogue	val	my#2	always my kindest friend on every occasion	Your kindest friend on every occasion?
dialogue	train	i#11	She would sit whenever I asked her	You say she would sit whenever you asked her?
dialogue	train	my#1	There is my sister	Tell me more about your family.
dialogue	train	xnone#0	and really quite her own little elegant figure	I'm not sure I understand you fully.
dialogue	train	xnone#0	and the face not unlike	I'm not sure I understand you fully.
dialogue	train	my#1	Then, here come all my attempts at three of those four children	Tell me more about your family.
dialogue	train	i#11	She was so eager to have them drawn that I could not refuse	You say she was so eager to have them drawn that you could not refuse?
dialogue	train	no#0	but there is no making children of three or four years old stand still you know	Are you saying no just to be negative?
dialogue	val	my#2	Here is my sketch of the fourth, who was a baby	Your sketch of the fourth who was a baby?
dialogue	val	xnone#0	He had nestled down his head most conveniently	I'm not sure I understand you fully.
dialogue	train	xnone#0	That’s very like	I'm not sure I understand you fully.
dialogue	train	i#6	I am rather proud of little George	Is it because you are rather proud of little george that you came to me?
dialogue	train	xnone#0	The corner of the sofa is very good	I'm not sure I understand you fully.
dialogue	train	my#2	Then here is my last	Your last?
dialogue	train	my#1	my last and my best—my brother, Mr	Tell me more about your family.
dialogue	train	i#11	I could not help being provoked	You say you could not help being provoked?
dialogue	train	my#2	for after all my pains, and when I had really made a very good likeness of it—(Mrs	Your pains and what you had really made a very good likeness of it mrs?
dialogue	train	alike#0	Yes, it was a little like—but to be sure it did not do him justice	In what way?
dialogue	train	xnone#0	We had had a great deal of trouble in persuading him to sit at all	I'm not sure I understand you fully.
dialogue	train	xnone#0	It was made a great favour of	I'm not sure I understand you fully.
dialogue	train	i#11	and altogether it was more than I could bear	You say and altogether it was more than you could bear?
dialogue	train	i#11	and, as I said, I did then forswear ever drawing any body again	You say and as you said you did then forswear ever drawing any body again?
dialogue	train	no#0	No husbands and wives in the case at present indeed, as you observe	Are you saying no just to be negative?
dialogue	train	no#0	No husbands and wives	Are you saying no just to be negative?
dialogue	train	if#0	If he would be so good as to read to them, it would be a kindness indeed	Do you think its likely that he would be so good as to read to them it would be a kindness indeed?
dialogue	train	xnone#0	It would amuse away the difficulties of her part, and lessen the irksomeness of Miss Smith’s	I'm not sure I understand you fully.
dialogue	train	you#3	We shall be most happy to consider you as one of the party	We were discussing you -- not me.
dialogue	train	xnone#0	Miss Woodhouse has given her friend the only beauty she wanted	I'm not sure I understand you fully.
dialogue	train	xnone#0	The expression of the eye is most correct, but Miss Smith has not those eyebrows and eyelashes	I'm not sure I understand you fully.
dialogue	train	xnone#0	It is the fault of her face that she has them not	I'm not sure I understand you fully.
dialogue	train	you#3	Do you think so	We were discussing you -- not me.
dialogue	train	i#7	I cannot agree with you	How do you think that you can't agree with I?
dialogue	train	xnone#0	It appears to me a most perfect resemblance in every feature	I'm not sure I understand you fully.
dialogue	train	my#2	I never saw such a likeness in my life	Your life?
dialogue	train	you#3	We must allow for the effect of shade, you know	We were discussing you -- not me.
dialogue	val	you#3	You have made her too tall, Emma	We were discussing you -- not me.
dialogue	train	yes#0	certainly not too tall	You seem to be quite positive.
dialogue	train	xnone#0	not in the least too tall	I'm not sure I understand you fully.
dialogue	train	xnone#0	it gives one exactly the idea of such a height as Miss Smith’s	I'm not sure I understand you fully.
dialogue	train	xnone#0	Exactly so indeed	I'm not sure I understand you fully.
dialogue	train	xnone#0	It is very pretty	I'm not sure I understand you fully.
dialogue	val	xnone#0	So prettily done	I'm not sure I understand you fully.
dialogue	train	my#2	Just as your drawings always are, my dear	Your dear?
dialogue	val	i#10	I do not know any body who draws so well as you do	Perhaps in your fantasies we do not know any body who draws so well as each other.
dialogue	train	my#2	But, my dear papa, it is supposed to be summer	Your dear papa it is supposed to be summer?
dialogue	train	xnone#0	a warm day in summer	I'm not sure I understand you fully.
dialogue	train	xnone#0	Look at the tree	I'm not sure I understand you fully.
dialogue	val	my#2	But it is never safe to sit out of doors, my dear	Your dear?
dialogue	train	you#3	You, sir, may say any thing	We were discussing you -- not me.
dialogue	train	xnone#0	and the tree is touched with such inimitable spirit	I'm not sure I understand you fully.
dialogue	train	xnone#0	Any other situation would have been much less in character	I'm not sure I understand you fully.
dialogue	train	xnone#0	The naïveté of Miss Smith’s manners—and altogether—Oh, it is most admirable	I'm not sure I understand you fully.
dialogue	val	my#2	I cannot keep my eyes from it	Your eyes from it?
dialogue	train	i#11	I never saw such a likeness	You say you never saw such a likeness?
dialogue	train	what#0	Might he be trusted with the commission, what infinite pleasure should he have in executing it	Why do you ask?
dialogue	train	xnone#0	he could ride to London at any time	I'm not sure I understand you fully.
dialogue	train	what#0	It was impossible to say how much he should be gratified by being employed on such an errand	Why do you ask?
dialogue	train	xnone#0	He was too good	I'm not sure I understand you fully.
dialogue	train	xnone#0	she could not endure the thought	I'm not sure I understand you fully.
dialogue	val	xnone#0	she would not give him such a troublesome office for the world	I'm not sure I understand you fully.
dialogue	val	what#0	What a precious deposit	Why do you ask?
dialogue	train	xnone#0	This man is almost too gallant to be in love	I'm not sure I understand you fully.
dialogue	train	xnone#0	He is an excellent young man, and will suit Harriet exactly	I'm not sure I understand you fully.
dialogue	train	xnone#0	it will be an ‘Exactly so,’ as he says himself	I'm not sure I understand you fully.
dialogue	train	i#11	I come in for a pretty good share as a second	You say you come in for a pretty good share as a second?
dialogue	train	xnone#0	But it is his gratitude on Harriet’s account	I'm not sure I understand you fully.
dialogue	train	what#0	Who could have thought it	Why do you ask?
dialogue	train	what#0	She was so surprized she did not know what to do	Why do you ask?
dialogue	train	yes#0	Yes, quite a proposal of marriage	You seem to be quite positive.
dialogue	train	xnone#0	and a very good letter, at least she thought so	I'm not sure I understand you fully.
dialogue	train	xnone#0	the young man is determined not to lose any thing for want of asking	I'm not sure I understand you fully.
dialogue	train	if#0	He will connect himself well if he can	Do you think its likely that he can?
dialogue	train	you#3	Will you read the letter	We were discussing you -- not me.
dialogue	train	you#3	I’d rather you would	We were discussing you -- not me.
dialogue	val	xnone#0	Is it a good letter	I'm not sure I understand you fully.
dialogue	train	xnone#0	or is it too short	I'm not sure I understand you fully.
dialogue	train	yes#0	Yes, indeed, a very good letter	You seem to be quite positive.
dialogue	train	no#0	no, certainly, it is too strong and concise	Are you saying no just to be negative?
dialogue	train	xnone#0	not diffuse enough for a woman	I'm not sure I understand you fully.
dialogue	train	xnone#0	It is so with some men	I'm not sure I understand you fully.
dialogue	train	yes#0	Yes, I understand the sort of mind	You seem to be quite positive.
dialogue	train	xnone#0	Vigorous, decided, with sentiments to a certain point, not coarse	I'm not sure I understand you fully.
dialogue	train	i#11	A better written letter, Harriet (returning it,) than I had expected	You say a better written letter harriet returning it than you had expected?
dialogue	train	what#0	well—and—and what shall I do	Why do you ask?
dialogue	train	what#0	What shall you do	Why do you ask?
dialogue	train	what#0	In what respect	Why do you ask?
dialogue	val	you#3	Do you mean with regard to this letter	We were discussing you -- not me.
dialogue	train	what#0	But what are you in doubt of	Why do you ask?
dialogue	train	you#3	You must answer it of course—and speedily	We were discussing you -- not me.
dialogue	train	what#0	But what shall I say	Why do you ask?
dialogue	train	xnone#0	Dear Miss Woodhouse, do advise me	I'm not sure I understand you fully.
dialogue	train	no#0	Oh no, no	Are you saying no just to be negative?
dialogue	train	your#0	the letter had much better be all your own	Why are you concerned over my own?
dialogue	train	you#3	You will express yourself very properly, I am sure	We were discussing you -- not me.
dialogue	train	no#0	There is no danger of your not being intelligible, which is the first thing	Are you saying no just to be negative?
dialogue	train	your#0	Your meaning must be unequivocal	Why are you concerned over my meaning must be unequivocal?
dialogue	train	you#3	You need not be prompted to write with the appearance of sorrow for his disappointment	We were discussing you -- not me.
dialogue	train	you#3	You think I ought to refuse him then	We were discussing you -- not me.
dialogue	train	xnone#0	Ought to refuse him	I'm not sure I understand you fully.
dialogue	train	my#2	My dear Harriet, what do you mean	Your dear harriet what do I mean?
dialogue	train	are#0	Are you in any doubt as to that	Why are you interested in whether I am in any doubt as to that or not?
dialogue	train	i#11	I thought—but I beg your pardon, perhaps I have been under a mistake	You say you thought but you beg my pardon perhaps you have been under a mistake?
dialogue	train	if#0	I certainly have been misunderstanding you, if you feel in doubt as to the _purport_ of your answer	Do you think its likely that I feel in doubt as to the purport of my answer?
dialogue	train	i#10	I had imagined you were consulting me only as to the wording of it	Perhaps in your fantasies we had imagined each other.
dialogue	train	you#3	You mean to return a favourable answer, I collect	We were discussing you -- not me.
dialogue	train	no#0	No, I do not	Are you saying no just to be negative?
dialogue	train	i#11	that is, I do not mean—What shall I do	You say that is you do not mean what shall you do?
dialogue	train	what#0	What would you advise me to do	Why do you ask?
dialogue	train	what#0	Pray, dear Miss Woodhouse, tell me what I ought to do	Why do you ask?
dialogue	train	i#10	I shall not give you any advice, Harriet	Perhaps in your fantasies we shall not give each other.
dialogue	train	i#11	I will have nothing to do with it	You say you will have nothing to do with it?
dialogue	train	you#3	This is a point which you must settle with your feelings	We were discussing you -- not me.
dialogue	train	i#11	I had no notion that he liked me so very much	You say you had no notion that he liked you so very much?
dialogue	train	if#0	If she can hesitate as to ‘Yes,’ she ought to say ‘No’ directly	Do you think its likely that she can hesitate as to yes she ought to say no directly?
dialogue	train	xnone#0	It is not a state to be safely entered into with doubtful feelings, with half a heart	I'm not sure I understand you fully.
dialogue	train	my#2	I thought it my duty as a friend, and older than yourself, to say thus much to you	Your duty as a friend and older than myself to say thus much to I?
dialogue	train	i#0	But do not imagine that I want to influence you	What would it mean to you if you got to influence I?
dialogue	train	no#0	It will be safer to say ‘No,’ perhaps	Are you saying no just to be negative?
dialogue	train	you#3	Do you think I had better say ‘No	We were discussing you -- not me.
dialogue	train	xnone#0	Not for the world	I'm not sure I understand you fully.
dialogue	train	i#10	would I advise you either way	Perhaps in your fantasies we advise each other.
dialogue	train	you#3	You must be the best judge of your own happiness	We were discussing you -- not me.
dialogue	val	if#0	If you prefer Mr	Do you think its likely that I prefer mr?
dialogue	train	xnone#0	Martin to every other person	I'm not sure I understand you fully.
dialogue	train	you#3	You blush, Harriet	We were discussing you -- not me.
dialogue	train	you#3	Does any body else occur to you at this moment under such a definition	We were discussing you -- not me.
dialogue	train	xnone#0	Harriet, Harriet, do not deceive yourself	I'm not sure I understand you fully.
dialogue	train	xnone#0	do not be run away with by gratitude and compassion	I'm not sure I understand you fully.
dialogue	train	are#0	At this moment whom are you thinking of	Why are you interested in whether I am thinking of or not?
dialogue	train	my#2	and I have now quite determined, and really almost made up my mind—to refuse Mr	Your mind to refuse mr?
dialogue	train	you#3	Do you think I am right	We were discussing you -- not me.
dialogue	train	my#2	Perfectly, perfectly right, my dearest Harriet	Your dearest harriet?
dialogue	train	you#1	you are doing just what you ought	What makes you think I am doing just what I ought?
dialogue	train	i#11	Dear Harriet, I give myself joy of this	You say dear harriet you give yourself joy of this?
dialogue	train	you#3	While you were in the smallest degree wavering, I said nothing about it, because I would not influence	We were discussing you -- not me.
dialogue	train	xnone#0	but it would have been the loss of a friend to me	I'm not sure I understand you fully.
dialogue	train	i#11	I could not have visited Mrs	You say you could not have visited mrs?
dialogue	train	xnone#0	Robert Martin, of Abbey-Mill Farm	I'm not sure I understand you fully.
dialogue	train	i#6	Now I am secure of you for ever	Is it because you are secure of I for ever that you came to me?
dialogue	train	you#2	You could not have visited me	Why do you think I could not have visited you?
dialogue	train	no#0	No, to be sure you could not	Are you saying no just to be negative?
dialogue	train	i#11	but I never thought of that before	You say but you never thought of that before?
dialogue	train	xnone#0	That would have been too dreadful	I'm not sure I understand you fully.
dialogue	train	what#0	What an escape	Why do you ask?
dialogue	train	you#3	Indeed, Harriet, it would have been a severe pang to lose you	We were discussing you -- not me.
dialogue	train	xnone#0	but it must have been	I'm not sure I understand you fully.
dialogue	train	you#3	You would have thrown yourself out of all good society	We were discussing you -- not me.
dialogue	train	i#10	I must have given you up	Perhaps in your fantasies we must have given each other.
dialogue	train	what#0	How should I ever have borne it	Why do you ask?
dialogue	val	xnone#0	It would have killed me never to come to Hartfield any more	I'm not sure I understand you fully.
dialogue	train	xnone#0	Dear affectionate creature	I'm not sure I understand you fully.
dialogue	train	you#3	You_ banished to Abbey-Mill Farm	We were discussing you -- not me.
dialogue	train	you#3	You_ confined to the society of the illiterate and vulgar all your life	We were discussing you -- not me.
dialogue	train	i#11	I wonder how the young man could have the assurance to ask it	You say you wonder what the young man could have the assurance to ask it?
dialogue	train	xnone#0	He must have a pretty good opinion of himself	I'm not sure I understand you fully.
dialogue	train	i#11	I do not think he is conceited either, in general	You say you do not think he is conceited either in general?
dialogue	train	i#11	However, I do really think Mr	You say however you do really think mr?
dialogue	train	xnone#0	Martin a very amiable young man, and have a great opinion of him	I'm not sure I understand you fully.
dialogue	train	my#2	Thank you, thank you, my own sweet little friend	Your own sweet little friend?
dialogue	train	xnone#0	We will not be parted	I'm not sure I understand you fully.
dialogue	train	xnone#0	and it is but a short letter too	I'm not sure I understand you fully.
dialogue	train	everyone#0	Nobody cares for a letter	Really, nobody?
dialogue	train	always#0	the thing is, to be always happy with pleasant companions	Can you think of a specific example?
dialogue	train	i#6	I am quite determined to refuse him	Is it because you are quite determined to refuse him that you came to me?
dialogue	train	what#0	But how shall I do	Why do you ask?
dialogue	train	what#0	What shall I say	Why do you ask?
dialogue	train	i#11	I shall never be invited to Abbey-Mill again	You say you shall never be invited to abbey mill again?
dialogue	train	if#0	Nor, if you were, could I ever bear to part with you, my Harriet	Do you think its likely that I was could you ever bear to part with I your harriet?
dialogue	train	you#1	You are a great deal too necessary at Hartfield to be spared to Abbey-Mill	What makes you think I am a great deal too necessary at hartfield to be spared to abbey mill?
dialogue	train	i#6	And I am sure I should never want to go there	Is it because you are sure you should never want to go there that you came to me?
dialogue	train	i#2	for I am never happy but at Hartfield	How have I helped you to be happy?
dialogue	train	i#11	I think Mrs	You say you think mrs?
dialogue	val	if#0	Goddard would be very much surprized if she knew what had happened	Do you think its likely that she knew what had happened?
dialogue	train	sorry#0	One should be sorry to see greater pride or refinement in the teacher of a school, Harriet	Please don't apologise.
dialogue	train	i#10	I dare say Miss Nash would envy you such an opportunity as this of being married	Perhaps in your fantasies we dare say miss nash would envy each other.
dialogue	train	xnone#0	Even this conquest would appear valuable in her eyes	I'm not sure I understand you fully.
dialogue	train	you#3	As to any thing superior for you, I suppose she is quite in the dark	We were discussing you -- not me.
dialogue	train	xnone#0	The attentions of a certain person can hardly be among the tittle-tattle of Highbury yet	I'm not sure I understand you fully.
dialogue	train	my#2	Now he has got my letter	Your letter?
dialogue	train	if#0	I wonder what they are all doing—whether his sisters know—if he is unhappy, they will be unhappy too	Do you think its likely that he is unhappy they will be unhappy too?
dialogue	train	i#11	I hope he will not mind it so very much	You say you hope he will not mind it so very much?
dialogue	train	what#0	Let us think of those among our absent friends who are more cheerfully employed	Why do you ask?
dialogue	train	perhaps#0	At this moment, perhaps, Mr	You don't seem quite certain.
dialogue	train	my#2	But he has left my picture in Bond-street	Your picture in bond street?
dialogue	train	xnone#0	Has he so	I'm not sure I understand you fully.
dialogue	train	i#11	Then I know nothing of Mr	You say then you know nothing of mr?
dialogue	train	xnone#0	It is his companion all this evening, his solace, his delight	I'm not sure I understand you fully.
dialogue	train	what#0	How cheerful, how animated, how suspicious, how busy their imaginations all are	Why do you ask?
dialogue	train	if#0	Well, I believe, if you will excuse me, Mr	Do you think its likely that I will excuse you mr?
dialogue	train	my#2	As the sun is out, I believe I had better take my three turns while I can	Your three turns while you can?
dialogue	train	i#10	I treat you without ceremony, Mr	Perhaps in your fantasies we treat each other.
dialogue	train	are#1	We invalids think we are privileged people	Did you think they might not be privileged people?
dialogue	train	my#2	My dear sir, do not make a stranger of me	Your dear sir do not make a stranger of you?
dialogue	train	my#2	I leave an excellent substitute in my daughter	Your daughter?
dialogue	train	you#3	Emma will be happy to entertain you	We were discussing you -- not me.
dialogue	train	my#2	And therefore I think I will beg your excuse and take my three turns—my winter walk	Your three turns your winter walk?
dialogue	train	you#3	You cannot do better, sir	We were discussing you -- not me.
dialogue	train	i#11	I would ask for the pleasure of your company, Mr	You say you would ask for the pleasure of my company mr?
dialogue	train	my#2	Knightley, but I am a very slow walker, and my pace would be tedious to you	Your pace would be tedious to I?
dialogue	train	you#3	and, besides, you have another long walk before you, to Donwell Abbey	We were discussing you -- not me.
dialogue	train	you#3	Thank you, sir, thank you	We were discussing you -- not me.
dialogue	train	i#6	I am going this moment myself	Is it because you are going this moment yourself that you came to me?
dialogue	train	you#3	and I think the sooner _you_ go the better	We were discussing you -- not me.
dialogue	train	i#10	I will fetch your greatcoat and open the garden door for you	Perhaps in your fantasies we will fetch my greatcoat and open the garden door for each other.
dialogue	train	i#7	I cannot rate her beauty as you do	How do you think that you can't rate her beauty as I do?
dialogue	train	i#6	but she is a pretty little creature, and I am inclined to think very well of her disposition	Is it because you are inclined to think very well of her disposition that you came to me?
dialogue	val	xnone#0	Her character depends upon those she is with	I'm not sure I understand you fully.
dialogue	train	xnone#0	but in good hands she will turn out a valuable woman	I'm not sure I understand you fully.
dialogue	train	i#2	I am glad you think so	How have I helped you to be glad?
dialogue	train	i#11	and the good hands, I hope, may not be wanting	You say and the good hands you hope may not be wanting?
dialogue	val	you#1	you are anxious for a compliment, so I will tell you that you have improved her	What makes you think I am anxious for a compliment so you will tell I that I have improved her?
dialogue	val	you#3	You have cured her of her school-girl’s giggle	We were discussing you -- not me.
dialogue	train	you#3	she really does you credit	We were discussing you -- not me.
dialogue	train	if#0	I should be mortified indeed if I did not believe I had been of some use	Do you think its likely that you did not believe you had been of some use?
dialogue	train	what#0	but it is not every body who will bestow praise where they may	Why do you ask?
dialogue	train	you#2	You_ do not often overpower me with it	Why do you think I do not often overpower you?
dialogue	train	you#1	You are expecting her again, you say, this morning	What makes you think I am expecting her again I say this morning?
dialogue	train	xnone#0	Almost every moment	I'm not sure I understand you fully.
dialogue	train	xnone#0	She has been gone longer already than she intended	I'm not sure I understand you fully.
dialogue	train	xnone#0	Something has happened to delay her	I'm not sure I understand you fully.
dialogue	train	perhaps#0	some visitors perhaps	You don't seem quite certain.
dialogue	train	you#3	Harriet may not consider every body tiresome that you would	We were discussing you -- not me.
dialogue	train	what#0	of what sort	Why do you ask?
dialogue	train	i#10	A very serious sort, I assure you	Perhaps in your fantasies we assure each other.
dialogue	train	i#11	I can think of but one thing—Who is in love with her	You say you can think of but one thing who is in love with her?
dialogue	train	what#0	Who makes you their confidant	Why do you ask?
dialogue	train	i#11	I have reason to think	You say you have reason to think?
dialogue	train	xnone#0	Her visit to Abbey-Mill, this summer, seems to have done his business	I'm not sure I understand you fully.
dialogue	train	xnone#0	He is desperately in love and means to marry her	I'm not sure I understand you fully.
dialogue	train	xnone#0	He is very obliging	I'm not sure I understand you fully.
dialogue	train	xnone#0	but is he sure that Harriet means to marry him	I'm not sure I understand you fully.
dialogue	train	xnone#0	Well, well, means to make her an offer then	I'm not sure I understand you fully.
dialogue	train	xnone#0	Will that do	I'm not sure I understand you fully.
dialogue	train	xnone#0	He came to the Abbey two evenings ago, on purpose to consult me about it	I'm not sure I understand you fully.
dialogue	train	i#11	He came to ask me whether I thought it would be imprudent in him to settle so early	You say he came to ask you whether you thought it would be imprudent in him to settle so early?
dialogue	train	i#11	whether I thought her too young: in short, whether I approved his choice altogether	You say whether you thought her too young in short whether you approved his choice altogether?
dialogue	train	was#1	I was very much pleased with all that he said	Were you really?
dialogue	train	i#11	I never hear better sense from any one than Robert Martin	You say you never hear better sense from any one than robert martin?
dialogue	train	always#0	He always speaks to the purpose	Can you think of a specific example?
dialogue	val	xnone#0	open, straightforward, and very well judging	I'm not sure I understand you fully.
dialogue	train	xnone#0	He told me every thing	I'm not sure I understand you fully.
dialogue	train	what#0	his circumstances and plans, and what they all proposed doing in the event of his marriage	Why do you ask?
dialogue	train	xnone#0	He is an excellent young man, both as son and brother	I'm not sure I understand you fully.
dialogue	train	i#11	I had no hesitation in advising him to marry	You say you had no hesitation in advising him to marry?
dialogue	val	xnone#0	He proved to me that he could afford it	I'm not sure I understand you fully.
dialogue	train	was#1	and that being the case, I was convinced he could not do better	Were you really?
dialogue	train	i#11	I praised the fair lady too, and altogether sent him away very happy	You say you praised the fair lady too and altogether sent him away very happy?
dialogue	train	if#0	If he had never esteemed my opinion before, he would have thought highly of me then	Do you think its likely that he had never esteemed your opinion before he would have thought highly of you then?
dialogue	train	i#11	and, I dare say, left the house thinking me the best friend and counsellor man ever had	You say and you dare say left the house thinking you the best friend and counsellor man ever had?
dialogue	train	xnone#0	This happened the night before last	I'm not sure I understand you fully.
dialogue	train	xnone#0	and she may be detained by a visitor, without thinking him at all a tiresome wretch	I'm not sure I understand you fully.
dialogue	train	what#0	how do you know that Mr	Why do you ask?
dialogue	train	xnone#0	Martin did not speak yesterday	I'm not sure I understand you fully.
dialogue	train	i#11	I do not absolutely know it	You say you do not absolutely know it?
dialogue	train	xnone#0	but it may be inferred	I'm not sure I understand you fully.
dialogue	train	you#3	Was not she the whole day with you	We were discussing you -- not me.
dialogue	train	i#10	I will tell you something, in return for what you have told me	Perhaps in your fantasies we will tell each other.
dialogue	val	xnone#0	He did speak yesterday—that is, he wrote, and was refused	I'm not sure I understand you fully.
dialogue	train	i#11	Then she is a greater simpleton than I ever believed her	You say then she is a greater simpleton than you ever believed her?
dialogue	train	what#0	What is the foolish girl about	Why do you ask?
dialogue	train	always#0	it is always incomprehensible to a man that a woman should ever refuse an offer of marriage	Can you think of a specific example?
dialogue	train	always#0	A man always imagines a woman to be ready for any body who asks her	Can you think of a specific example?
dialogue	train	xnone#0	a man does not imagine any such thing	I'm not sure I understand you fully.
dialogue	train	what#0	But what is the meaning of this	Why do you ask?
dialogue	train	xnone#0	Harriet Smith refuse Robert Martin	I'm not sure I understand you fully.
dialogue	train	if#0	madness, if it is so	Do you think its likely that it is so?
dialogue	train	i#10	but I hope you are mistaken	Perhaps in your fantasies we hope each other.
dialogue	train	i#11	I saw her answer	You say you saw her answer?
dialogue	train	xnone#0	nothing could be clearer	I'm not sure I understand you fully.
dialogue	train	you#3	You saw her answer	We were discussing you -- not me.
dialogue	train	you#3	you wrote her answer too	We were discussing you -- not me.
dialogue	train	you#3	Wedlock suits you	We were discussing you -- not me.
dialogue	train	you#3	I think, Watson, that you have put on seven and a half pounds since I saw you	We were discussing you -- not me.
dialogue	train	i#11	Indeed, I should have thought a little more	You say indeed you should have thought a little more?
dialogue	train	i#11	Just a trifle more, I fancy, Watson	You say just a trifle more you fancy watson?
dialogue	train	i#11	And in practice again, I observe	You say and in practice again you observe?
dialogue	train	you#2	You did not tell me that you intended to go into harness	Why do you think I did not tell you?
dialogue	train	what#0	Then, how do you know	Why do you ask?
dialogue	train	i#11	I see it, I deduce it	You say you see it you deduce it?
dialogue	train	my#2	My dear Holmes	Your dear holmes?
dialogue	train	xnone#0	this is too much	I'm not sure I understand you fully.
dialogue	train	you#3	You would certainly have been burned, had you lived a few centuries ago	We were discussing you -- not me.
dialogue	train	xnone#0	It is simplicity itself	I'm not sure I understand you fully.
dialogue	train	what#0	When I hear you give your reasons	Why do you ask?
dialogue	train	my#2	And yet I believe that my eyes are as good as yours	Your eyes are as good as yours?
dialogue	train	you#3	You see, but you do not observe	We were discussing you -- not me.
dialogue	train	xnone#0	The distinction is clear	I'm not sure I understand you fully.
dialogue	train	you#3	For example, you have frequently seen the steps which lead up from the hall to this room	We were discussing you -- not me.
dialogue	train	xnone#0	Well, some hundreds of times	I'm not sure I understand you fully.
dialogue	train	what#0	Then how many are there	Why do you ask?
dialogue	train	you#3	You have not observed	We were discussing you -- not me.
dialogue	train	you#3	And yet you have seen	We were discussing you -- not me.
dialogue	val	my#2	That is just my point	Your point?
dialogue	train	i#11	Now, I know that there are seventeen steps, because I have both seen and observed	You say now you know that there are seventeen steps because you have both seen and observed?
dialogue	train	xnone#0	It came by the last post	I'm not sure I understand you fully.
dialogue	train	xnone#0	Read it aloud	I'm not sure I understand you fully.
dialogue	train	you#3	There will call upon you to-night, at a quarter to eight o’clock	We were discussing you -- not me.
dialogue	train	what#0	a gentleman who desires to consult you upon a matter of the very deepest moment	Why do you ask?
dialogue	train	you#3	This account of you we have from all quarters received	We were discussing you -- not me.
dialogue	train	xnone#0	This is indeed a mystery	I'm not sure I understand you fully.
dialogue	train	what#0	What do you imagine that it means	Why do you ask?
dialogue	train	i#11	I have no data yet	You say you have no data yet?
dialogue	train	xnone#0	It is a capital mistake to theorise before one has data	I'm not sure I understand you fully.
dialogue	train	xnone#0	Insensibly one begins to twist facts to suit theories, instead of theories to suit facts	I'm not sure I understand you fully.
dialogue	train	xnone#0	But the note itself	I'm not sure I understand you fully.
dialogue	train	what#0	What do you deduce from it	Why do you ask?
dialogue	train	what#0	The man who wrote it was presumably well to do	Why do you ask?
dialogue	train	xnone#0	Such paper could not be bought under half a crown a packet	I'm not sure I understand you fully.
dialogue	train	xnone#0	It is peculiarly strong and stiff	I'm not sure I understand you fully.
dialogue	train	xnone#0	Peculiar—that is the very word	I'm not sure I understand you fully.
dialogue	train	xnone#0	It is not an English paper at all	I'm not sure I understand you fully.
dialogue	train	xnone#0	Hold it up to the light	I'm not sure I understand you fully.
dialogue	train	what#0	What do you make of that	Why do you ask?
dialogue	train	name#0	The name of the maker, no doubt	I am not interested in names.
dialogue	train	xnone#0	or his monogram, rather	I'm not sure I understand you fully.
dialogue	train	xnone#0	The ‘G’ with the small ‘t’ stands for ‘Gesellschaft,’ which is the German for ‘Company	I'm not sure I understand you fully.
dialogue	train	alike#0	It is a customary contraction like our ‘Co	In what way?
dialogue	train	xnone#0	P,’ of course, stands for ‘Papier	I'm not sure I understand you fully.
dialogue	train	xnone#0	Now for the ‘Eg	I'm not sure I understand you fully.
dialogue	train	xnone#0	Let us glance at our Continental Gazetteer	I'm not sure I understand you fully.
dialogue	train	are#1	Eglow, Eglonitz—here we are, Egria	Did you think they might not be egria?
dialogue	train	xnone#0	It is in a German-speaking country—in Bohemia, not far from Carlsbad	I'm not sure I understand you fully.
dialogue	train	xnone#0	Remarkable as being the scene of the death of Wallenstein, and for its numerous glass-factories and paper-mills	I'm not sure I understand you fully.
dialogue	train	my#2	Ha, ha, my boy, what do you make of that	Your boy what do I make of that?
dialogue	train	xnone#0	The paper was made in Bohemia	I'm not sure I understand you fully.
dialogue	train	what#0	And the man who wrote the note is a German	Why do you ask?
dialogue	train	you#3	Do you note the peculiar construction of the sentence—‘This account of you we have from all quarters received	We were discussing you -- not me.
dialogue	train	xnone#0	A Frenchman or Russian could not have written that	I'm not sure I understand you fully.
dialogue	train	what#0	It is the German who is so uncourteous to his verbs	Why do you ask?
dialogue	train	if#0	And here he comes, if I am not mistaken, to resolve all our doubts	Do you think its likely that you are not mistaken to resolve all our doubts?
dialogue	train	xnone#0	A pair, by the sound	I'm not sure I understand you fully.
dialogue	train	xnone#0	A nice little brougham and a pair of beauties	I'm not sure I understand you fully.
dialogue	train	xnone#0	A hundred and fifty guineas apiece	I'm not sure I understand you fully.
dialogue	train	if#0	There’s money in this case, Watson, if there is nothing else	Do you think its likely that there is nothing else?
dialogue	train	i#11	I think that I had better go, Holmes	You say you think that you had better go holmes?
dialogue	val	xnone#0	Not a bit, Doctor	I'm not sure I understand you fully.
dialogue	train	my#2	I am lost without my Boswell	Your boswell?
dialogue	train	xnone#0	And this promises to be interesting	I'm not sure I understand you fully.
dialogue	train	xnone#0	It would be a pity to miss it	I'm not sure I understand you fully.
dialogue	train	your#0	But your client	Why are you concerned over my client?
dialogue	val	xnone#0	Never mind him	I'm not sure I understand you fully.
dialogue	train	i#11	I may want your help, and so may he	You say you may want my help and so may he?
dialogue	train	xnone#0	Here he comes	I'm not sure I understand you fully.
dialogue	train	your#0	Sit down in that armchair, Doctor, and give us your best attention	Why are you concerned over my best attention?
dialogue	train	my#2	You had my note	Your note?
dialogue	train	i#10	I told you that I would call	Perhaps in your fantasies we told each other.
dialogue	train	xnone#0	Pray take a seat	I'm not sure I understand you fully.
dialogue	val	my#2	This is my friend and colleague, Dr	Your friend and colleague dr?
dialogue	train	my#2	Watson, who is occasionally good enough to help me in my cases	Your cases?
dialogue	train	i#11	Whom have I the honour to address	You say whom have you the honour to address?
dialogue	train	you#2	You may address me as the Count Von Kramm, a Bohemian nobleman	Why do you think I may address you?
dialogue	train	if#0	If not, I should much prefer to communicate with you alone	Do you think its likely that not you should much prefer to communicate with I alone?
dialogue	train	xnone#0	It is both, or none	I'm not sure I understand you fully.
dialogue	train	you#2	You may say before this gentleman anything which you may say to me	Why do you think I may say before this gentleman anything which I may say to you?
dialogue	train	i#11	Then I must begin	You say then you must begin?
dialogue	train	you#3	by binding you both to absolute secrecy for two years	We were discussing you -- not me.
dialogue	train	no#0	at the end of that time the matter will be of no importance	Are you saying no just to be negative?
dialogue	train	you#3	You will excuse this mask	We were discussing you -- not me.
dialogue	train	was#1	I was aware of it	Were you really?
dialogue	train	xnone#0	To speak plainly, the matter implicates the great House of Ormstein, hereditary kings of Bohemia	I'm not sure I understand you fully.
dialogue	train	was#1	I was also aware of that	Were you really?
dialogue	val	if#0	If your Majesty would condescend to state your case	Do you think its likely that my majesty would condescend to state my case?
dialogue	train	i#10	I should be better able to advise you	Perhaps in your fantasies we should be better able to advise each other.
dialogue	train	you#1	You are right	What makes you think I am right?
dialogue	train	i#6	I am the King	Is it because you are the king that you came to me?
dialogue	train	what#0	Why should I attempt to conceal it	Why do you ask?
dialogue	train	you#3	But you can understand	We were discussing you -- not me.
dialogue	train	my#2	you can understand that I am not accustomed to doing such business in my own person	Your own person?
dialogue	train	i#10	I have come _incognito_ from Prague for the purpose of consulting you	Perhaps in your fantasies we have come incognito from prague for the purpose of consulting each other.
dialogue	train	xnone#0	Then, pray consult	I'm not sure I understand you fully.
dialogue	train	name#0	The name is no doubt familiar to you	I am not interested in names.
dialogue	train	my#2	Kindly look her up in my index, Doctor	Your index doctor?
dialogue	train	xnone#0	Let me see	I'm not sure I understand you fully.
dialogue	train	xnone#0	Born in New Jersey in the year 1858	I'm not sure I understand you fully.
dialogue	train	xnone#0	La Scala, hum	I'm not sure I understand you fully.
dialogue	train	yes#0	Prima donna Imperial Opera of Warsaw—yes	You seem to be quite positive.
dialogue	train	xnone#0	Retired from operatic stage—ha	I'm not sure I understand you fully.
dialogue	train	xnone#0	Living in London—quite so	I'm not sure I understand you fully.
dialogue	train	xnone#0	Was there a secret marriage	I'm not sure I understand you fully.
dialogue	val	no#0	No legal papers or certificates	Are you saying no just to be negative?
dialogue	train	i#11	Then I fail to follow your Majesty	You say then you fail to follow my majesty?
dialogue	train	xnone#0	There is the writing	I'm not sure I understand you fully.
dialogue	train	my#2	My private note-paper	Your private note paper?
dialogue	train	my#2	My own seal	Your own seal?
dialogue	train	xnone#0	We were both in the photograph	I'm not sure I understand you fully.
dialogue	val	xnone#0	That is very bad	I'm not sure I understand you fully.
dialogue	train	your#0	Your Majesty has indeed committed an indiscretion	Why are you concerned over my majesty has indeed committed an indiscretion?
dialogue	train	was#1	I was mad—insane	Were you really?
dialogue	train	you#3	You have compromised yourself seriously	We were discussing you -- not me.
dialogue	train	was#1	I was only Crown Prince then	Were you really?
dialogue	train	was#1	I was young	Were you really?
dialogue	train	i#6	I am but thirty now	Is it because you are but thirty now that you came to me?
dialogue	train	xnone#0	It must be recovered	I'm not sure I understand you fully.
dialogue	train	xnone#0	We have tried and failed	I'm not sure I understand you fully.
dialogue	train	your#0	Your Majesty must pay	Why are you concerned over my majesty must pay?
dialogue	train	xnone#0	It must be bought	I'm not sure I understand you fully.
dialogue	train	xnone#0	She will not sell	I'm not sure I understand you fully.
dialogue	train	xnone#0	Five attempts have been made	I'm not sure I understand you fully.
dialogue	val	my#2	Twice burglars in my pay ransacked her house	Your pay ransacked her house?
dialogue	train	what#0	Once we diverted her luggage when she travelled	Why do you ask?
dialogue	val	xnone#0	Twice she has been waylaid	I'm not sure I understand you fully.
dialogue	train	no#0	There has been no result	Are you saying no just to be negative?
dialogue	train	no#0	No sign of it	Are you saying no just to be negative?
dialogue	train	xnone#0	It is quite a pretty little problem	I'm not sure I understand you fully.
dialogue	train	xnone#0	But a very serious one to me	I'm not sure I understand you fully.
dialogue	train	what#0	And what does she propose to do with the photograph	Why do you ask?
dialogue	train	xnone#0	To ruin me	I'm not sure I understand you fully.
dialogue	train	i#6	I am about to be married	Is it because you are about to be married that you came to me?
dialogue	train	i#11	So I have heard	You say so you have heard?
dialogue	train	xnone#0	To Clotilde Lothman von Saxe-Meningen, second daughter of the King of Scandinavia	I'm not sure I understand you fully.
dialogue	train	you#3	You may know the strict principles of her family	We were discussing you -- not me.
dialogue	train	xnone#0	She is herself the very soul of delicacy	I'm not sure I understand you fully.
dialogue	val	my#2	A shadow of a doubt as to my conduct would bring the matter to an end	Your conduct would bring the matter to an end?
dialogue	train	xnone#0	And Irene Adler	I'm not sure I understand you fully.
dialogue	train	xnone#0	Threatens to send them the photograph	I'm not sure I understand you fully.
dialogue	train	xnone#0	And she will do it	I'm not sure I understand you fully.
dialogue	train	i#11	I know that she will do it	You say you know that she will do it?
dialogue	train	you#3	You do not know her, but she has a soul of steel	We were discussing you -- not me.
dialogue	train	i#11	Rather than I should marry another woman, there are no lengths to which she would not go—none	You say rather than you should marry another woman there are no lengths to which she would not go none?
dialogue	train	you#1	You are sure that she has not sent it yet	What makes you think I am sure that she has not sent it yet?
dialogue	train	because#0	Because she has said that she would send it on the day when the betrothal was publicly proclaimed	Is that the real reason?
dialogue	train	xnone#0	That will be next Monday	I'm not sure I understand you fully.
dialogue	train	xnone#0	Oh, then we have three days yet	I'm not sure I understand you fully.
dialogue	train	your#0	Your Majesty will, of course, stay in London for the present	Why are you concerned over my majesty will of course stay in london for the present?
dialogue	train	name#0	You will find me at the Langham under the name of the Count Von Kramm	I am not interested in names.
dialogue	train	i#10	Then I shall drop you a line to let you know how we progress	Perhaps in your fantasies we shall drop each other.
dialogue	train	xnone#0	Pray do so	I'm not sure I understand you fully.
dialogue	train	i#11	I shall be all anxiety	You say you shall be all anxiety?
dialogue	train	xnone#0	Then, as to money	I'm not sure I understand you fully.
dialogue	train	you#3	You have _carte blanche	We were discussing you -- not me.
dialogue	val	my#2	I tell you that I would give one of the provinces of my kingdom to have that photograph	Your kingdom to have that photograph?
dialogue	train	xnone#0	And for present expenses	I'm not sure I understand you fully.
dialogue	train	are#1	There are three hundred pounds in gold and seven hundred in notes	Did you think they might not be three hundred pounds in gold and seven hundred in notes?
dialogue	train	xnone#0	And Mademoiselle’s address	I'm not sure I understand you fully.
dialogue	train	xnone#0	Is Briony Lodge, Serpentine Avenue, St	I'm not sure I understand you fully.
dialogue	train	xnone#0	One other question	I'm not sure I understand you fully.
dialogue	train	xnone#0	Was the photograph a cabinet	I'm not sure I understand you fully.
dialogue	train	your#0	Then, good-night, your Majesty, and I trust that we shall soon have some good news for you	Why are you concerned over my majesty and you trust that we shall soon have some good news for I?
dialogue	train	xnone#0	And good-night, Watson	I'm not sure I understand you fully.
dialogue	train	what#0	What is it	Why do you ask?
dialogue	train	xnone#0	It’s quite too funny	I'm not sure I understand you fully.
dialogue	train	my#2	I am sure you could never guess how I employed my morning, or what I ended by doing	Your morning or what you ended by doing?
dialogue	train	i#7	I can’t imagine	How do you think that you can't imagine?
dialogue	train	i#10	I suppose that you have been watching the habits, and perhaps the house, of Miss Irene Adler	Perhaps in your fantasies we suppose that each other.
dialogue	val	xnone#0	but the sequel was rather unusual	I'm not sure I understand you fully.
dialogue	train	i#10	I will tell you, however	Perhaps in your fantasies we will tell each other.
dialogue	train	xnone#0	There is a wonderful sympathy and freemasonry among horsey men	I'm not sure I understand you fully.
dialogue	train	you#3	Be one of them, and you will know all that there is to know	We were discussing you -- not me.
dialogue	train	i#11	I soon found Briony Lodge	You say you soon found briony lodge?
dialogue	train	xnone#0	Chubb lock to the door	I'm not sure I understand you fully.
dialogue	train	what#0	And what of Irene Adler	Why do you ask?
dialogue	train	xnone#0	Oh, she has turned all the men’s heads down in that part	I'm not sure I understand you fully.
dialogue	train	xnone#0	She is the daintiest thing under a bonnet on this planet	I'm not sure I understand you fully.
dialogue	train	xnone#0	So say the Serpentine-mews, to a man	I'm not sure I understand you fully.
dialogue	train	what#0	Seldom goes out at other times, except when she sings	Why do you ask?
dialogue	train	xnone#0	Has only one male visitor, but a good deal of him	I'm not sure I understand you fully.
dialogue	train	xnone#0	He is dark, handsome, and dashing, never calls less than once a day, and often twice	I'm not sure I understand you fully.
dialogue	train	xnone#0	He is a Mr	I'm not sure I understand you fully.
dialogue	train	xnone#0	Godfrey Norton, of the Inner Temple	I'm not sure I understand you fully.
dialogue	train	xnone#0	See the advantages of a cabman as a confidant	I'm not sure I understand you fully.
dialogue	train	xnone#0	They had driven him home a dozen times from Serpentine-mews, and knew all about him	I'm not sure I understand you fully.
dialogue	train	xnone#0	This Godfrey Norton was evidently an important factor in the matter	I'm not sure I understand you fully.
dialogue	train	xnone#0	He was a lawyer	I'm not sure I understand you fully.
dialogue	train	xnone#0	That sounded ominous	I'm not sure I understand you fully.
dialogue	train	what#0	What was the relation between them, and what the object of his repeated visits	Why do you ask?
dialogue	train	xnone#0	Was she his client, his friend, or his mistress	I'm not sure I understand you fully.
dialogue	train	if#0	If the former, she had probably transferred the photograph to his keeping	Do you think its likely that the former she had probably transferred the photograph to his keeping?
dialogue	train	if#0	If the latter, it was less likely	Do you think its likely that the latter it was less likely?
dialogue	train	my#2	It was a delicate point, and it widened the field of my inquiry	Your inquiry?
dialogue	val	i#6	I am following you closely	Is it because you are following I closely that you came to me?
dialogue	train	i#11	He was a remarkably handsome man, dark, aquiline, and moustached—evidently the man of whom I had heard	You say he was a remarkably handsome man dark aquiline and moustached evidently the man of whom you had heard?
dialogue	train	i#11	Of her I could see nothing	You say of her you could see nothing?
dialogue	train	xnone#0	Presently he emerged, looking even more flurried than before	I'm not sure I understand you fully.
dialogue	train	xnone#0	Monica in the Edgeware Road	I'm not sure I understand you fully.
dialogue	train	if#0	Half a guinea if you do it in twenty minutes	Do you think its likely that I do it in twenty minutes?
dialogue	train	xnone#0	It hadn’t pulled up before she shot out of the hall door and into it	I'm not sure I understand you fully.
dialogue	train	xnone#0	The Church of St	I'm not sure I understand you fully.
dialogue	train	if#0	Monica, John,’ she cried, ‘and half a sovereign if you reach it in twenty minutes	Do you think its likely that I reach it in twenty minutes?
dialogue	train	xnone#0	This was quite too good to lose, Watson	I'm not sure I understand you fully.
dialogue	train	i#11	The driver looked twice at such a shabby fare, but I jumped in before he could object	You say the driver looked twice at such a shabby fare but you jumped in before he could object?
dialogue	train	if#0	Monica,’ said I, ‘and half a sovereign if you reach it in twenty minutes	Do you think its likely that I reach it in twenty minutes?
dialogue	train	what#0	It was twenty-five minutes to twelve, and of course it was clear enough what was in the wind	Why do you ask?
dialogue	train	my#2	My cabby drove fast	Your cabby drove fast?
dialogue	train	i#8	I don’t think I ever drove faster, but the others were there before us	Don't you really think you ever drove faster but the others was there before us?
dialogue	train	what#0	The cab and the landau with their steaming horses were in front of the door when I arrived	Why do you ask?
dialogue	train	i#11	I paid the man and hurried into the church	You say you paid the man and hurried into the church?
dialogue	train	xnone#0	They were all three standing in a knot in front of the altar	I'm not sure I understand you fully.
dialogue	train	i#11	I lounged up the side aisle like any other idler who has dropped into a church	You say you lounged up the side aisle like any other idler who has dropped into a church?
dialogue	train	xnone#0	Thank God,’ he cried	I'm not sure I understand you fully.
dialogue	train	xnone#0	Come, man, come, only three minutes, or it won’t be legal	I'm not sure I understand you fully.
dialogue	val	xnone#0	This is a very unexpected turn of affairs	I'm not sure I understand you fully.
dialogue	val	what#0	and what then	Why do you ask?
dialogue	train	my#2	Well, I found my plans very seriously menaced	Your plans very seriously menaced?
dialogue	train	i#11	I shall drive out in the park at five as usual,’ she said as she left him	You say you shall drive out in the park at five as usual she said as she left him?
dialogue	train	i#11	I heard no more	You say you heard no more?
dialogue	val	my#2	They drove away in different directions, and I went off to make my own arrangements	Your own arrangements?
dialogue	train	xnone#0	Some cold beef and a glass of beer	I'm not sure I understand you fully.
dialogue	train	i#11	By the way, Doctor, I shall want your co-operation	You say by the way doctor you shall want my co operation?
dialogue	train	i#11	I shall be delighted	You say you shall be delighted?
dialogue	train	you#3	You don’t mind breaking the law	We were discussing you -- not me.
dialogue	train	xnone#0	Not in the least	I'm not sure I understand you fully.
dialogue	train	xnone#0	Nor running a chance of arrest	I'm not sure I understand you fully.
dialogue	train	xnone#0	Not in a good cause	I'm not sure I understand you fully.
dialogue	train	xnone#0	Oh, the cause is excellent	I'm not sure I understand you fully.
dialogue	train	i#6	Then I am your man	Is it because you are my man that you came to me?
dialogue	train	was#1	I was sure that I might rely on you	Were you really?
dialogue	train	what#0	But what is it you wish	Why do you ask?
dialogue	train	i#10	Turner has brought in the tray I will make it clear to you	Perhaps in your fantasies we will make it clear to each other.
dialogue	train	i#11	I must discuss it while I eat, for I have not much time	You say you must discuss it while you eat for you have not much time?
dialogue	train	xnone#0	It is nearly five now	I'm not sure I understand you fully.
dialogue	train	xnone#0	In two hours we must be on the scene of action	I'm not sure I understand you fully.
dialogue	train	xnone#0	Miss Irene, or Madame, rather, returns from her drive at seven	I'm not sure I understand you fully.
dialogue	train	xnone#0	We must be at Briony Lodge to meet her	I'm not sure I understand you fully.
dialogue	train	you#2	You must leave that to me	Why do you think I must leave that to you?
dialogue	train	i#11	I have already arranged what is to occur	You say you have already arranged what is to occur?
dialogue	val	i#11	There is only one point on which I must insist	You say there is only one point on which you must insist?
dialogue	val	you#3	You must not interfere, come what may	We were discussing you -- not me.
dialogue	train	i#6	I am to be neutral	Is it because you are to be neutral that you came to me?
dialogue	train	xnone#0	To do nothing whatever	I'm not sure I understand you fully.
dialogue	train	xnone#0	There will probably be some small unpleasantness	I'm not sure I understand you fully.
dialogue	val	xnone#0	Do not join in it	I'm not sure I understand you fully.
dialogue	val	my#2	It will end in my being conveyed into the house	Your being conveyed into the house?
dialogue	train	xnone#0	Four or five minutes afterwards the sitting-room window will open	I'm not sure I understand you fully.
dialogue	train	you#1	You are to station yourself close to that open window	What makes you think I am to station myself close to that open window?
dialogue	train	you#1	You are to watch me, for I will be visible to you	What makes you think I am to watch you for you will be visible to I?
dialogue	train	you#2	You quite follow me	Why do you think I quite follow you?
dialogue	train	xnone#0	It is nothing very formidable	I'm not sure I understand you fully.
dialogue	train	xnone#0	It is an ordinary plumber’s smoke-rocket, fitted with a cap at either end to make it self-lighting	I'm not sure I understand you fully.
dialogue	train	your#0	Your task is confined to that	Why are you concerned over my task is confined to that?
dialogue	train	what#0	When you raise your cry of fire, it will be taken up by quite a number of people	Why do you ask?
dialogue	train	you#3	You may then walk to the end of the street, and I will rejoin you in ten minutes	We were discussing you -- not me.
dialogue	train	i#11	I hope that I have made myself clear	You say you hope that you have made yourself clear?
dialogue	train	you#2	Then you may entirely rely on me	Why do you think I may entirely rely on you?
dialogue	train	xnone#0	That is excellent	I'm not sure I understand you fully.
dialogue	train	i#11	I think, perhaps, it is almost time that I prepare for the new role I have to play	You say you think perhaps it is almost time that you prepare for the new role you have to play?
dialogue	train	xnone#0	this marriage rather simplifies matters	I'm not sure I understand you fully.
dialogue	train	xnone#0	The photograph becomes a double-edged weapon now	I'm not sure I understand you fully.
dialogue	val	are#1	The chances are that she would be as averse to its being seen by Mr	Did you think they might not be that she would be as averse to its being seen by mr?
dialogue	train	xnone#0	Godfrey Norton, as our client is to its coming to the eyes of his princess	I'm not sure I understand you fully.
dialogue	train	what#0	Now the question is, Where are we to find the photograph	Why do you ask?
dialogue	train	xnone#0	It is most unlikely that she carries it about with her	I'm not sure I understand you fully.
dialogue	train	xnone#0	It is cabinet size	I'm not sure I understand you fully.
dialogue	val	xnone#0	Too large for easy concealment about a woman’s dress	I'm not sure I understand you fully.
dialogue	train	xnone#0	She knows that the King is capable of having her waylaid and searched	I'm not sure I understand you fully.
dialogue	train	xnone#0	Two attempts of the sort have already been made	I'm not sure I understand you fully.
dialogue	train	xnone#0	We may take it, then, that she does not carry it about with her	I'm not sure I understand you fully.
dialogue	train	xnone#0	Her banker or her lawyer	I'm not sure I understand you fully.
dialogue	train	xnone#0	There is that double possibility	I'm not sure I understand you fully.
dialogue	train	i#6	But I am inclined to think neither	Is it because you are inclined to think neither that you came to me?
dialogue	train	alike#0	Women are naturally secretive, and they like to do their own secreting	In what way?
dialogue	train	what#0	Why should she hand it over to anyone else	Why do you ask?
dialogue	train	xnone#0	Besides, remember that she had resolved to use it within a few days	I'm not sure I understand you fully.
dialogue	train	what#0	It must be where she can lay her hands upon it	Why do you ask?
dialogue	train	xnone#0	It must be in her own house	I'm not sure I understand you fully.
dialogue	train	xnone#0	But it has twice been burgled	I'm not sure I understand you fully.
dialogue	train	what#0	They did not know how to look	Why do you ask?
dialogue	train	what#0	But how will you look	Why do you ask?
dialogue	train	i#11	I will not look	You say you will not look?
dialogue	train	i#11	I will get her to show me	You say you will get her to show you?
dialogue	train	xnone#0	But she will refuse	I'm not sure I understand you fully.
dialogue	train	xnone#0	She will not be able to	I'm not sure I understand you fully.
dialogue	train	i#11	But I hear the rumble of wheels	You say but you hear the rumble of wheels?
dialogue	train	xnone#0	It is her carriage	I'm not sure I understand you fully.
dialogue	train	my#2	Now carry out my orders to the letter	Your orders to the letter?
dialogue	val	xnone#0	Is the poor gentleman much hurt	I'm not sure I understand you fully.
dialogue	train	xnone#0	He is dead	I'm not sure I understand you fully.
dialogue	train	no#0	No, no, there’s life in him	Are you saying no just to be negative?
dialogue	train	you#3	But he’ll be gone before you can get him to hospital	We were discussing you -- not me.
dialogue	train	xnone#0	He’s a brave fellow	I'm not sure I understand you fully.
dialogue	train	if#0	They would have had the lady’s purse and watch if it hadn’t been for him	Do you think its likely that it hadnt been for him?
dialogue	train	xnone#0	They were a gang, and a rough one, too	I'm not sure I understand you fully.
dialogue	train	xnone#0	Ah, he’s breathing now	I'm not sure I understand you fully.
dialogue	train	xnone#0	He can’t lie in the street	I'm not sure I understand you fully.
dialogue	train	xnone#0	May we bring him in, marm	I'm not sure I understand you fully.
dialogue	train	xnone#0	Bring him into the sitting-room	I'm not sure I understand you fully.
dialogue	train	xnone#0	There is a comfortable sofa	I'm not sure I understand you fully.
dialogue	train	xnone#0	This way, please	I'm not sure I understand you fully.
dialogue	train	you#3	You did it very nicely, Doctor	We were discussing you -- not me.
dialogue	train	xnone#0	Nothing could have been better	I'm not sure I understand you fully.
dialogue	train	xnone#0	It is all right	I'm not sure I understand you fully.
dialogue	val	you#3	You have the photograph	We were discussing you -- not me.
dialogue	train	i#11	I know where it is	You say you know where it is?
dialogue	val	what#0	And how did you find out	Why do you ask?
dialogue	train	i#10	She showed me, as I told you she would	Perhaps in your fantasies we told each other.
dialogue	train	i#6	I am still in the dark	Is it because you are still in the dark that you came to me?
dialogue	train	i#11	I do not wish to make a mystery	You say you do not wish to make a mystery?
dialogue	train	xnone#0	The matter was perfectly simple	I'm not sure I understand you fully.
dialogue	train	everyone#0	You, of course, saw that everyone in the street was an accomplice	Really, everyone?
dialogue	train	xnone#0	They were all engaged for the evening	I'm not sure I understand you fully.
dialogue	train	i#11	I guessed as much	You say you guessed as much?
dialogue	train	my#2	I rushed forward, fell down, clapped my hand to my face, and became a piteous spectacle	Your hand to your face and became a piteous spectacle?
dialogue	train	xnone#0	It is an old trick	I'm not sure I understand you fully.
dialogue	train	i#11	That also I could fathom	You say that also you could fathom?
dialogue	train	xnone#0	Then they carried me in	I'm not sure I understand you fully.
dialogue	train	xnone#0	She was bound to have me in	I'm not sure I understand you fully.
dialogue	val	what#0	What else could she do	Why do you ask?
dialogue	val	i#11	And into her sitting-room, which was the very room which I suspected	You say and into her sitting room which was the very room which you suspected?
dialogue	train	was#1	It lay between that and her bedroom, and I was determined to see which	Were you really?
dialogue	train	what#0	How did that help you	Why do you ask?
dialogue	train	xnone#0	It was all-important	I'm not sure I understand you fully.
dialogue	train	i#11	It is a perfectly overpowering impulse, and I have more than once taken advantage of it	You say it is a perfectly overpowering impulse and you have more than once taken advantage of it?
dialogue	train	xnone#0	A married woman grabs at her baby	I'm not sure I understand you fully.
dialogue	val	xnone#0	an unmarried one reaches for her jewel-box	I'm not sure I understand you fully.
dialogue	train	xnone#0	She would rush to secure it	I'm not sure I understand you fully.
dialogue	train	xnone#0	The alarm of fire was admirably done	I'm not sure I understand you fully.
dialogue	val	xnone#0	The smoke and shouting were enough to shake nerves of steel	I'm not sure I understand you fully.
dialogue	train	xnone#0	She responded beautifully	I'm not sure I understand you fully.
dialogue	train	xnone#0	The photograph is in a recess behind a sliding panel just above the right bell-pull	I'm not sure I understand you fully.
dialogue	train	my#2	I rose, and, making my excuses, escaped from the house	Your excuses escaped from the house?
dialogue	train	i#11	I hesitated whether to attempt to secure the photograph at once	You say you hesitated whether to attempt to secure the photograph at once?
dialogue	train	xnone#0	but the coachman had come in, and as he was watching me narrowly, it seemed safer to wait	I'm not sure I understand you fully.
dialogue	train	xnone#0	A little over-precipitance may ruin all	I'm not sure I understand you fully.
dialogue	train	xnone#0	Our quest is practically finished	I'm not sure I understand you fully.
dialogue	val	if#0	I shall call with the King to-morrow, and with you, if you care to come with us	Do you think its likely that I care to come with us?
dialogue	train	xnone#0	It might be a satisfaction to his Majesty to regain it with his own hands	I'm not sure I understand you fully.
dialogue	train	what#0	And when will you call	Why do you ask?
dialogue	train	xnone#0	At eight in the morning	I'm not sure I understand you fully.
dialogue	train	xnone#0	She will not be up, so that we shall have a clear field	I'm not sure I understand you fully.
dialogue	train	xnone#0	Besides, we must be prompt, for this marriage may mean a complete change in her life and habits	I'm not sure I understand you fully.
dialogue	val	i#11	I must wire to the King without delay	You say you must wire to the king without delay?
dialogue	train	xnone#0	Good-night, Mister Sherlock Holmes	I'm not sure I understand you fully.
dialogue	train	xnone#0	I’ve heard that voice before	I'm not sure I understand you fully.
dialogue	train	i#11	Now, I wonder who the deuce that could have been	You say now you wonder who the deuce that could have been?
dialogue	train	you#3	You have really got it	We were discussing you -- not me.
dialogue	train	you#3	But you have hopes	We were discussing you -- not me.
dialogue	train	i#11	I have hopes	You say you have hopes?
dialogue	train	i#6	I am all impatience to be gone	Is it because you are all impatience to be gone that you came to me?
dialogue	train	xnone#0	We must have a cab	I'm not sure I understand you fully.
dialogue	train	my#2	No, my brougham is waiting	Your brougham is waiting?
dialogue	train	xnone#0	Then that will simplify matters	I'm not sure I understand you fully.
dialogue	train	xnone#0	Irene Adler is married	I'm not sure I understand you fully.
dialogue	train	xnone#0	But to whom	I'm not sure I understand you fully.
dialogue	train	xnone#0	To an English lawyer named Norton	I'm not sure I understand you fully.
dialogue	train	xnone#0	But she could not love him	I'm not sure I understand you fully.
dialogue	val	i#6	I am in hopes that she does	Is it because you are in hopes that she does that you came to me?
dialogue	train	what#0	And why in hopes	Why do you ask?
dialogue	train	because#0	Because it would spare your Majesty all fear of future annoyance	Is that the real reason?
dialogue	val	if#0	If the lady loves her husband, she does not love your Majesty	Do you think its likely that the lady loves her husband she does not love my majesty?
dialogue	train	xnone#0	It is true	I'm not sure I understand you fully.
dialogue	train	my#2	I wish she had been of my own station	Your own station?
dialogue	train	what#0	What a queen she would have made	Why do you ask?
dialogue	train	i#11	Sherlock Holmes, I believe	You say sherlock holmes you believe?
dialogue	train	i#6	I am Mr	Is it because you are mr that you came to me?
dialogue	train	my#2	My mistress told me that you were likely to call	Your mistress told you that I was likely to call?
dialogue	train	xnone#0	She left this morning with her husband by the 5:15 train from Charing Cross for the Continent	I'm not sure I understand you fully.
dialogue	train	you#3	Do you mean that she has left England	We were discussing you -- not me.
dialogue	train	xnone#0	Never to return	I'm not sure I understand you fully.
dialogue	train	xnone#0	And the papers	I'm not sure I understand you fully.
dialogue	train	xnone#0	All is lost	I'm not sure I understand you fully.
dialogue	train	xnone#0	We shall see	I'm not sure I understand you fully.
dialogue	train	xnone#0	Sherlock Holmes, Esq	I'm not sure I understand you fully.
dialogue	val	xnone#0	To be left till called for	I'm not sure I understand you fully.
dialogue	train	you#3	SHERLOCK HOLMES,—You really did it very well	We were discussing you -- not me.
dialogue	train	you#2	You took me in completely	Why do you think I took you?
dialogue	train	i#11	Until after the alarm of fire, I had not a suspicion	You say until after the alarm of fire you had not a suspicion?
dialogue	train	what#0	But then, when I found how I had betrayed myself, I began to think	Why do you ask?
dialogue	train	i#10	I had been warned against you months ago	Perhaps in your fantasies we had been warned against each other.
dialogue	val	if#0	I had been told that, if the King employed an agent, it would certainly be you	Do you think its likely that the king employed an agent it would yes be I?
dialogue	val	your#0	And your address had been given me	Why are you concerned over my address had been given you?
dialogue	train	you#2	Yet, with all this, you made me reveal what you wanted to know	Why do you think I made you?
dialogue	train	you#3	But, you know, I have been trained as an actress myself	We were discussing you -- not me.
dialogue	train	xnone#0	Male costume is nothing new to me	I'm not sure I understand you fully.
dialogue	train	i#11	I often take advantage of the freedom which it gives	You say you often take advantage of the freedom which it gives?
dialogue	train	my#2	Then I, rather imprudently, wished you good-night, and started for the Temple to see my husband	Your husband?
dialogue	train	what#0	We both thought the best resource was flight, when pursued by so formidable an antagonist	Why do you ask?
dialogue	train	you#3	so you will find the nest empty when you call to-morrow	We were discussing you -- not me.
dialogue	train	your#0	As to the photograph, your client may rest in peace	Why are you concerned over my client may rest in peace?
dialogue	train	i#11	I love and am loved by a better man than he	You say you love and are loved by a better man than he?
dialogue	train	what#0	The King may do what he will without hindrance from one whom he has cruelly wronged	Why do you ask?
dialogue	train	i#11	I leave a photograph which he might care to possess	You say you leave a photograph which he might care to possess?
dialogue	train	i#11	and I remain, dear Mr	You say and you remain dear mr?
dialogue	train	xnone#0	Sherlock Holmes, “Very truly yours, “IRENE NORTON, _née_ ADLER	I'm not sure I understand you fully.
dialogue	train	what#0	What a woman—oh, what a woman	Why do you ask?
dialogue	train	i#10	Did I not tell you how quick and resolute she was	Perhaps in your fantasies we not tell each other.
dialogue	train	xnone#0	Would she not have made an admirable queen	I'm not sure I understand you fully.
dialogue	train	my#2	Is it not a pity that she was not on my level	Your level?
dialogue	train	my#2	On the contrary, my dear sir	Your dear sir?
dialogue	val	xnone#0	nothing could be more successful	I'm not sure I understand you fully.
dialogue	val	i#11	I know that her word is inviolate	You say you know that her word is inviolate?
dialogue	train	if#0	The photograph is now as safe as if it were in the fire	Do you think its likely that it was in the fire?
dialogue	train	i#2	I am glad to hear your Majesty say so	How have I helped you to be glad?
dialogue	train	i#6	I am immensely indebted to you	Is it because you are immensely indebted to I that you came to me?
dialogue	train	what#0	Pray tell me in what way I can reward you	Why do you ask?
dialogue	train	your#0	Your Majesty has something which I should value even more highly	Why are you concerned over my majesty has something which you should value even more highly?
dialogue	val	name#0	You have but to name it	I am not interested in names.
dialogue	train	if#0	Certainly, if you wish it	Do you think its likely that I wish it?
dialogue	train	i#11	I thank your Majesty	You say you thank my majesty?
dialogue	train	no#0	Then there is no more to be done in the matter	Are you saying no just to be negative?
dialogue	val	you#3	I have the honour to wish you a very good morning	We were discussing you -- not me.
dialogue	train	my#2	You could not possibly have come at a better time, my dear Watson	Your dear watson?
dialogue	train	was#1	I was afraid that you were engaged	Were you really?
dialogue	train	i#6	So I am	Is it because you are  that you came to me?
dialogue	train	xnone#0	Very much so	I'm not sure I understand you fully.
dialogue	train	i#11	Then I can wait in the next room	You say then you can wait in the next room?
dialogue	train	xnone#0	This gentleman, Mr	I'm not sure I understand you fully.
dialogue	train	xnone#0	Try the settee	I'm not sure I understand you fully.
dialogue	train	your#0	Your cases have indeed been of the greatest interest to me	Why are you concerned over my cases have indeed been of the greatest interest to you?
dialogue	train	i#11	A proposition which I took the liberty of doubting	You say a proposition which you took the liberty of doubting?
dialogue	train	you#3	Wilson, you would have the great kindness to recommence your narrative	We were discussing you -- not me.
dialogue	train	my#2	I ask you not merely because my friend Dr	Your friend dr?
dialogue	train	name#0	How, in the name of good-fortune, did you know all that, Mr	I am not interested in names.
dialogue	train	what#0	How did you know, for example, that I did manual labour	Why do you ask?
dialogue	train	i#11	It’s as true as gospel, for I began as a ship’s carpenter	You say its as true as gospel for you began as a ships carpenter?
dialogue	val	my#2	Your hands, my dear sir	Your dear sir?
dialogue	train	your#0	Your right hand is quite a size larger than your left	Why are you concerned over my right hand is quite a size larger than my left?
dialogue	train	you#3	You have worked with it, and the muscles are more developed	We were discussing you -- not me.
dialogue	train	xnone#0	Well, the snuff, then, and the Freemasonry	I'm not sure I understand you fully.
dialogue	train	i#11	Ah, of course, I forgot that	You say ah of course you forgot that?
dialogue	val	xnone#0	But the writing	I'm not sure I understand you fully.
dialogue	train	xnone#0	Well, but China	I'm not sure I understand you fully.
dialogue	train	you#3	The fish that you have tattooed immediately above your right wrist could only have been done in China	We were discussing you -- not me.
dialogue	train	xnone#0	That trick of staining the fishes’ scales of a delicate pink is quite peculiar to China	I'm not sure I understand you fully.
dialogue	train	what#0	When, in addition, I see a Chinese coin hanging from your watch-chain, the matter becomes even more simple	Why do you ask?
dialogue	train	i#11	Well, I never	You say well you never?
dialogue	train	i#11	I begin to think, Watson	You say you begin to think watson?
dialogue	train	i#11	that I make a mistake in explaining	You say that you make a mistake in explaining?
dialogue	train	can#0	Can you not find the advertisement, Mr	You believe I can not find the advertisement mr don't you?
dialogue	train	yes#0	Yes, I have got it now	You seem to be quite positive.
dialogue	train	xnone#0	Here it is	I'm not sure I understand you fully.
dialogue	train	what#0	This is what began it all	Why do you ask?
dialogue	train	you#3	You just read it for yourself, sir	We were discussing you -- not me.
dialogue	train	xnone#0	TO THE RED-HEADED LEAGUE: On account of the bequest of the late Ezekiah Hopkins, of Lebanon, Pennsylvania, U	I'm not sure I understand you fully.
dialogue	train	what#0	What on earth does this mean	Why do you ask?
dialogue	train	xnone#0	It is a little off the beaten track, isn’t it	I'm not sure I understand you fully.
dialogue	train	xnone#0	And now, Mr	I'm not sure I understand you fully.
dialogue	train	you#3	You will first make a note, Doctor, of the paper and the date	We were discussing you -- not me.
dialogue	train	xnone#0	It is _The Morning Chronicle_ of April 27, 1890	I'm not sure I understand you fully.
dialogue	train	xnone#0	Just two months ago	I'm not sure I understand you fully.
dialogue	train	i#10	Well, it is just as I have been telling you, Mr	Perhaps in your fantasies we have been telling each other.
dialogue	train	i#11	I have a small pawnbroker’s business at Coburg Square, near the City	You say you have a small pawnbrokers business at coburg square near the city?
dialogue	train	i#11	I used to be able to keep two assistants, but now I only keep one	You say you used to be able to keep two assistants but now you only keep one?
dialogue	train	name#0	What is the name of this obliging youth	I am not interested in names.
dialogue	train	name#0	His name is Vincent Spaulding, and he’s not such a youth, either	I am not interested in names.
dialogue	train	xnone#0	It’s hard to say his age	I'm not sure I understand you fully.
dialogue	train	i#11	I should not wish a smarter assistant, Mr	You say you should not wish a smarter assistant mr?
dialogue	train	if#0	But, after all, if he is satisfied, why should I put ideas in his head	Do you think its likely that he is satisfied why should you put ideas in his head?
dialogue	train	you#3	You seem most fortunate in having an _employé_ who comes under the full market price	We were discussing you -- not me.
dialogue	train	xnone#0	It is not a common experience among employers in this age	I'm not sure I understand you fully.
dialogue	train	i#8	I don’t know that your assistant is not as remarkable as your advertisement	Don't you really know that my assistant is not as remarkable as my advertisement?
dialogue	train	xnone#0	Oh, he has his faults, too	I'm not sure I understand you fully.
dialogue	train	xnone#0	Never was such a fellow for photography	I'm not sure I understand you fully.
dialogue	train	xnone#0	That is his main fault, but on the whole he’s a good worker	I'm not sure I understand you fully.
dialogue	train	no#0	There’s no vice in him	Are you saying no just to be negative?
dialogue	train	you#3	He is still with you, I presume	We were discussing you -- not me.
dialogue	train	xnone#0	We live very quietly, sir, the three of us	I'm not sure I understand you fully.
dialogue	train	if#0	and we keep a roof over our heads and pay our debts, if we do nothing more	Do you think its likely that we do nothing more?
dialogue	val	xnone#0	The first thing that put us out was that advertisement	I'm not sure I understand you fully.
dialogue	train	was#1	Wilson, that I was a red-headed man	Were you really?
dialogue	train	what#0	Why,’ says he, ‘here’s another vacancy on the League of the Red-headed Men	Why do you ask?
dialogue	train	what#0	Why, what is it, then	Why do you ask?
dialogue	train	you#3	You see, Mr	We were discussing you -- not me.
dialogue	train	you#3	Have you never heard of the League of the Red-headed Men	We were discussing you -- not me.
dialogue	train	xnone#0	he asked with his eyes open	I'm not sure I understand you fully.
dialogue	train	what#0	Why, I wonder at that, for you are eligible yourself for one of the vacancies	Why do you ask?
dialogue	train	what#0	And what are they worth	Why do you ask?
dialogue	train	i#11	Tell me all about it,’ said I	You say tell you all about it said you?
dialogue	train	xnone#0	He was himself red-headed, and he had a great sympathy for all red-headed men	I'm not sure I understand you fully.
dialogue	train	i#11	From all I hear it is splendid pay and very little to do	You say from all you hear it is splendid pay and very little to do?
dialogue	train	i#11	But,’ said I, ‘there would be millions of red-headed men who would apply	You say but said you there would be millions of red headed men who would apply?
dialogue	train	you#3	Not so many as you might think,’ he answered	We were discussing you -- not me.
dialogue	train	you#3	You see it is really confined to Londoners, and to grown men	We were discussing you -- not me.
dialogue	train	if#0	Now, if you cared to apply, Mr	Do you think its likely that I cared to apply mr?
dialogue	train	you#3	Wilson, you would just walk in	We were discussing you -- not me.
dialogue	train	i#11	I never hope to see such a sight as that again, Mr	You say you never hope to see such a sight as that again mr?
dialogue	val	alike#0	Fleet Street was choked with red-headed folk, and Pope’s Court looked like a coster’s orange barrow	In what way?
dialogue	val	xnone#0	Every shade of colour they were—straw, lemon, orange, brick, Irish-setter, liver, clay	I'm not sure I understand you fully.
dialogue	train	what#0	but, as Spaulding said, there were not many who had the real vivid flame-coloured tint	Why do you ask?
dialogue	train	what#0	When I saw how many were waiting, I would have given it up in despair	Why do you ask?
dialogue	train	xnone#0	but Spaulding would not hear of it	I'm not sure I understand you fully.
dialogue	train	xnone#0	There was a double stream upon the stair, some going up in hope, and some coming back dejected	I'm not sure I understand you fully.
dialogue	train	xnone#0	but we wedged in as well as we could and soon found ourselves in the office	I'm not sure I understand you fully.
dialogue	train	your#0	Your experience has been a most entertaining one	Why are you concerned over my experience has been a most entertaining one?
dialogue	train	your#0	Pray continue your very interesting statement	Why are you concerned over my very interesting statement?
dialogue	train	xnone#0	Getting a vacancy did not seem to be such a very easy matter, after all	I'm not sure I understand you fully.
dialogue	train	xnone#0	This is Mr	I'm not sure I understand you fully.
dialogue	val	my#2	Jabez Wilson,’ said my assistant, ‘and he is willing to fill a vacancy in the League	Your assistant and he is willing to fill a vacancy in the league?
dialogue	train	xnone#0	And he is admirably suited for it,’ the other answered	I'm not sure I understand you fully.
dialogue	train	xnone#0	He has every requirement	I'm not sure I understand you fully.
dialogue	train	i#7	I cannot recall when I have seen anything so fine	How do you think that you can't recall what you have seen anything so fine?
dialogue	train	my#2	Then suddenly he plunged forward, wrung my hand, and congratulated me warmly on my success	Your hand and congratulated you warmly on your success?
dialogue	train	xnone#0	It would be injustice to hesitate,’ said he	I'm not sure I understand you fully.
dialogue	train	you#2	You will, however, I am sure, excuse me for taking an obvious precaution	Why do you think I will however you are sure excuse you?
dialogue	train	my#2	With that he seized my hair in both his hands, and tugged until I yelled with the pain	Your hair in both his hands and tugged until you yelled with the pain?
dialogue	train	your#0	There is water in your eyes,’ said he as he released me	Why are you concerned over my eyes said he as he released you?
dialogue	train	i#11	I perceive that all is as it should be	You say you perceive that all is as it should be?
dialogue	train	xnone#0	But we have to be careful, for we have twice been deceived by wigs and once by paint	I'm not sure I understand you fully.
dialogue	train	i#10	I could tell you tales of cobbler’s wax which would disgust you with human nature	Perhaps in your fantasies we could tell each other.
dialogue	train	name#0	My name,’ said he, ‘is Mr	I am not interested in names.
dialogue	val	i#6	Duncan Ross, and I am myself one of the pensioners upon the fund left by our noble benefactor	Is it because you are yourself one of the pensioners upon the fund left by our noble benefactor that you came to me?
dialogue	train	are#0	Are you a married man, Mr	Why are you interested in whether I am a married man mr or not?
dialogue	train	you#3	Have you a family	We were discussing you -- not me.
dialogue	train	i#11	I answered that I had not	You say you answered that you had not?
dialogue	val	xnone#0	His face fell immediately	I'm not sure I understand you fully.
dialogue	train	xnone#0	he said gravely, ‘that is very serious indeed	I'm not sure I understand you fully.
dialogue	train	i#6	I am sorry to hear you say that	Is it because you are sorry to hear I say that that you came to me?
dialogue	train	you#3	It is exceedingly unfortunate that you should be a bachelor	We were discussing you -- not me.
dialogue	train	my#2	My face lengthened at this, Mr	Your face lengthened at this mr?
dialogue	val	was#1	Holmes, for I thought that I was not to have the vacancy after all	Were you really?
dialogue	train	xnone#0	but after thinking it over for a few minutes he said that it would be all right	I'm not sure I understand you fully.
dialogue	train	what#0	When shall you be able to enter upon your new duties	Why do you ask?
dialogue	val	i#11	Well, it is a little awkward, for I have a business already,’ said I	You say well it is a little awkward for you have a business already said you?
dialogue	train	xnone#0	Oh, never mind about that, Mr	I'm not sure I understand you fully.
dialogue	train	xnone#0	said Vincent Spaulding	I'm not sure I understand you fully.
dialogue	train	i#10	I should be able to look after that for you	Perhaps in your fantasies we should be able to look after that for each other.
dialogue	val	what#0	What would be the hours	Why do you ask?
dialogue	train	xnone#0	Ten to two	I'm not sure I understand you fully.
dialogue	train	xnone#0	Now a pawnbroker’s business is mostly done of an evening, Mr	I'm not sure I understand you fully.
dialogue	train	xnone#0	Holmes, especially Thursday and Friday evening, which is just before pay-day	I'm not sure I understand you fully.
dialogue	train	xnone#0	so it would suit me very well to earn a little in the mornings	I'm not sure I understand you fully.
dialogue	train	i#11	That would suit me very well,’ said I	You say that would suit you very well said you?
dialogue	train	xnone#0	And the pay	I'm not sure I understand you fully.
dialogue	train	xnone#0	Is £ 4 a week	I'm not sure I understand you fully.
dialogue	train	xnone#0	And the work	I'm not sure I understand you fully.
dialogue	val	xnone#0	Is purely nominal	I'm not sure I understand you fully.
dialogue	train	what#0	What do you call purely nominal	Why do you ask?
dialogue	train	you#3	Well, you have to be in the office, or at least in the building, the whole time	We were discussing you -- not me.
dialogue	train	if#0	If you leave, you forfeit your whole position forever	Do you think its likely that I leave I forfeit my whole position forever?
dialogue	val	xnone#0	The will is very clear upon that point	I'm not sure I understand you fully.
dialogue	train	if#0	You don’t comply with the conditions if you budge from the office during that time	Do you think its likely that I budge from the office during that time?
dialogue	train	i#11	It’s only four hours a day, and I should not think of leaving,’ said I	You say its only four hours a day and you should not think of leaving said you?
dialogue	train	no#0	No excuse will avail,’ said Mr	Are you saying no just to be negative?
dialogue	val	xnone#0	neither sickness nor business nor anything else	I'm not sure I understand you fully.
dialogue	train	you#3	There you must stay, or you lose your billet	We were discussing you -- not me.
dialogue	val	xnone#0	Is to copy out the _Encyclopædia Britannica	I'm not sure I understand you fully.
dialogue	train	xnone#0	There is the first volume of it in that press	I'm not sure I understand you fully.
dialogue	train	you#3	You must find your own ink, pens, and blotting-paper, but we provide this table and chair	We were discussing you -- not me.
dialogue	val	you#3	Will you be ready to-morrow	We were discussing you -- not me.
dialogue	train	yes#0	Certainly,’ I answered	You seem to be quite positive.
dialogue	train	xnone#0	Then, good-bye, Mr	I'm not sure I understand you fully.
dialogue	train	was#1	Well, I thought over the matter all day, and by evening I was in low spirits again	Were you really?
dialogue	train	my#2	Well, to my surprise and delight, everything was as right as possible	Your surprise and delight everything was as right as possible?
dialogue	train	xnone#0	The table was set out ready for me, and Mr	I'm not sure I understand you fully.
dialogue	train	i#11	Duncan Ross was there to see that I got fairly to work	You say duncan ross was there to see that you got fairly to work?
dialogue	train	xnone#0	He started me off upon the letter A, and then he left me	I'm not sure I understand you fully.
dialogue	train	xnone#0	but he would drop in from time to time to see that all was right with me	I'm not sure I understand you fully.
dialogue	train	xnone#0	This went on day after day, Mr	I'm not sure I understand you fully.
dialogue	train	my#2	Holmes, and on Saturday the manager came in and planked down four golden sovereigns for my week’s work	Your weeks work?
dialogue	train	alike#0	It was the same next week, and the same the week after	In what way?
dialogue	train	was#1	Every morning I was there at ten, and every afternoon I left at two	Were you really?
dialogue	train	xnone#0	By degrees Mr	I'm not sure I understand you fully.
dialogue	train	my#2	It cost me something in foolscap, and I had pretty nearly filled a shelf with my writings	Your writings?
dialogue	train	xnone#0	And then suddenly the whole business came to an end	I'm not sure I understand you fully.
dialogue	train	xnone#0	To an end	I'm not sure I understand you fully.
dialogue	train	no#0	And no later than this morning	Are you saying no just to be negative?
dialogue	train	you#3	Here it is, and you can read for yourself	We were discussing you -- not me.
dialogue	train	xnone#0	THE RED-HEADED LEAGUE IS DISSOLVED	I'm not sure I understand you fully.
dialogue	train	xnone#0	October 9, 1890	I'm not sure I understand you fully.
dialogue	train	i#7	I cannot see that there is anything very funny	How do you think that you can't see that there is anything very funny?
dialogue	train	if#0	If you can do nothing better than laugh at me, I can go elsewhere	Do you think its likely that I can do nothing better than laugh at you you can go elsewhere?
dialogue	val	i#11	I really wouldn’t miss your case for the world	You say you really wouldnt miss my case for the world?
dialogue	train	xnone#0	It is most refreshingly unusual	I'm not sure I understand you fully.
dialogue	train	if#0	But there is, if you will excuse my saying so, something just a little funny about it	Do you think its likely that I will excuse your saying so something just a little funny about it?
dialogue	train	what#0	Pray what steps did you take when you found the card upon the door	Why do you ask?
dialogue	train	was#1	I was staggered, sir	Were you really?
dialogue	train	i#11	I did not know what to do	You say you did not know what to do?
dialogue	train	i#11	Then I called at the offices round, but none of them seemed to know anything about it	You say then you called at the offices round but none of them seemed to know anything about it?
dialogue	train	xnone#0	He said that he had never heard of any such body	I'm not sure I understand you fully.
dialogue	val	i#11	Then I asked him who Mr	You say then you asked him who mr?
dialogue	train	xnone#0	Duncan Ross was	I'm not sure I understand you fully.
dialogue	train	name#0	He answered that the name was new to him	I am not interested in names.
dialogue	train	i#11	Well,’ said I, ‘the gentleman at No	You say well said you the gentleman at no?
dialogue	train	what#0	What, the red-headed man	Why do you ask?
dialogue	train	name#0	Oh,’ said he, ‘his name was William Morris	I am not interested in names.
dialogue	train	xnone#0	He moved out yesterday	I'm not sure I understand you fully.
dialogue	train	what#0	Where could I find him	Why do you ask?
dialogue	train	xnone#0	Oh, at his new offices	I'm not sure I understand you fully.
dialogue	train	xnone#0	He did tell me the address	I'm not sure I understand you fully.
dialogue	train	yes#0	Yes, 17 King Edward Street, near St	You seem to be quite positive.
dialogue	val	i#11	I started off, Mr	You say you started off mr?
dialogue	train	xnone#0	William Morris or Mr	I'm not sure I understand you fully.
dialogue	train	what#0	And what did you do then	Why do you ask?
dialogue	train	my#2	I went home to Saxe-Coburg Square, and I took the advice of my assistant	Your assistant?
dialogue	train	xnone#0	But he could not help me in any way	I'm not sure I understand you fully.
dialogue	train	if#0	He could only say that if I waited I should hear by post	Do you think its likely that you waited you should hear by post?
dialogue	train	xnone#0	But that was not quite good enough, Mr	I'm not sure I understand you fully.
dialogue	train	you#3	And you did very wisely	We were discussing you -- not me.
dialogue	train	your#0	Your case is an exceedingly remarkable one, and I shall be happy to look into it	Why are you concerned over my case is an exceedingly remarkable one and you shall be happy to look into it?
dialogue	train	what#0	Why, I have lost four pound a week	Why do you ask?
dialogue	train	you#1	As far as you are personally concerned	What makes you think I am personally concerned?
dialogue	train	i#10	I do not see that you have any grievance against this extraordinary league	Perhaps in your fantasies we do not see that each other.
dialogue	train	you#3	You have lost nothing by them	We were discussing you -- not me.
dialogue	train	xnone#0	It was a pretty expensive joke for them, for it cost them two and thirty pounds	I'm not sure I understand you fully.
dialogue	train	you#3	We shall endeavour to clear up these points for you	We were discussing you -- not me.
dialogue	train	xnone#0	And, first, one or two questions, Mr	I'm not sure I understand you fully.
dialogue	val	what#0	This assistant of yours who first called your attention to the advertisement—how long had he been with you	Why do you ask?
dialogue	train	xnone#0	About a month then	I'm not sure I understand you fully.
dialogue	train	what#0	How did he come	Why do you ask?
dialogue	train	xnone#0	In answer to an advertisement	I'm not sure I understand you fully.
dialogue	train	xnone#0	Was he the only applicant	I'm not sure I understand you fully.
dialogue	train	no#0	No, I had a dozen	Are you saying no just to be negative?
dialogue	train	what#0	Why did you pick him	Why do you ask?
dialogue	train	because#0	Because he was handy and would come cheap	Is that the real reason?
dialogue	train	xnone#0	At half wages, in fact	I'm not sure I understand you fully.
dialogue	train	alike#0	What is he like, this Vincent Spaulding	In what way?
dialogue	train	no#0	Small, stout-built, very quick in his ways, no hair on his face, though he’s not short of thirty	Are you saying no just to be negative?
dialogue	train	xnone#0	Has a white splash of acid upon his forehead	I'm not sure I understand you fully.
dialogue	train	i#11	I thought as much	You say you thought as much?
dialogue	val	you#3	Have you ever observed that his ears are pierced for earrings	We were discussing you -- not me.
dialogue	train	what#0	He told me that a gipsy had done it for him when he was a lad	Why do you ask?
dialogue	train	you#3	He is still with you	We were discussing you -- not me.
dialogue	val	yes#0	Oh, yes, sir	You seem to be quite positive.
dialogue	train	i#11	I have only just left him	You say you have only just left him?
dialogue	val	your#0	And has your business been attended to in your absence	Why are you concerned over my business been attended to in my absence?
dialogue	train	xnone#0	Nothing to complain of, sir	I'm not sure I understand you fully.
dialogue	val	xnone#0	There’s never very much to do of a morning	I'm not sure I understand you fully.
dialogue	train	xnone#0	That will do, Mr	I'm not sure I understand you fully.
dialogue	train	i#11	To-day is Saturday, and I hope that by Monday we may come to a conclusion	You say to day is saturday and you hope that by monday we may come to a conclusion?
dialogue	train	what#0	what do you make of it all	Why do you ask?
dialogue	train	i#11	I make nothing of it	You say you make nothing of it?
dialogue	train	xnone#0	It is a most mysterious business	I'm not sure I understand you fully.
dialogue	train	xnone#0	As a rule	I'm not sure I understand you fully.
dialogue	train	xnone#0	the more bizarre a thing is the less mysterious it proves to be	I'm not sure I understand you fully.
dialogue	train	i#11	But I must be prompt over this matter	You say but you must be prompt over this matter?
dialogue	train	what#0	What are you going to do, then	Why do you ask?
dialogue	train	xnone#0	Sarasate plays at the St	I'm not sure I understand you fully.
dialogue	train	xnone#0	James’s Hall this afternoon	I'm not sure I understand you fully.
dialogue	train	what#0	What do you think, Watson	Why do you ask?
dialogue	train	your#0	Could your patients spare you for a few hours	Why are you concerned over my patients spare I for a few hours?
dialogue	train	i#11	I have nothing to do to-day	You say you have nothing to do to day?
dialogue	train	my#2	My practice is never very absorbing	Your practice is never very absorbing?
dialogue	train	your#0	Then put on your hat and come	Why are you concerned over my hat and come?
dialogue	train	i#6	I am going through the City first, and we can have some lunch on the way	Is it because you are going through the city first and we can have some lunch on the way that you came to me?
dialogue	train	i#0	It is introspective, and I want to introspect	What would it mean to you if you got to introspect?
dialogue	train	i#10	I only wished to ask you how you would go from here to the Strand	Perhaps in your fantasies we only wished to ask each other.
dialogue	val	xnone#0	Third right, fourth left	I'm not sure I understand you fully.
dialogue	train	xnone#0	Smart fellow, that	I'm not sure I understand you fully.
dialogue	train	i#11	I have known something of him before	You say you have known something of him before?
dialogue	train	xnone#0	Wilson’s assistant counts for a good deal in this mystery of the Red-headed League	I'm not sure I understand you fully.
dialogue	train	i#6	I am sure that you inquired your way merely in order that you might see him	Is it because you are sure that I inquired my way merely in order that I might see him that you came to me?
dialogue	train	xnone#0	The knees of his trousers	I'm not sure I understand you fully.
dialogue	train	what#0	And what did you see	Why do you ask?
dialogue	train	what#0	What I expected to see	Why do you ask?
dialogue	train	what#0	Why did you beat the pavement	Why do you ask?
dialogue	train	my#2	My dear doctor, this is a time for observation, not for talk	Your dear doctor this is a time for observation not for talk?
dialogue	train	are#1	We are spies in an enemy’s country	Did you think they might not be spies in an enemys country?
dialogue	train	xnone#0	We know something of Saxe-Coburg Square	I'm not sure I understand you fully.
dialogue	val	xnone#0	Let us now explore the parts which lie behind it	I'm not sure I understand you fully.
dialogue	train	i#11	I should like just to remember the order of the houses here	You say you should like just to remember the order of the houses here?
dialogue	train	xnone#0	It is a hobby of mine to have an exact knowledge of London	I'm not sure I understand you fully.
dialogue	train	xnone#0	That carries us right on to the other block	I'm not sure I understand you fully.
dialogue	val	xnone#0	And now, Doctor, we’ve done our work, so it’s time we had some play	I'm not sure I understand you fully.
dialogue	val	you#3	You want to go home, no doubt, Doctor	We were discussing you -- not me.
dialogue	train	yes#0	Yes, it would be as well	You seem to be quite positive.
dialogue	train	i#11	And I have some business to do which will take some hours	You say and you have some business to do which will take some hours?
dialogue	train	xnone#0	This business at Coburg Square is serious	I'm not sure I understand you fully.
dialogue	train	xnone#0	A considerable crime is in contemplation	I'm not sure I understand you fully.
dialogue	train	i#11	I have every reason to believe that we shall be in time to stop it	You say you have every reason to believe that we shall be in time to stop it?
dialogue	train	xnone#0	But to-day being Saturday rather complicates matters	I'm not sure I understand you fully.
dialogue	train	i#11	I shall want your help to-night	You say you shall want my help to night?
dialogue	train	what#0	At what time	Why do you ask?
dialogue	train	xnone#0	Ten will be early enough	I'm not sure I understand you fully.
dialogue	train	i#11	I shall be at Baker Street at ten	You say you shall be at baker street at ten?
dialogue	val	xnone#0	Our party is complete	I'm not sure I understand you fully.
dialogue	train	you#3	Watson, I think you know Mr	We were discussing you -- not me.
dialogue	train	xnone#0	Jones, of Scotland Yard	I'm not sure I understand you fully.
dialogue	train	you#3	Let me introduce you to Mr	We were discussing you -- not me.
dialogue	val	what#0	Merryweather, who is to be our companion in to-night’s adventure	Why do you ask?
dialogue	train	you#3	We’re hunting in couples again, Doctor, you see	We were discussing you -- not me.
dialogue	train	xnone#0	Our friend here is a wonderful man for starting a chase	I'm not sure I understand you fully.
dialogue	train	xnone#0	All he wants is an old dog to help him to do the running down	I'm not sure I understand you fully.
dialogue	train	i#11	I hope a wild goose may not prove to be the end of our chase	You say you hope a wild goose may not prove to be the end of our chase?
dialogue	train	you#3	You may place considerable confidence in Mr	We were discussing you -- not me.
dialogue	train	if#0	Oh, if you say so, Mr	Do you think its likely that I say so mr?
dialogue	train	xnone#0	Jones, it is all right	I'm not sure I understand you fully.
dialogue	train	my#2	Still, I confess that I miss my rubber	Your rubber?
dialogue	train	my#2	It is the first Saturday night for seven-and-twenty years that I have not had my rubber	Your rubber?
dialogue	train	you#3	I think you will find	We were discussing you -- not me.
dialogue	train	you#3	For you, Mr	We were discussing you -- not me.
dialogue	val	xnone#0	Merryweather, the stake will be some £ 30,000	I'm not sure I understand you fully.
dialogue	train	you#3	and for you, Jones, it will be the man upon whom you wish to lay your hands	We were discussing you -- not me.
dialogue	val	xnone#0	John Clay, the murderer, thief, smasher, and forger	I'm not sure I understand you fully.
dialogue	train	your#0	It is your best work, Basil, the best thing you have ever done	Why are you concerned over my best work basil the best thing I have ever done?
dialogue	train	you#3	You must certainly send it next year to the Grosvenor	We were discussing you -- not me.
dialogue	train	xnone#0	The Academy is too large and too vulgar	I'm not sure I understand you fully.
dialogue	train	xnone#0	The Grosvenor is really the only place	I'm not sure I understand you fully.
dialogue	val	i#8	I don’t think I shall send it anywhere	Don't you really think you shall send it anywhere?
dialogue	train	no#0	No, I won’t send it anywhere	Are you saying no just to be negative?
dialogue	train	xnone#0	Not send it anywhere	I'm not sure I understand you fully.
dialogue	train	my#2	My dear fellow, why	Your dear fellow why?
dialogue	train	you#3	Have you any reason	We were discussing you -- not me.
dialogue	train	what#0	What odd chaps you painters are	Why do you ask?
dialogue	train	you#3	You do anything in the world to gain a reputation	We were discussing you -- not me.
dialogue	train	you#3	As soon as you have one, you seem to want to throw it away	We were discussing you -- not me.
dialogue	train	i#10	I know you will laugh at me	Perhaps in your fantasies we know each other.
dialogue	train	i#11	but I really can’t exhibit it	You say but you really cannot exhibit it?
dialogue	train	i#11	I have put too much of myself into it	You say you have put too much of yourself into it?
dialogue	train	yes#0	Yes, I knew you would	You seem to be quite positive.
dialogue	train	alike#0	but it is quite true, all the same	In what way?
dialogue	train	xnone#0	Too much of yourself in it	I'm not sure I understand you fully.
dialogue	train	my#2	Upon my word, Basil, I didn’t know you were so vain	Your word basil you didnt know I was so vain?
dialogue	train	what#0	But beauty, real beauty, ends where an intellectual expression begins	Why do you ask?
dialogue	train	xnone#0	Intellect is in itself a mode of exaggeration, and destroys the harmony of any face	I'm not sure I understand you fully.
dialogue	train	xnone#0	The moment one sits down to think, one becomes all nose, or all forehead, or something horrid	I'm not sure I understand you fully.
dialogue	train	xnone#0	Look at the successful men in any of the learned professions	I'm not sure I understand you fully.
dialogue	train	what#0	How perfectly hideous they are	Why do you ask?
dialogue	train	xnone#0	Except, of course, in the Church	I'm not sure I understand you fully.
dialogue	train	xnone#0	But then in the Church they don’t think	I'm not sure I understand you fully.
dialogue	val	i#11	I feel quite sure of that	You say you feel quite sure of that?
dialogue	train	alike#0	Don’t flatter yourself, Basil: you are not in the least like him	In what way?
dialogue	train	you#2	You don’t understand me, Harry	Why do you think I dont understand you?
dialogue	train	alike#0	Of course I am not like him	In what way?
dialogue	train	i#11	I know that perfectly well	You say you know that perfectly well?
dialogue	train	alike#0	Indeed, I should be sorry to look like him	In what way?
dialogue	train	you#3	You shrug your shoulders	We were discussing you -- not me.
dialogue	train	i#6	I am telling you the truth	Is it because you are telling I the truth that you came to me?
dialogue	train	different#0	It is better not to be different from one’s fellows	How is it different?
dialogue	train	xnone#0	The ugly and the stupid have the best of it in this world	I'm not sure I understand you fully.
dialogue	train	xnone#0	They can sit at their ease and gape at the play	I'm not sure I understand you fully.
dialogue	train	if#0	If they know nothing of victory, they are at least spared the knowledge of defeat	Do you think its likely that they know nothing of victory they are at least spared the knowledge of defeat?
dialogue	val	xnone#0	They live as we all should live—undisturbed, indifferent, and without disquiet	I'm not sure I understand you fully.
dialogue	train	xnone#0	They neither bring ruin upon others, nor ever receive it from alien hands	I'm not sure I understand you fully.
dialogue	train	your#0	Your rank and wealth, Harry	Why are you concerned over my rank and wealth harry?
dialogue	val	my#2	my brains, such as they are—my art, whatever it may be worth	Your brains such as they are your art whatever it may be worth?
dialogue	val	what#0	Dorian Gray’s good looks—we shall all suffer for what the gods have given us, suffer terribly	Why do you ask?
dialogue	train	name#0	Is that his name	I am not interested in names.
dialogue	train	name#0	Yes, that is his name	I am not interested in names.
dialogue	train	i#10	I didn’t intend to tell it to you	Perhaps in your fantasies we didnt intend to tell it to each other.
dialogue	train	what#0	But why not	Why do you ask?
dialogue	train	i#7	Oh, I can’t explain	How do you think that you can't explain?
dialogue	train	what#0	When I like people immensely, I never tell their names to any one	Why do you ask?
dialogue	train	alike#0	It is like surrendering a part of them	In what way?
dialogue	train	i#11	I have grown to love secrecy	You say you have grown to love secrecy?
dialogue	val	xnone#0	It seems to be the one thing that can make modern life mysterious or marvellous to us	I'm not sure I understand you fully.
dialogue	train	if#0	The commonest thing is delightful if one only hides it	Do you think its likely that one only hides it?
dialogue	train	my#2	When I leave town now I never tell my people where I am going	Your people where you are going?
dialogue	train	if#0	If I did, I would lose all my pleasure	Do you think its likely that you did you would lose all your pleasure?
dialogue	train	i#10	I suppose you think me awfully foolish about it	Perhaps in your fantasies we suppose each other.
dialogue	train	my#2	not at all, my dear Basil	Your dear basil?
dialogue	train	my#1	I never know where my wife is, and my wife never knows what I am doing	Tell me more about your family.
dialogue	train	my#1	My wife is very good at it—much better, in fact, than I am	Tell me more about your family.
dialogue	train	always#0	She never gets confused over her dates, and I always do	Can you think of a specific example?
dialogue	val	what#0	But when she does find me out, she makes no row at all	Why do you ask?
dialogue	val	i#11	I sometimes wish she would	You say you sometimes wish she would?
dialogue	train	xnone#0	but she merely laughs at me	I'm not sure I understand you fully.
dialogue	train	i#10	I hate the way you talk about your married life, Harry	Perhaps in your fantasies we hate the way each other.
dialogue	train	you#1	You are an extraordinary fellow	What makes you think I am an extraordinary fellow?
dialogue	train	you#3	You never say a moral thing, and you never do a wrong thing	We were discussing you -- not me.
dialogue	train	your#0	Your cynicism is simply a pose	Why are you concerned over my cynicism is simply a pose?
dialogue	train	i#11	Being natural is simply a pose, and the most irritating pose I know	You say being natural is simply a pose and the most irritating pose you know?
dialogue	train	i#6	I am afraid I must be going, Basil	Is it because you are afraid you must be going basil that you came to me?
dialogue	train	i#10	and before I go, I insist on your answering a question I put to you some time ago	Perhaps in your fantasies we go you insist on my answering a question you put to each other.
dialogue	train	what#0	What is that	Why do you ask?
dialogue	train	you#3	You know quite well	We were discussing you -- not me.
dialogue	val	i#11	I do not, Harry	You say you do not harry?
dialogue	train	i#10	Well, I will tell you what it is	Perhaps in your fantasies we will tell each other.
dialogue	train	i#0	I want you to explain to me why you won’t exhibit Dorian Gray’s picture	What would it mean to you if you got I to explain to you why I wont exhibit dorian grays picture?
dialogue	train	i#0	I want the real reason	What would it mean to you if you got the real reason?
dialogue	train	i#10	I told you the real reason	Perhaps in your fantasies we told each other.
dialogue	train	no#0	No, you did not	Are you saying no just to be negative?
dialogue	train	you#3	You said it was because there was too much of yourself in it	We were discussing you -- not me.
dialogue	train	xnone#0	Now, that is childish	I'm not sure I understand you fully.
dialogue	train	xnone#0	every portrait that is painted with feeling is a portrait of the artist, not of the sitter	I'm not sure I understand you fully.
dialogue	val	xnone#0	The sitter is merely the accident, the occasion	I'm not sure I understand you fully.
dialogue	train	what#0	It is not he who is revealed by the painter	Why do you ask?
dialogue	train	what#0	it is rather the painter who, on the coloured canvas, reveals himself	Why do you ask?
dialogue	train	what#0	And what is that	Why do you ask?
dialogue	val	i#10	I will tell you	Perhaps in your fantasies we will tell each other.
dialogue	train	i#6	I am all expectation, Basil	Is it because you are all expectation basil that you came to me?
dialogue	val	xnone#0	Oh, there is really very little to tell, Harry	I'm not sure I understand you fully.
dialogue	train	i#6	and I am afraid you will hardly understand it	Is it because you are afraid I will hardly understand it that you came to me?
dialogue	train	perhaps#0	Perhaps you will hardly believe it	You don't seem quite certain.
dialogue	train	i#6	I am quite sure I shall understand it	Is it because you are quite sure you shall understand it that you came to me?
dialogue	train	i#11	and as for believing things, I can believe anything, provided that it is quite incredible	You say and as for believing things you can believe anything provided that it is quite incredible?
dialogue	train	xnone#0	The story is simply this	I'm not sure I understand you fully.
dialogue	train	i#11	Two months ago I went to a crush at Lady Brandon’s	You say two months ago you went to a crush at lady brandons?
dialogue	train	i#11	I turned half-way round and saw Dorian Gray for the first time	You say you turned half way round and saw dorian gray for the first time?
dialogue	train	was#1	When our eyes met, I felt that I was growing pale	Were you really?
dialogue	train	xnone#0	A curious sensation of terror came over me	I'm not sure I understand you fully.
dialogue	train	my#2	I did not want any external influence in my life	Your life?
dialogue	val	you#3	You know yourself, Harry, how independent I am by nature	We were discussing you -- not me.
dialogue	train	my#2	I have always been my own master	Your own master?
dialogue	train	always#0	had at least always been so, till I met Dorian Gray	Can you think of a specific example?
dialogue	train	i#8	Then—but I don’t know how to explain it to you	Don't you really know what to explain it to I?
dialogue	train	was#1	Something seemed to tell me that I was on the verge of a terrible crisis in my life	Were you really?
dialogue	train	i#11	I had a strange feeling that fate had in store for me exquisite joys and exquisite sorrows	You say you had a strange feeling that fate had in store for you exquisite joys and exquisite sorrows?
dialogue	train	i#11	I grew afraid and turned to quit the room	You say you grew afraid and turned to quit the room?
dialogue	train	xnone#0	It was not conscience that made me do so: it was a sort of cowardice	I'm not sure I understand you fully.
dialogue	train	i#11	I take no credit to myself for trying to escape	You say you take no credit to yourself for trying to escape?
dialogue	train	alike#0	Conscience and cowardice are really the same things, Basil	In what way?
dialogue	train	name#0	Conscience is the trade-name of the firm	I am not interested in names.
dialogue	train	xnone#0	That is all	I'm not sure I understand you fully.
dialogue	val	you#3	I don’t believe that, Harry, and I don’t believe you do either	We were discussing you -- not me.
dialogue	train	i#11	There, of course, I stumbled against Lady Brandon	You say there of course you stumbled against lady brandon?
dialogue	val	you#1	You are not going to run away so soon, Mr	What makes you think I am not going to run away so soon mr?
dialogue	train	xnone#0	she screamed out	I'm not sure I understand you fully.
dialogue	train	you#3	You know her curiously shrill voice	We were discussing you -- not me.
dialogue	train	xnone#0	she is a peacock in everything but beauty	I'm not sure I understand you fully.
dialogue	train	i#11	I could not get rid of her	You say you could not get rid of her?
dialogue	train	xnone#0	She spoke of me as her dearest friend	I'm not sure I understand you fully.
dialogue	train	i#11	I had only met her once before, but she took it into her head to lionize me	You say you had only met her once before but she took it into her head to lionize you?
dialogue	train	i#11	Suddenly I found myself face to face with the young man whose personality had so strangely stirred me	You say suddenly you found yourself face to face with the young man whose personality had so strangely stirred you?
dialogue	val	xnone#0	We were quite close, almost touching	I'm not sure I understand you fully.
dialogue	train	xnone#0	Our eyes met again	I'm not sure I understand you fully.
dialogue	train	i#11	It was reckless of me, but I asked Lady Brandon to introduce me to him	You say it was reckless of you but you asked lady brandon to introduce you to him?
dialogue	train	perhaps#0	Perhaps it was not so reckless, after all	You don't seem quite certain.
dialogue	train	xnone#0	It was simply inevitable	I'm not sure I understand you fully.
dialogue	train	xnone#0	We would have spoken to each other without any introduction	I'm not sure I understand you fully.
dialogue	train	i#6	I am sure of that	Is it because you are sure of that that you came to me?
dialogue	train	xnone#0	Dorian told me so afterwards	I'm not sure I understand you fully.
dialogue	train	xnone#0	He, too, felt that we were destined to know each other	I'm not sure I understand you fully.
dialogue	train	what#0	And how did Lady Brandon describe this wonderful young man	Why do you ask?
dialogue	train	i#11	I know she goes in for giving a rapid _précis_ of all her guests	You say you know she goes in for giving a rapid pr cis of all her guests?
dialogue	train	i#11	I simply fled	You say you simply fled?
dialogue	train	i#11	I like to find out people for myself	You say you like to find out people for yourself?
dialogue	train	xnone#0	But Lady Brandon treats her guests exactly as an auctioneer treats his goods	I'm not sure I understand you fully.
dialogue	train	what#0	She either explains them entirely away, or tells one everything about them except what one wants to know	Why do you ask?
dialogue	train	xnone#0	Poor Lady Brandon	I'm not sure I understand you fully.
dialogue	train	you#1	You are hard on her, Harry	What makes you think I am hard on her harry?
dialogue	val	my#2	My dear fellow, she tried to found a _salon_, and only succeeded in opening a restaurant	Your dear fellow she tried to found a salon and only succeeded in opening a restaurant?
dialogue	train	what#0	How could I admire her	Why do you ask?
dialogue	train	what#0	But tell me, what did she say about Mr	Why do you ask?
dialogue	train	i#11	Oh, something like, ‘Charming boy—poor dear mother and I absolutely inseparable	You say oh something like charming boy poor dear mother and you absolutely inseparable?
dialogue	train	what#0	Quite forget what he does—afraid he—doesn’t do anything—oh, yes, plays the piano—or is it the violin, dear Mr	Why do you ask?
dialogue	train	xnone#0	Neither of us could help laughing, and we became friends at once	I'm not sure I understand you fully.
dialogue	train	you#3	You don’t understand what friendship is, Harry	We were discussing you -- not me.
dialogue	val	what#0	or what enmity is, for that matter	Why do you ask?
dialogue	train	you#3	You like every one	We were discussing you -- not me.
dialogue	train	you#1	that is to say, you are indifferent to every one	What makes you think I am indifferent to every one?
dialogue	train	what#0	How horribly unjust of you	Why do you ask?
dialogue	train	you#3	horribly unjust of you	We were discussing you -- not me.
dialogue	train	i#11	I make a great difference between people	You say you make a great difference between people?
dialogue	train	xnone#0	A man cannot be too careful in the choice of his enemies	I'm not sure I understand you fully.
dialogue	train	i#11	I have not got one who is a fool	You say you have not got one who is a fool?
dialogue	train	are#1	They are all men of some intellectual power, and consequently they all appreciate me	Did you think they might not be all men of some intellectual power and consequently they all appreciate you?
dialogue	train	xnone#0	Is that very vain of me	I'm not sure I understand you fully.
dialogue	train	i#11	I think it is rather vain	You say you think it is rather vain?
dialogue	train	i#11	I should think it was, Harry	You say you should think it was harry?
dialogue	train	your#0	But according to your category I must be merely an acquaintance	Why are you concerned over my category you must be merely an acquaintance?
dialogue	val	my#2	My dear old Basil, you are much more than an acquaintance	Your dear old basil I are much more than an acquaintance?
dialogue	train	xnone#0	And much less than a friend	I'm not sure I understand you fully.
dialogue	train	i#11	A sort of brother, I suppose	You say a sort of brother you suppose?
dialogue	train	i#8	I don’t care for brothers	Don't you really care for brothers?
dialogue	train	my#1	My elder brother won’t die, and my younger brothers seem never to do anything else	Tell me more about your family.
dialogue	train	my#2	My dear fellow, I am not quite serious	Your dear fellow you are not quite serious?
dialogue	train	my#2	But I can’t help detesting my relations	Your relations?
dialogue	train	what#0	When poor Southwark got into the divorce court, their indignation was quite magnificent	Why do you ask?
dialogue	train	i#8	And yet I don’t suppose that ten per cent of the proletariat live correctly	Don't you really suppose that ten per cent of the proletariat live correctly?
dialogue	train	what#0	How English you are Basil	Why do you ask?
dialogue	train	you#3	That is the second time you have made that observation	We were discussing you -- not me.
dialogue	train	xnone#0	The only thing he considers of any importance is whether one believes it oneself	I'm not sure I understand you fully.
dialogue	train	i#8	However, I don’t propose to discuss politics, sociology, or metaphysics with you	Don't you really propose to discuss politics sociology or metaphysics with I?
dialogue	train	xnone#0	Tell me more about Mr	I'm not sure I understand you fully.
dialogue	train	what#0	How often do you see him	Why do you ask?
dialogue	val	if#0	I couldn’t be happy if I didn’t see him every day	Do you think its likely that you didnt see him every day?
dialogue	val	xnone#0	He is absolutely necessary to me	I'm not sure I understand you fully.
dialogue	train	i#10	I thought you would never care for anything but your art	Perhaps in your fantasies we thought each other.
dialogue	train	my#2	He is all my art to me now	Your art to you now?
dialogue	train	i#11	I sometimes think, Harry, that there are only two eras of any importance in the world’s history	You say you sometimes think harry that there are only two eras of any importance in the worlds history?
dialogue	train	i#11	It is not merely that I paint from him, draw from him, sketch from him	You say it is not merely that you paint from him draw from him sketch from him?
dialogue	train	i#11	Of course, I have done all that	You say of course you have done all that?
dialogue	train	xnone#0	But he is much more to me than a model or a sitter	I'm not sure I understand you fully.
dialogue	train	i#10	But in some curious way—I wonder will you understand me	Perhaps in your fantasies we wonder will each other.
dialogue	train	xnone#0	his personality has suggested to me an entirely new manner in art, an entirely new mode of style	I'm not sure I understand you fully.
dialogue	train	i#11	I see things differently, I think of them differently	You say you see things differently you think of them differently?
dialogue	train	i#11	I can now recreate life in a way that was hidden from me before	You say you can now recreate life in a way that was hidden from you before?
dialogue	train	dream#0	A dream of form in days of thought’—who is it who says that	What does that dream suggest to you?
dialogue	train	what#0	but it is what Dorian Gray has been to me	Why do you ask?
dialogue	train	i#10	I wonder can you realize all that that means	Perhaps in your fantasies we wonder can each other.
dialogue	train	what#0	The harmony of soul and body—how much that is	Why do you ask?
dialogue	train	if#0	if you only knew what Dorian Gray is to me	Do you think its likely that I only knew what dorian gray is to you?
dialogue	train	i#11	It is one of the best things I have ever done	You say it is one of the best things you have ever done?
dialogue	train	what#0	And why is it so	Why do you ask?
dialogue	train	was#1	Because, while I was painting it, Dorian Gray sat beside me	Were you really?
dialogue	train	xnone#0	Basil, this is extraordinary	I'm not sure I understand you fully.
dialogue	train	i#11	I must see Dorian Gray	You say you must see dorian gray?
dialogue	train	xnone#0	Dorian Gray is to me simply a motive in art	I'm not sure I understand you fully.
dialogue	train	you#3	You might see nothing in him	We were discussing you -- not me.
dialogue	train	i#11	I see everything in him	You say you see everything in him?
dialogue	train	my#2	He is never more present in my work than when no image of him is there	Your work than what no image of him is there?
dialogue	train	i#11	He is a suggestion, as I have said, of a new manner	You say he is a suggestion as you have said of a new manner?
dialogue	val	i#11	I find him in the curves of certain lines, in the loveliness and subtleties of certain colours	You say you find him in the curves of certain lines in the loveliness and subtleties of certain colours?
dialogue	train	what#0	Then why won’t you exhibit his portrait	Why do you ask?
dialogue	val	xnone#0	He knows nothing about it	I'm not sure I understand you fully.
dialogue	train	xnone#0	He shall never know anything about it	I'm not sure I understand you fully.
dialogue	val	my#2	But the world might guess it, and I will not bare my soul to their shallow prying eyes	Your soul to their shallow prying eyes?
dialogue	train	my#2	My heart shall never be put under their microscope	Your heart shall never be put under their microscope?
dialogue	train	xnone#0	There is too much of myself in the thing, Harry—too much of myself	I'm not sure I understand you fully.
dialogue	val	are#1	Poets are not so scrupulous as you are	Did you think they might not be not so scrupulous as I are?
dialogue	train	what#0	They know how useful passion is for publication	Why do you ask?
dialogue	train	xnone#0	Nowadays a broken heart will run to many editions	I'm not sure I understand you fully.
dialogue	train	i#11	I hate them for it	You say you hate them for it?
dialogue	train	xnone#0	An artist should create beautiful things, but should put nothing of his own life into them	I'm not sure I understand you fully.
dialogue	train	xnone#0	We have lost the abstract sense of beauty	I'm not sure I understand you fully.
dialogue	train	i#11	Some day I will show the world what it is	You say some day you will show the world what it is?
dialogue	train	my#2	and for that reason the world shall never see my portrait of Dorian Gray	Your portrait of dorian gray?
dialogue	train	you#1	I think you are wrong, Basil, but I won’t argue with you	What makes you think I am wrong basil but you wont argue with I?
dialogue	val	what#0	It is only the intellectually lost who ever argue	Why do you ask?
dialogue	val	you#3	Tell me, is Dorian Gray very fond of you	We were discussing you -- not me.
dialogue	train	xnone#0	He likes me	I'm not sure I understand you fully.
dialogue	train	i#11	I know he likes me	You say you know he likes you?
dialogue	train	i#11	Of course I flatter him dreadfully	You say of course you flatter him dreadfully?
dialogue	train	are#1	Days in summer, Basil, are apt to linger	Did you think they might not be apt to linger?
dialogue	val	perhaps#0	Perhaps you will tire sooner than he will	You don't seem quite certain.
dialogue	train	xnone#0	That accounts for the fact that we all take such pains to over-educate ourselves	I'm not sure I understand you fully.
dialogue	train	xnone#0	The thoroughly well-informed man—that is the modern ideal	I'm not sure I understand you fully.
dialogue	train	xnone#0	And the mind of the thoroughly well-informed man is a dreadful thing	I'm not sure I understand you fully.
dialogue	train	alike#0	It is like a _bric-à-brac_ shop, all monsters and dust, with everything priced above its proper value	In what way?
dialogue	train	alike#0	I think you will tire first, all the same	In what way?
dialogue	train	you#3	The next time he calls, you will be perfectly cold and indifferent	We were discussing you -- not me.
dialogue	train	you#3	It will be a great pity, for it will alter you	We were discussing you -- not me.
dialogue	train	xnone#0	Harry, don’t talk like that	I'm not sure I understand you fully.
dialogue	val	i#11	As long as I live, the personality of Dorian Gray will dominate me	You say as long as you live the personality of dorian gray will dominate you?
dialogue	train	you#3	You can’t feel what I feel	We were discussing you -- not me.
dialogue	val	you#3	You change too often	We were discussing you -- not me.
dialogue	train	my#2	Ah, my dear Basil, that is exactly why I can feel it	Your dear basil that is exactly why you can feel it?
dialogue	train	my#2	My dear fellow, I have just remembered	Your dear fellow you have just remembered?
dialogue	train	what#0	Remembered what, Harry	Why do you ask?
dialogue	train	name#0	Where I heard the name of Dorian Gray	I am not interested in names.
dialogue	val	what#0	Where was it	Why do you ask?
dialogue	train	xnone#0	Don’t look so angry, Basil	I'm not sure I understand you fully.
dialogue	train	my#2	It was at my aunt, Lady Agatha’s	Your aunt lady agathas?
dialogue	train	i#6	I am bound to state that she never told me he was good-looking	Is it because you are bound to state that she never told you he was good looking that you came to me?
dialogue	train	no#0	Women have no appreciation of good looks	Are you saying no just to be negative?
dialogue	train	xnone#0	at least, good women have not	I'm not sure I understand you fully.
dialogue	train	xnone#0	She said that he was very earnest and had a beautiful nature	I'm not sure I understand you fully.
dialogue	val	i#4	I wish I had known it was your friend	Do you really think so?
dialogue	val	i#2	I am very glad you didn’t, Harry	How have I helped you to be glad?
dialogue	train	i#8	I don’t want you to meet him	Don't you really want I to meet him?
dialogue	train	you#2	You don’t want me to meet him	Why do you think I dont want you?
dialogue	train	xnone#0	Dorian Gray is in the studio, sir	I'm not sure I understand you fully.
dialogue	train	you#2	You must introduce me now	Why do you think I must introduce you?
dialogue	train	i#11	Gray to wait, Parker: I shall be in in a few moments	You say gray to wait parker you shall be in in a few moments?
dialogue	train	my#2	Dorian Gray is my dearest friend	Your dearest friend?
dialogue	train	xnone#0	He has a simple and a beautiful nature	I'm not sure I understand you fully.
dialogue	train	your#0	Your aunt was quite right in what she said of him	Why are you concerned over my aunt was quite right in what she said of him?
dialogue	train	xnone#0	Don’t spoil him	I'm not sure I understand you fully.
dialogue	train	xnone#0	Don’t try to influence him	I'm not sure I understand you fully.
dialogue	train	your#0	Your influence would be bad	Why are you concerned over my influence would be bad?
dialogue	train	xnone#0	The world is wide, and has many marvellous people in it	I'm not sure I understand you fully.
dialogue	train	i#10	Mind, Harry, I trust you	Perhaps in your fantasies we trust each other.
dialogue	train	what#0	What nonsense you talk	Why do you ask?
dialogue	train	you#2	You must lend me these, Basil	Why do you think I must lend you?
dialogue	train	i#0	I want to learn them	What would it mean to you if you got to learn them?
dialogue	train	are#1	They are perfectly charming	Did you think they might not be perfectly charming?
dialogue	train	what#0	That entirely depends on how you sit to-day, Dorian	Why do you ask?
dialogue	train	i#6	Oh, I am tired of sitting, and I don’t want a life-sized portrait of myself	Is it because you are tired of sitting and you dont want a life sized portrait of yourself that you came to me?
dialogue	train	i#10	I beg your pardon, Basil, but I didn’t know you had any one with you	Perhaps in your fantasies we beg my pardon basil but you didnt know each other.
dialogue	train	xnone#0	This is Lord Henry Wotton, Dorian, an old Oxford friend of mine	I'm not sure I understand you fully.
dialogue	train	i#10	I have just been telling him what a capital sitter you were, and now you have spoiled everything	Perhaps in your fantasies we have just been telling him what a capital sitter each other.
dialogue	train	my#2	You have not spoiled my pleasure in meeting you, Mr	Your pleasure in meeting I mr?
dialogue	train	my#2	My aunt has often spoken to me about you	Your aunt has often spoken to you about I?
dialogue	val	you#1	You are one of her favourites, and, I am afraid, one of her victims also	What makes you think I am one of her favourites and you are afraid one of her victims also?
dialogue	train	i#6	I am in Lady Agatha’s black books at present	Is it because you are in lady agathas black books at present that you came to me?
dialogue	val	i#11	We were to have played a duet together—three duets, I believe	You say we was to have played a duet together three duets you believe?
dialogue	train	i#8	I don’t know what she will say to me	Don't you really know what she will say to you?
dialogue	train	i#6	I am far too frightened to call	Is it because you are far too frightened to call that you came to me?
dialogue	train	my#2	Oh, I will make your peace with my aunt	Your aunt?
dialogue	train	you#3	She is quite devoted to you	We were discussing you -- not me.
dialogue	train	i#8	And I don’t think it really matters about your not being there	Don't you really think it really matters about my not being there?
dialogue	val	xnone#0	The audience probably thought it was a duet	I'm not sure I understand you fully.
dialogue	train	what#0	When Aunt Agatha sits down to the piano, she makes quite enough noise for two people	Why do you ask?
dialogue	train	xnone#0	That is very horrid to her, and not very nice to me	I'm not sure I understand you fully.
dialogue	train	you#1	You are too charming to go in for philanthropy, Mr	What makes you think I am too charming to go in for philanthropy mr?
dialogue	train	xnone#0	Gray—far too charming	I'm not sure I understand you fully.
dialogue	train	i#0	Harry, I want to finish this picture to-day	What would it mean to you if you got to finish this picture to day?
dialogue	train	if#0	Would you think it awfully rude of me if I asked you to go away	Do you think its likely that you asked I to go away?
dialogue	train	am#0	Am I to go, Mr	Do you believe you are to go mr?
dialogue	val	xnone#0	Oh, please don’t, Lord Henry	I'm not sure I understand you fully.
dialogue	train	i#0	Besides, I want you to tell me why I should not go in for philanthropy	What would it mean to you if you got I to tell you why you should not go in for philanthropy?
dialogue	train	i#8	I don’t know that I shall tell you that, Mr	Don't you really know that you shall tell I that mr?
dialogue	train	xnone#0	It is so tedious a subject that one would have to talk seriously about it	I'm not sure I understand you fully.
dialogue	train	i#10	But I certainly shall not run away, now that you have asked me to stop	Perhaps in your fantasies we yes shall not run away now that each other.
dialogue	val	you#3	You don’t really mind, Basil, do you	We were discussing you -- not me.
dialogue	train	you#2	You have often told me that you liked your sitters to have some one to chat to	Why do you think I have often told you?
dialogue	train	if#0	If Dorian wishes it, of course you must stay	Do you think its likely that dorian wishes it of course I must stay?
dialogue	train	everyone#0	Dorian’s whims are laws to everybody, except himself	Really, everybody?
dialogue	train	you#1	You are very pressing, Basil, but I am afraid I must go	What makes you think I am very pressing basil but you are afraid you must go?
dialogue	train	i#11	I have promised to meet a man at the Orleans	You say you have promised to meet a man at the orleans?
dialogue	train	xnone#0	Come and see me some afternoon in Curzon Street	I'm not sure I understand you fully.
dialogue	train	always#0	I am nearly always at home at five o’clock	Can you think of a specific example?
dialogue	train	what#0	Write to me when you are coming	Why do you ask?
dialogue	train	i#10	I should be sorry to miss you	Perhaps in your fantasies we should be sorry to miss each other.
dialogue	train	if#0	if Lord Henry Wotton goes, I shall go, too	Do you think its likely that lord henry wotton goes you shall go too?
dialogue	train	xnone#0	Ask him to stay	I'm not sure I understand you fully.
dialogue	train	i#11	I insist upon it	You say you insist upon it?
dialogue	train	xnone#0	Stay, Harry, to oblige Dorian, and to oblige me	I'm not sure I understand you fully.
dialogue	train	i#10	I beg you to stay	Perhaps in your fantasies we beg each other.
dialogue	train	my#2	But what about my man at the Orleans	Your man at the orleans?
dialogue	train	i#8	I don’t think there will be any difficulty about that	Don't you really think there will be any difficulty about that?
dialogue	train	xnone#0	Sit down again, Harry	I'm not sure I understand you fully.
dialogue	train	xnone#0	He has a very bad influence over all his friends, with the single exception of myself	I'm not sure I understand you fully.
dialogue	train	you#3	Have you really a very bad influence, Lord Henry	We were discussing you -- not me.
dialogue	train	xnone#0	As bad as Basil says	I'm not sure I understand you fully.
dialogue	train	no#0	There is no such thing as a good influence, Mr	Are you saying no just to be negative?
dialogue	val	xnone#0	All influence is immoral—immoral from the scientific point of view	I'm not sure I understand you fully.
dialogue	train	because#0	Because to influence a person is to give him one’s own soul	Is that the real reason?
dialogue	train	xnone#0	He does not think his natural thoughts, or burn with his natural passions	I'm not sure I understand you fully.
dialogue	train	are#1	His virtues are not real to him	Did you think they might not be not real to him?
dialogue	train	if#0	His sins, if there are such things as sins, are borrowed	Do you think its likely that there are such things as sins are borrowed?
dialogue	train	xnone#0	The aim of life is self-development	I'm not sure I understand you fully.
dialogue	train	what#0	To realize one’s nature perfectly—that is what each of us is here for	Why do you ask?
dialogue	val	are#1	People are afraid of themselves, nowadays	Did you think they might not be afraid of themselves nowadays?
dialogue	train	xnone#0	They have forgotten the highest of all duties, the duty that one owes to one’s self	I'm not sure I understand you fully.
dialogue	train	are#1	Of course, they are charitable	Did you think they might not be charitable?
dialogue	train	xnone#0	They feed the hungry and clothe the beggar	I'm not sure I understand you fully.
dialogue	train	are#1	But their own souls starve, and are naked	Did you think they might not be naked?
dialogue	train	xnone#0	Courage has gone out of our race	I'm not sure I understand you fully.
dialogue	train	perhaps#0	Perhaps we never really had it	You don't seem quite certain.
dialogue	train	your#0	Just turn your head a little more to the right, Dorian, like a good boy	Why are you concerned over my head a little more to the right dorian like a good boy?
dialogue	train	xnone#0	But the bravest man amongst us is afraid of himself	I'm not sure I understand you fully.
dialogue	train	xnone#0	The mutilation of the savage has its tragic survival in the self-denial that mars our lives	I'm not sure I understand you fully.
dialogue	train	are#1	We are punished for our refusals	Did you think they might not be punished for our refusals?
dialogue	train	xnone#0	Every impulse that we strive to strangle broods in the mind and poisons us	I'm not sure I understand you fully.
dialogue	train	xnone#0	The body sins once, and has done with its sin, for action is a mode of purification	I'm not sure I understand you fully.
dialogue	train	xnone#0	Nothing remains then but the recollection of a pleasure, or the luxury of a regret	I'm not sure I understand you fully.
dialogue	train	xnone#0	The only way to get rid of a temptation is to yield to it	I'm not sure I understand you fully.
dialogue	train	xnone#0	It has been said that the great events of the world take place in the brain	I'm not sure I understand you fully.
dialogue	train	you#2	you bewilder me	Why do you think I bewilder you?
dialogue	train	i#8	I don’t know what to say	Don't you really know what to say?
dialogue	train	you#3	There is some answer to you, but I cannot find it	We were discussing you -- not me.
dialogue	val	xnone#0	Or, rather, let me try not to think	I'm not sure I understand you fully.
dialogue	train	i#6	Basil, I am tired of standing	Is it because you are tired of standing that you came to me?
dialogue	train	i#11	I must go out and sit in the garden	You say you must go out and sit in the garden?
dialogue	train	xnone#0	The air is stifling here	I'm not sure I understand you fully.
dialogue	train	my#2	My dear fellow, I am so sorry	Your dear fellow you are so sorry?
dialogue	train	what#0	When I am painting, I can’t think of anything else	Why do you ask?
dialogue	train	you#3	But you never sat better	We were discussing you -- not me.
dialogue	train	you#3	You were perfectly still	We were discussing you -- not me.
dialogue	train	i#11	And I have caught the effect I wanted—the half-parted lips and the bright look in the eyes	You say and you have caught the effect you wanted the half parted lips and the bright look in the eyes?
dialogue	train	i#10	I suppose he has been paying you compliments	Perhaps in your fantasies we suppose he has been paying each other.
dialogue	train	you#3	You mustn’t believe a word that he says	We were discussing you -- not me.
dialogue	train	yes#0	He has certainly not been paying me compliments	You seem to be quite positive.
dialogue	train	perhaps#0	Perhaps that is the reason that I don’t believe anything he has told me	You don't seem quite certain.
dialogue	train	you#3	You know you believe it all	We were discussing you -- not me.
dialogue	val	i#10	I will go out to the garden with you	Perhaps in your fantasies we will go out to the garden with each other.
dialogue	train	xnone#0	It is horribly hot in the studio	I'm not sure I understand you fully.
dialogue	train	xnone#0	Basil, let us have something iced to drink, something with strawberries in it	I'm not sure I understand you fully.
dialogue	train	what#0	Just touch the bell, and when Parker comes I will tell him what you want	Why do you ask?
dialogue	train	i#10	I have got to work up this background, so I will join you later on	Perhaps in your fantasies we have got to work up this background so you will join each other.
dialogue	train	xnone#0	Don’t keep Dorian too long	I'm not sure I understand you fully.
dialogue	train	i#6	I have never been in better form for painting than I am to-day	Is it because you are to day that you came to me?
dialogue	train	my#2	This is going to be my masterpiece	Your masterpiece?
dialogue	val	my#2	It is my masterpiece as it stands	Your masterpiece as it stands?
dialogue	train	you#1	You are quite right to do that	What makes you think I am quite right to do that?
dialogue	train	xnone#0	Nothing can cure the soul but the senses, just as nothing can cure the senses but the soul	I'm not sure I understand you fully.
dialogue	train	you#1	You are a wonderful creation	What makes you think I am a wonderful creation?
dialogue	train	you#3	You know more than you think you know, just as you know less than you want to know	We were discussing you -- not me.
dialogue	train	xnone#0	Let us go and sit in the shade	I'm not sure I understand you fully.
dialogue	train	you#3	You really must not allow yourself to become sunburnt	We were discussing you -- not me.
dialogue	train	xnone#0	It would be unbecoming	I'm not sure I understand you fully.
dialogue	train	what#0	What can it matter	Why do you ask?
dialogue	train	you#3	It should matter everything to you, Mr	We were discussing you -- not me.
dialogue	train	because#0	Because you have the most marvellous youth, and youth is the one thing worth having	Is that the real reason?
dialogue	train	i#8	I don’t feel that, Lord Henry	Don't you really feel that lord henry?
dialogue	train	no#0	No, you don’t feel it now	Are you saying no just to be negative?
dialogue	train	you#3	Now, wherever you go, you charm the world	We were discussing you -- not me.
dialogue	val	always#0	Will it always be so	Can you think of a specific example?
dialogue	val	you#3	You have a wonderfully beautiful face, Mr	We were discussing you -- not me.
dialogue	train	no#0	And beauty is a form of genius—is higher, indeed, than genius, as it needs no explanation	Are you saying no just to be negative?
dialogue	train	xnone#0	It cannot be questioned	I'm not sure I understand you fully.
dialogue	train	xnone#0	It has its divine right of sovereignty	I'm not sure I understand you fully.
dialogue	train	what#0	It makes princes of those who have it	Why do you ask?
dialogue	val	what#0	when you have lost it you won’t smile	Why do you ask?
dialogue	train	xnone#0	People say sometimes that beauty is only superficial	I'm not sure I understand you fully.
dialogue	train	xnone#0	That may be so, but at least it is not so superficial as thought is	I'm not sure I understand you fully.
dialogue	train	xnone#0	To me, beauty is the wonder of wonders	I'm not sure I understand you fully.
dialogue	train	what#0	It is only shallow people who do not judge by appearances	Why do you ask?
dialogue	train	xnone#0	The true mystery of the world is the visible, not the invisible	I'm not sure I understand you fully.
dialogue	train	you#3	Gray, the gods have been good to you	We were discussing you -- not me.
dialogue	train	what#0	But what the gods give they quickly take away	Why do you ask?
dialogue	train	you#3	You have only a few years in which to live really, perfectly, and fully	We were discussing you -- not me.
dialogue	train	you#3	Every month as it wanes brings you nearer to something dreadful	We were discussing you -- not me.
dialogue	train	you#3	Time is jealous of you, and wars against your lilies and your roses	We were discussing you -- not me.
dialogue	train	you#3	You will become sallow, and hollow-cheeked, and dull-eyed	We were discussing you -- not me.
dialogue	train	you#3	You will suffer horribly	We were discussing you -- not me.
dialogue	train	your#0	realize your youth while you have it	Why are you concerned over my youth while I have it?
dialogue	train	are#1	These are the sickly aims, the false ideals, of our age	Did you think they might not be the sickly aims the false ideals of our age?
dialogue	val	you#3	Live the wonderful life that is in you	We were discussing you -- not me.
dialogue	train	you#3	Let nothing be lost upon you	We were discussing you -- not me.
dialogue	val	always#0	Be always searching for new sensations	Can you think of a specific example?
dialogue	val	xnone#0	Be afraid of nothing	I'm not sure I understand you fully.
dialogue	val	what#0	A new Hedonism—that is what our century wants	Why do you ask?
dialogue	train	you#3	You might be its visible symbol	We were discussing you -- not me.
dialogue	train	your#0	With your personality there is nothing you could not do	Why are you concerned over my personality there is nothing I could not do?
dialogue	val	you#3	The world belongs to you for a season	We were discussing you -- not me.
dialogue	train	if#0	I thought how tragic it would be if you were wasted	Do you think its likely that I was wasted?
dialogue	train	your#0	For there is such a little time that your youth will last—such a little time	Why are you concerned over my youth will last such a little time?
dialogue	train	xnone#0	The common hill-flowers wither, but they blossom again	I'm not sure I understand you fully.
dialogue	train	xnone#0	The laburnum will be as yellow next June as it is now	I'm not sure I understand you fully.
dialogue	train	xnone#0	But we never get back our youth	I'm not sure I understand you fully.
dialogue	train	xnone#0	The pulse of joy that beats in us at twenty becomes sluggish	I'm not sure I understand you fully.
dialogue	train	xnone#0	Our limbs fail, our senses rot	I'm not sure I understand you fully.
dialogue	val	xnone#0	There is absolutely nothing in the world but youth	I'm not sure I understand you fully.
dialogue	train	i#6	I am waiting	Is it because you are waiting that you came to me?
dialogue	val	xnone#0	Do come in	I'm not sure I understand you fully.
dialogue	train	you#3	The light is quite perfect, and you can bring your drinks	We were discussing you -- not me.
dialogue	train	you#1	You are glad you have met me, Mr	What makes you think I am glad I have met you mr?
dialogue	train	yes#0	Yes, I am glad now	You seem to be quite positive.
dialogue	train	always#0	I wonder shall I always be glad	Can you think of a specific example?
dialogue	val	xnone#0	That is a dreadful word	I'm not sure I understand you fully.
dialogue	train	what#0	It makes me shudder when I hear it	Why do you ask?
dialogue	train	are#1	Women are so fond of using it	Did you think they might not be so fond of using it?
dialogue	train	xnone#0	They spoil every romance by trying to make it last for ever	I'm not sure I understand you fully.
dialogue	train	xnone#0	It is a meaningless word, too	I'm not sure I understand you fully.
dialogue	train	xnone#0	The only difference between a caprice and a lifelong passion is that the caprice lasts a little longer	I'm not sure I understand you fully.
dialogue	train	xnone#0	In that case, let our friendship be a caprice	I'm not sure I understand you fully.
dialogue	train	xnone#0	It is quite finished	I'm not sure I understand you fully.
dialogue	train	my#2	My dear fellow, I congratulate you most warmly	Your dear fellow you congratulate I most warmly?
dialogue	train	xnone#0	It is the finest portrait of modern times	I'm not sure I understand you fully.
dialogue	train	xnone#0	Gray, come over and look at yourself	I'm not sure I understand you fully.
dialogue	train	xnone#0	Is it really finished	I'm not sure I understand you fully.
dialogue	train	you#3	And you have sat splendidly to-day	We were discussing you -- not me.
dialogue	train	i#6	I am awfully obliged to you	Is it because you are awfully obliged to I that you came to me?
dialogue	train	xnone#0	That is entirely due to me	I'm not sure I understand you fully.
dialogue	train	xnone#0	Isn’t it, Mr	I'm not sure I understand you fully.
dialogue	val	you#3	Don’t you like it	We were discussing you -- not me.
dialogue	train	xnone#0	Of course he likes it	I'm not sure I understand you fully.
dialogue	train	what#0	Who wouldn’t like it	Why do you ask?
dialogue	train	xnone#0	It is one of the greatest things in modern art	I'm not sure I understand you fully.
dialogue	train	i#10	I will give you anything you like to ask for it	Perhaps in your fantasies we will give each other.
dialogue	train	i#11	I must have it	You say you must have it?
dialogue	train	my#2	It is not my property, Harry	Your property harry?
dialogue	train	xnone#0	Whose property is it	I'm not sure I understand you fully.
dialogue	train	xnone#0	Dorian’s, of course	I'm not sure I understand you fully.
dialogue	train	xnone#0	He is a very lucky fellow	I'm not sure I understand you fully.
dialogue	train	what#0	How sad it is	Why do you ask?
dialogue	train	i#11	I shall grow old, and horrible, and dreadful	You say you shall grow old and horrible and dreadful?
dialogue	train	always#0	But this picture will remain always young	Can you think of a specific example?
dialogue	train	xnone#0	It will never be older than this particular day of June	I'm not sure I understand you fully.
dialogue	val	if#0	If it were only the other way	Do you think its likely that it was only the other way?
dialogue	val	if#0	If it were I who was to be always young, and the picture that was to grow old	Do you think its likely that it was you who was to be always young and the picture that was to grow old?
dialogue	train	i#11	For that—for that—I would give everything	You say for that for that you would give everything?
dialogue	train	yes#0	Yes, there is nothing in the whole world I would not give	You seem to be quite positive.
dialogue	train	my#2	I would give my soul for that	Your soul for that?
dialogue	train	you#3	You would hardly care for such an arrangement, Basil	We were discussing you -- not me.
dialogue	train	your#0	It would be rather hard lines on your work	Why are you concerned over my work?
dialogue	train	i#11	I should object very strongly, Harry	You say you should object very strongly harry?
dialogue	train	you#3	I believe you would, Basil	We were discussing you -- not me.
dialogue	val	you#3	You like your art better than your friends	We were discussing you -- not me.
dialogue	val	i#6	I am no more to you than a green bronze figure	Is it because you are no more to I than a green bronze figure that you came to me?
dialogue	train	i#11	Hardly as much, I dare say	You say hardly as much you dare say?
dialogue	train	i#6	I am less to you than your ivory Hermes or your silver Faun	Is it because you are less to I than my ivory hermes or my silver faun that you came to me?
dialogue	val	always#0	You will like them always	Can you think of a specific example?
dialogue	train	what#0	How long will you like me	Why do you ask?
dialogue	train	my#2	Till I have my first wrinkle, I suppose	Your first wrinkle you suppose?
dialogue	train	i#11	I know, now, that when one loses one’s good looks, whatever they may be, one loses everything	You say you know now that what one loses ones good looks whatever they may be one loses everything?
dialogue	train	your#0	Your picture has taught me that	Why are you concerned over my picture has taught you that?
dialogue	train	xnone#0	Lord Henry Wotton is perfectly right	I'm not sure I understand you fully.
dialogue	train	xnone#0	Youth is the only thing worth having	I'm not sure I understand you fully.
dialogue	train	what#0	When I find that I am growing old, I shall kill myself	Why do you ask?
dialogue	train	xnone#0	don’t talk like that	I'm not sure I understand you fully.
dialogue	train	i#10	I have never had such a friend as you, and I shall never have such another	Perhaps in your fantasies we have never had such a friend as each other.
dialogue	train	you#1	You are not jealous of material things, are you	What makes you think I am not jealous of material things are I?
dialogue	val	you#3	you who are finer than any of them	We were discussing you -- not me.
dialogue	val	i#6	I am jealous of everything whose beauty does not die	Is it because you are jealous of everything whose beauty does not die that you came to me?
dialogue	train	i#6	I am jealous of the portrait you have painted of me	Is it because you are jealous of the portrait I have painted of you that you came to me?
dialogue	train	what#0	Why should it keep what I must lose	Why do you ask?
dialogue	train	xnone#0	Every moment that passes takes something from me and gives something to it	I'm not sure I understand you fully.
dialogue	train	if#0	Oh, if it were only the other way	Do you think its likely that it was only the other way?
dialogue	train	if#0	If the picture could change, and I could be always what I am now	Do you think its likely that the picture could change and you could be always what you are now?
dialogue	train	what#0	Why did you paint it	Why do you ask?
dialogue	train	xnone#0	It will mock me some day—mock me horribly	I'm not sure I understand you fully.
dialogue	train	your#0	This is your doing, Harry	Why are you concerned over my doing harry?
dialogue	train	xnone#0	It is the real Dorian Gray—that is all	I'm not sure I understand you fully.
dialogue	train	xnone#0	It is not	I'm not sure I understand you fully.
dialogue	train	if#0	If it is not, what have I to do with it	Do you think its likely that it is not what have you to do with it?
dialogue	train	you#3	You should have gone away when I asked you	We were discussing you -- not me.
dialogue	train	i#10	I stayed when you asked me	Perhaps in your fantasies we stayed what each other.
dialogue	train	what#0	What is it but canvas and colour	Why do you ask?
dialogue	train	i#11	I will not let it come across our three lives and mar them	You say you will not let it come across our three lives and mar them?
dialogue	train	xnone#0	Don’t, Basil, don’t	I'm not sure I understand you fully.
dialogue	train	xnone#0	It would be murder	I'm not sure I understand you fully.
dialogue	train	my#2	I am glad you appreciate my work at last, Dorian	Your work at last dorian?
dialogue	val	i#10	I never thought you would	Perhaps in your fantasies we never thought each other.
dialogue	train	i#6	I am in love with it, Basil	Is it because you are in love with it basil that you came to me?
dialogue	train	xnone#0	It is part of myself	I'm not sure I understand you fully.
dialogue	train	i#11	I feel that	You say you feel that?
dialogue	train	you#1	Well, as soon as you are dry, you shall be varnished, and framed, and sent home	What makes you think I am dry I shall be varnished and framed and sent home?
dialogue	train	you#3	Then you can do what you like with yourself	We were discussing you -- not me.
dialogue	val	you#3	You will have tea, of course, Dorian	We were discussing you -- not me.
dialogue	train	you#3	And so will you, Harry	We were discussing you -- not me.
dialogue	train	you#3	Or do you object to such simple pleasures	We were discussing you -- not me.
dialogue	train	i#11	I adore simple pleasures	You say you adore simple pleasures?
dialogue	train	are#1	They are the last refuge of the complex	Did you think they might not be the last refuge of the complex?
dialogue	train	i#8	But I don’t like scenes, except on the stage	Don't you really like scenes except on the stage?
dialogue	train	what#0	What absurd fellows you are, both of you	Why do you ask?
dialogue	train	i#11	I wonder who it was defined man as a rational animal	You say you wonder who it was defined man as a rational animal?
dialogue	train	xnone#0	It was the most premature definition ever given	I'm not sure I understand you fully.
dialogue	train	xnone#0	Man is many things, but he is not rational	I'm not sure I understand you fully.
dialogue	train	i#2	I am glad he is not, after all—though I wish you chaps would not squabble over the picture	How have I helped you to be glad?
dialogue	train	you#2	You had much better let me have it, Basil	Why do you think I had much better let you?
dialogue	train	i#11	This silly boy doesn’t really want it, and I really do	You say this silly boy doesnt really want it and you really do?
dialogue	train	if#0	If you let any one have it but me, Basil, I shall never forgive you	Do you think its likely that I let any one have it but you basil you shall never forgive I?
dialogue	train	i#8	and I don’t allow people to call me a silly boy	Don't you really allow people to call you a silly boy?
dialogue	train	you#3	You know the picture is yours, Dorian	We were discussing you -- not me.
dialogue	train	i#10	I gave it to you before it existed	Perhaps in your fantasies we gave it to each other.
dialogue	train	you#3	And you know you have been a little silly, Mr	We were discussing you -- not me.
dialogue	val	you#1	Gray, and that you don’t really object to being reminded that you are extremely young	What makes you think I am extremely young?
dialogue	train	i#11	I should have objected very strongly this morning, Lord Henry	You say you should have objected very strongly this morning lord henry?
dialogue	train	you#3	You have lived since then	We were discussing you -- not me.
dialogue	val	xnone#0	Let us go to the theatre to-night	I'm not sure I understand you fully.
dialogue	train	xnone#0	There is sure to be something on, somewhere	I'm not sure I understand you fully.
dialogue	train	i#11	I think that would be a rather nice excuse: it would have all the surprise of candour	You say you think that would be a rather nice excuse it would have all the surprise of candour?
dialogue	train	xnone#0	It is such a bore putting on one’s dress-clothes	I'm not sure I understand you fully.
dialogue	train	what#0	And, when one has them on, they are so horrid	Why do you ask?
dialogue	val	xnone#0	the costume of the nineteenth century is detestable	I'm not sure I understand you fully.
dialogue	train	xnone#0	It is so sombre, so depressing	I'm not sure I understand you fully.
dialogue	train	xnone#0	Sin is the only real colour-element left in modern life	I'm not sure I understand you fully.
dialogue	train	you#3	You really must not say things like that before Dorian, Harry	We were discussing you -- not me.
dialogue	train	xnone#0	Before which Dorian	I'm not sure I understand you fully.
dialogue	train	what#0	The one who is pouring out tea for us, or the one in the picture	Why do you ask?
dialogue	train	i#10	I should like to come to the theatre with you, Lord Henry	Perhaps in your fantasies we should like to come to the theatre with each other.
dialogue	train	you#3	Then you shall come	We were discussing you -- not me.
dialogue	train	you#3	and you will come, too, Basil, won’t you	We were discussing you -- not me.
dialogue	train	i#7	I can’t, really	How do you think that you can't really?
dialogue	train	i#11	I would sooner not	You say you would sooner not?
dialogue	train	i#11	I have a lot of work to do	You say you have a lot of work to do?
dialogue	train	you#3	Well, then, you and I will go alone, Mr	We were discussing you -- not me.
dialogue	train	i#11	I should like that awfully	You say you should like that awfully?
dialogue	train	i#11	I shall stay with the real Dorian	You say you shall stay with the real dorian?
dialogue	val	xnone#0	Is it the real Dorian	I'm not sure I understand you fully.
dialogue	train	alike#0	Am I really like that	In what way?
dialogue	train	alike#0	you are just like that	In what way?
dialogue	train	what#0	How wonderful, Basil	Why do you ask?
dialogue	train	alike#0	At least you are like it in appearance	In what way?
dialogue	val	xnone#0	But it will never alter	I'm not sure I understand you fully.
dialogue	train	xnone#0	That is something	I'm not sure I understand you fully.
dialogue	train	what#0	What a fuss people make about fidelity	Why do you ask?
dialogue	train	what#0	Why, even in love it is purely a question for physiology	Why do you ask?
dialogue	train	xnone#0	It has nothing to do with our own will	I'm not sure I understand you fully.
dialogue	train	are#1	Young men want to be faithful, and are not	Did you think they might not be not?
dialogue	train	xnone#0	old men want to be faithless, and cannot: that is all one can say	I'm not sure I understand you fully.
dialogue	train	xnone#0	Don’t go to the theatre to-night, Dorian	I'm not sure I understand you fully.
dialogue	train	xnone#0	Stop and dine with me	I'm not sure I understand you fully.
dialogue	val	i#7	I can’t, Basil	How do you think that you can't basil?
dialogue	train	because#0	Because I have promised Lord Henry Wotton to go with him	Is that the real reason?
dialogue	train	you#3	He won’t like you the better for keeping your promises	We were discussing you -- not me.
dialogue	train	always#0	He always breaks his own	Can you think of a specific example?
dialogue	train	i#10	I beg you not to go	Perhaps in your fantasies we beg each other.
dialogue	train	i#10	I entreat you	Perhaps in your fantasies we entreat each other.
dialogue	train	i#11	I must go, Basil	You say you must go basil?
dialogue	train	you#3	It is rather late, and, as you have to dress, you had better lose no time	We were discussing you -- not me.
dialogue	train	xnone#0	Come and see me soon	I'm not sure I understand you fully.
dialogue	train	you#3	You won’t forget	We were discussing you -- not me.
dialogue	train	no#0	No, of course not	Are you saying no just to be negative?
dialogue	train	what#0	Remember what I asked you, when we were in the garden this morning	Why do you ask?
dialogue	train	i#11	I have forgotten it	You say you have forgotten it?
dialogue	train	i#10	I trust you	Perhaps in your fantasies we trust each other.
dialogue	val	i#4	I wish I could trust myself	Do you really think so?
dialogue	train	my#2	Gray, my hansom is outside, and I can drop you at your own place	Your hansom is outside and you can drop I at my own place?
dialogue	train	xnone#0	It has been a most interesting afternoon	I'm not sure I understand you fully.
dialogue	train	what#0	what brings you out so early	Why do you ask?
dialogue	train	i#10	I thought you dandies never got up till two, and were not visible till five	Perhaps in your fantasies we thought each other.
dialogue	train	i#10	Pure family affection, I assure you, Uncle George	Perhaps in your fantasies we assure each other.
dialogue	train	i#0	I want to get something out of you	What would it mean to you if you got to get something out of I?
dialogue	train	i#11	Money, I suppose	You say money you suppose?
dialogue	train	xnone#0	Well, sit down and tell me all about it	I'm not sure I understand you fully.
dialogue	train	xnone#0	Young people, nowadays, imagine that money is everything	I'm not sure I understand you fully.
dialogue	train	what#0	and when they grow older they know it	Why do you ask?
dialogue	train	i#8	But I don’t want money	Don't you really want money?
dialogue	train	what#0	It is only people who pay their bills who want that, Uncle George, and I never pay mine	Why do you ask?
dialogue	train	xnone#0	Credit is the capital of a younger son, and one lives charmingly upon it	I'm not sure I understand you fully.
dialogue	val	always#0	Besides, I always deal with Dartmoor’s tradesmen, and consequently they never bother me	Can you think of a specific example?
dialogue	train	what#0	What I want is information: not useful information, of course	Why do you ask?
dialogue	train	was#1	When I was in the Diplomatic, things were much better	Were you really?
dialogue	train	i#11	But I hear they let them in now by examination	You say but you hear they let them in now by examination?
dialogue	val	what#0	What can you expect	Why do you ask?
dialogue	train	are#1	Examinations, sir, are pure humbug from beginning to end	Did you think they might not be pure humbug from beginning to end?
dialogue	train	xnone#0	Dorian Gray does not belong to Blue Books, Uncle George	I'm not sure I understand you fully.
dialogue	train	what#0	Who is he	Why do you ask?
dialogue	train	what#0	That is what I have come to learn, Uncle George	Why do you ask?
dialogue	train	i#11	Or rather, I know who he is	You say or rather you know who he is?
dialogue	train	xnone#0	He is the last Lord Kelso’s grandson	I'm not sure I understand you fully.
dialogue	train	xnone#0	His mother was a Devereux, Lady Margaret Devereux	I'm not sure I understand you fully.
dialogue	train	i#0	I want you to tell me about his mother	What would it mean to you if you got I to tell you about his mother?
dialogue	train	alike#0	What was she like	In what way?
dialogue	train	xnone#0	Whom did she marry	I'm not sure I understand you fully.
dialogue	train	everyone#0	You have known nearly everybody in your time, so you might have known her	Really, everybody?
dialogue	train	i#6	I am very much interested in Mr	Is it because you are very much interested in mr that you came to me?
dialogue	train	xnone#0	Gray at present	I'm not sure I understand you fully.
dialogue	train	i#11	I have only just met him	You say you have only just met him?
dialogue	train	i#11	I knew his mother intimately	You say you knew his mother intimately?
dialogue	train	was#1	I believe I was at her christening	Were you really?
dialogue	train	remember#0	I remember the whole thing as if it happened yesterday	Do you often think of the whole thing as if it happened yesterday?
dialogue	train	xnone#0	The poor chap was killed in a duel at Spa a few months after the marriage	I'm not sure I understand you fully.
dialogue	train	xnone#0	There was an ugly story about it	I'm not sure I understand you fully.
dialogue	train	was#1	He brought his daughter back with him, I was told, and she never spoke to him again	Were you really?
dialogue	train	xnone#0	it was a bad business	I'm not sure I understand you fully.
dialogue	train	xnone#0	The girl died, too, died within a year	I'm not sure I understand you fully.
dialogue	train	xnone#0	So she left a son, did she	I'm not sure I understand you fully.
dialogue	train	i#11	I had forgotten that	You say you had forgotten that?
dialogue	train	what#0	What sort of boy is he	Why do you ask?
dialogue	train	alike#0	If he is like his mother, he must be a good-looking chap	In what way?
dialogue	train	xnone#0	He is very good-looking	I'm not sure I understand you fully.
dialogue	val	i#11	I hope he will fall into proper hands	You say you hope he will fall into proper hands?
dialogue	train	if#0	He should have a pot of money waiting for him if Kelso did the right thing by him	Do you think its likely that kelso did the right thing by him?
dialogue	train	xnone#0	His mother had money, too	I'm not sure I understand you fully.
dialogue	train	xnone#0	All the Selby property came to her, through her grandfather	I'm not sure I understand you fully.
dialogue	train	xnone#0	Her grandfather hated Kelso, thought him a mean dog	I'm not sure I understand you fully.
dialogue	train	xnone#0	He was, too	I'm not sure I understand you fully.
dialogue	train	was#1	Came to Madrid once when I was there	Were you really?
dialogue	train	was#1	Egad, I was ashamed of him	Were you really?
dialogue	train	xnone#0	They made quite a story of it	I'm not sure I understand you fully.
dialogue	val	my#2	I didn’t dare show my face at Court for a month	Your face at court for a month?
dialogue	train	i#11	I hope he treated his grandson better than he did the jarvies	You say you hope he treated his grandson better than he did the jarvies?
dialogue	train	i#11	I fancy that the boy will be well off	You say you fancy that the boy will be well off?
dialogue	val	xnone#0	He is not of age yet	I'm not sure I understand you fully.
dialogue	train	i#11	He has Selby, I know	You say he has selby you know?
dialogue	train	xnone#0	He told me so	I'm not sure I understand you fully.
dialogue	train	xnone#0	his mother was very beautiful	I'm not sure I understand you fully.
dialogue	val	i#11	Margaret Devereux was one of the loveliest creatures I ever saw, Harry	You say margaret devereux was one of the loveliest creatures you ever saw harry?
dialogue	train	what#0	What on earth induced her to behave as she did, I never could understand	Why do you ask?
dialogue	train	xnone#0	She could have married anybody she chose	I'm not sure I understand you fully.
dialogue	train	xnone#0	Carlington was mad after her	I'm not sure I understand you fully.
dialogue	train	xnone#0	She was romantic, though	I'm not sure I understand you fully.
dialogue	train	xnone#0	All the women of that family were	I'm not sure I understand you fully.
dialogue	val	xnone#0	The men were a poor lot, but, egad	I'm not sure I understand you fully.
dialogue	train	xnone#0	the women were wonderful	I'm not sure I understand you fully.
dialogue	train	xnone#0	Carlington went on his knees to her	I'm not sure I understand you fully.
dialogue	train	xnone#0	Told me so himself	I'm not sure I understand you fully.
dialogue	train	what#0	She laughed at him, and there wasn’t a girl in London at the time who wasn’t after him	Why do you ask?
dialogue	train	xnone#0	Ain’t English girls good enough for him	I'm not sure I understand you fully.
dialogue	val	xnone#0	It is rather fashionable to marry Americans just now, Uncle George	I'm not sure I understand you fully.
dialogue	train	xnone#0	I’ll back English women against the world, Harry	I'm not sure I understand you fully.
dialogue	train	xnone#0	The betting is on the Americans	I'm not sure I understand you fully.
dialogue	train	i#6	They don’t last, I am told	Is it because you are told that you came to me?
dialogue	train	are#1	A long engagement exhausts them, but they are capital at a steeplechase	Did you think they might not be capital at a steeplechase?
dialogue	train	xnone#0	They take things flying	I'm not sure I understand you fully.
dialogue	train	i#8	I don’t think Dartmoor has a chance	Don't you really think dartmoor has a chance?
dialogue	train	what#0	Who are her people	Why do you ask?
dialogue	train	xnone#0	Has she got any	I'm not sure I understand you fully.
dialogue	train	are#1	American girls are as clever at concealing their parents, as English women are at concealing their past	Did you think they might not be as clever at concealing their parents as english women are at concealing their past?
dialogue	train	are#1	They are pork-packers, I suppose	Did you think they might not be pork packers you suppose?
dialogue	train	i#11	I hope so, Uncle George, for Dartmoor’s sake	You say you hope so uncle george for dartmoors sake?
dialogue	train	i#6	I am told that pork-packing is the most lucrative profession in America, after politics	Is it because you are told that pork packing is the most lucrative profession in america after politics that you came to me?
dialogue	train	xnone#0	Is she pretty	I'm not sure I understand you fully.
dialogue	val	if#0	She behaves as if she was beautiful	Do you think its likely that she was beautiful?
dialogue	train	xnone#0	Most American women do	I'm not sure I understand you fully.
dialogue	train	xnone#0	It is the secret of their charm	I'm not sure I understand you fully.
dialogue	train	what#0	Why can’t these American women stay in their own country	Why do you ask?
dialogue	train	always#0	They are always telling us that it is the paradise for women	Can you think of a specific example?
dialogue	val	alike#0	That is the reason why, like Eve, they are so excessively anxious to get out of it	In what way?
dialogue	train	xnone#0	Good-bye, Uncle George	I'm not sure I understand you fully.
dialogue	train	if#0	I shall be late for lunch, if I stop any longer	Do you think its likely that you stop any longer?
dialogue	train	i#11	Thanks for giving me the information I wanted	You say thanks for giving you the information you wanted?
dialogue	train	my#2	I always like to know everything about my new friends, and nothing about my old ones	Your new friends and nothing about your old ones?
dialogue	train	what#0	Where are you lunching, Harry	Why do you ask?
dialogue	train	xnone#0	At Aunt Agatha’s	I'm not sure I understand you fully.
dialogue	train	i#11	I have asked myself and Mr	You say you have asked yourself and mr?
dialogue	train	xnone#0	He is her latest _protégé	I'm not sure I understand you fully.
dialogue	train	your#0	tell your Aunt Agatha, Harry, not to bother me any more with her charity appeals	Why are you concerned over my aunt agatha harry not to bother you any more with her charity appeals?
dialogue	train	i#1	I am sick of them	I am sorry to hear that you are sick.
dialogue	train	xnone#0	All right, Uncle George, I’ll tell her, but it won’t have any effect	I'm not sure I understand you fully.
dialogue	train	xnone#0	Philanthropic people lose all sense of humanity	I'm not sure I understand you fully.
dialogue	train	xnone#0	It is their distinguishing characteristic	I'm not sure I understand you fully.
dialogue	train	xnone#0	Late as usual, Harry	I'm not sure I understand you fully.
dialogue	train	are#1	We are talking about poor Dartmoor, Lord Henry	Did you think they might not be talking about poor dartmoor lord henry?
dialogue	train	you#3	Do you think he will really marry this fascinating young person	We were discussing you -- not me.
dialogue	train	i#11	I believe she has made up her mind to propose to him, Duchess	You say you believe she has made up her mind to propose to him duchess?
dialogue	train	xnone#0	Really, some one should interfere	I'm not sure I understand you fully.
dialogue	val	i#6	I am told, on excellent authority, that her father keeps an American dry-goods store	Is it because you are told on excellent authority that her father keeps an american dry goods store that you came to me?
dialogue	train	my#2	My uncle has already suggested pork-packing, Sir Thomas	Your uncle has already suggested pork packing sir thomas?
dialogue	train	what#0	What are American dry-goods	Why do you ask?
dialogue	train	my#2	Don’t mind him, my dear	Your dear?
dialogue	train	xnone#0	He never means anything that he says	I'm not sure I understand you fully.
dialogue	train	what#0	When America was discovered	Why do you ask?
dialogue	train	i#11	I wish to goodness it never had been discovered at all	You say you wish to goodness it never had been discovered at all?
dialogue	train	no#0	Really, our girls have no chance nowadays	Are you saying no just to be negative?
dialogue	train	xnone#0	It is most unfair	I'm not sure I understand you fully.
dialogue	val	perhaps#0	Perhaps, after all, America never has been discovered	You don't seem quite certain.
dialogue	train	i#11	I myself would say that it had merely been detected	You say you yourself would say that it had merely been detected?
dialogue	train	i#11	but I have seen specimens of the inhabitants	You say but you have seen specimens of the inhabitants?
dialogue	train	i#11	I must confess that most of them are extremely pretty	You say you must confess that most of them are extremely pretty?
dialogue	val	xnone#0	And they dress well, too	I'm not sure I understand you fully.
dialogue	train	xnone#0	They get all their dresses in Paris	I'm not sure I understand you fully.
dialogue	train	alike#0	I wish I could afford to do the same	In what way?
dialogue	train	what#0	They say that when good Americans die they go to Paris	Why do you ask?
dialogue	train	what#0	And where do bad Americans go to when they die	Why do you ask?
dialogue	train	xnone#0	They go to America	I'm not sure I understand you fully.
dialogue	train	i#6	I am afraid that your nephew is prejudiced against that great country	Is it because you are afraid that my nephew is prejudiced against that great country that you came to me?
dialogue	train	i#10	I assure you that it is an education to visit it	Perhaps in your fantasies we assure each other.
dialogue	train	xnone#0	The Herr Englishman	I'm not sure I understand you fully.
dialogue	train	xnone#0	Welcome to the Carpathians	I'm not sure I understand you fully.
dialogue	val	i#6	I am anxiously expecting you	Is it because you are anxiously expecting I that you came to me?
dialogue	train	xnone#0	Sleep well to-night	I'm not sure I understand you fully.
dialogue	train	xnone#0	At three to-morrow the diligence will start for Bukovina	I'm not sure I understand you fully.
dialogue	train	you#3	a place on it is kept for you	We were discussing you -- not me.
dialogue	train	my#2	At the Borgo Pass my carriage will await you and will bring you to me	Your carriage will await I and will bring I to you?
dialogue	train	your#0	Your friend, “DRACULA	Why are you concerned over my friend dracula?
dialogue	train	you#3	Must you go	We were discussing you -- not me.
dialogue	train	you#3	young Herr, must you go	We were discussing you -- not me.
dialogue	train	you#3	Do you know what day it is	We were discussing you -- not me.
dialogue	train	i#10	I know that, but do you know what day it is	Perhaps in your fantasies we know that but do each other.
dialogue	train	xnone#0	It is the eve of St	I'm not sure I understand you fully.
dialogue	train	you#1	Do you know where you are going, and what you are going to	What makes you think I am going and what I are going to?
dialogue	val	your#0	For your mother’s sake	Why are you concerned over my mothers sake?
dialogue	train	you#3	you must not walk here	We were discussing you -- not me.
dialogue	train	are#1	the dogs are too fierce	Did you think they might not be too fierce?
dialogue	train	you#3	and you may have enough of such matters before you go to sleep	We were discussing you -- not me.
dialogue	train	xnone#0	An hour less than the time	I'm not sure I understand you fully.
dialogue	train	no#0	There is no carriage here	Are you saying no just to be negative?
dialogue	train	xnone#0	The Herr is not expected after all	I'm not sure I understand you fully.
dialogue	train	xnone#0	He will now come on to Bukovina, and return to-morrow or the next day	I'm not sure I understand you fully.
dialogue	train	xnone#0	better the next day	I'm not sure I understand you fully.
dialogue	train	my#2	You are early to-night, my friend	Your friend?
dialogue	train	xnone#0	The English Herr was in a hurry	I'm not sure I understand you fully.
dialogue	train	what#0	That is why, I suppose, you wished him to go on to Bukovina	Why do you ask?
dialogue	train	my#2	You cannot deceive me, my friend	Your friend?
dialogue	train	my#2	I know too much, and my horses are swift	Your horses are swift?
dialogue	val	xnone#0	Denn die Todten reiten schnell	I'm not sure I understand you fully.
dialogue	train	xnone#0	For the dead travel fast	I'm not sure I understand you fully.
dialogue	train	xnone#0	Give me the Herr’s luggage	I'm not sure I understand you fully.
dialogue	train	my#2	The night is chill, mein Herr, and my master the Count bade me take all care of you	Your master the count bade you take all care of I?
dialogue	train	my#2	Welcome to my house	Your house?
dialogue	train	your#0	Enter freely and of your own will	Why are you concerned over my own will?
dialogue	train	you#3	and leave something of the happiness you bring	We were discussing you -- not me.
dialogue	train	i#6	I am Dracula	Is it because you are dracula that you came to me?
dialogue	train	i#10	and I bid you welcome, Mr	Perhaps in your fantasies we bid each other.
dialogue	train	my#2	Harker, to my house	Your house?
dialogue	train	you#3	the night air is chill, and you must need to eat and rest	We were discussing you -- not me.
dialogue	train	my#2	Nay, sir, you are my guest	Your guest?
dialogue	train	my#2	It is late, and my people are not available	Your people are not available?
dialogue	train	your#0	Let me see to your comfort myself	Why are you concerned over my comfort yourself?
dialogue	train	you#3	You will need, after your journey, to refresh yourself by making your toilet	We were discussing you -- not me.
dialogue	train	i#10	I trust you will find all you wish	Perhaps in your fantasies we trust each other.
dialogue	train	what#0	When you are ready, come into the other room, where you will find your supper prepared	Why do you ask?
dialogue	train	i#10	I pray you, be seated and sup how you please	Perhaps in your fantasies we pray each other.
dialogue	train	you#2	You will, I trust, excuse me that I do not join you	Why do you think I will you trust excuse you?
dialogue	train	i#11	but I have dined already, and I do not sup	You say but you have dined already and you do not sup?
dialogue	train	my#2	He is discreet and silent, and has grown into manhood in my service	Your service?
dialogue	train	xnone#0	Listen to them--the children of the night	I'm not sure I understand you fully.
dialogue	train	what#0	What music they make	Why do you ask?
dialogue	train	you#3	Ah, sir, you dwellers in the city cannot enter into the feelings of the hunter	We were discussing you -- not me.
dialogue	train	you#3	But you must be tired	We were discussing you -- not me.
dialogue	train	your#0	Your bedroom is all ready, and to-morrow you shall sleep as late as you will	Why are you concerned over my bedroom is all ready and to morrow I shall sleep as late as I will?
dialogue	train	i#11	I have to be away till the afternoon	You say you have to be away till the afternoon?
dialogue	train	dream#0	so sleep well and dream well	What does that dream suggest to you?
dialogue	train	i#11	I have to be absent for a while	You say you have to be absent for a while?
dialogue	train	xnone#0	Do not wait for me	I'm not sure I understand you fully.
dialogue	val	i#11	Through them I have come to know your great England	You say through them you have come to know my great england?
dialogue	train	xnone#0	and to know her is to love her	I'm not sure I understand you fully.
dialogue	train	i#11	as yet I only know your tongue through books	You say as yet you only know my tongue through books?
dialogue	train	my#2	To you, my friend, I look that I know it to speak	Your friend you look that you know it to speak?
dialogue	train	you#3	you know and speak English thoroughly	We were discussing you -- not me.
dialogue	train	i#11	True, I know the grammar and the words, but yet I know not how to speak them	You say true you know the grammar and the words but yet you know not what to speak them?
dialogue	train	you#3	you speak excellently	We were discussing you -- not me.
dialogue	train	xnone#0	That is not enough for me	I'm not sure I understand you fully.
dialogue	train	i#6	Here I am noble	Is it because you are noble that you came to me?
dialogue	train	i#6	I am _boyar	Is it because you are boyar that you came to me?
dialogue	val	i#6	the common people know me, and I am master	Is it because you are master that you came to me?
dialogue	train	no#0	But a stranger in a strange land, he is no one	Are you saying no just to be negative?
dialogue	train	xnone#0	men know him not--and to know not is to care not for	I'm not sure I understand you fully.
dialogue	train	my#2	and I would that you tell me when I make error, even of the smallest, in my speaking	Your speaking?
dialogue	train	i#6	I am sorry that I had to be away so long to-day	Is it because you are sorry that you had to be away so long to day that you came to me?
dialogue	train	you#3	but you will, I know, forgive one who has so many important affairs in hand	We were discussing you -- not me.
dialogue	train	are#1	We are in Transylvania	Did you think they might not be in transylvania?
dialogue	train	xnone#0	and Transylvania is not England	I'm not sure I understand you fully.
dialogue	train	are#1	Our ways are not your ways, and there shall be to you many strange things	Did you think they might not be not my ways and there shall be to I many strange things?
dialogue	train	xnone#0	That treasure has been hidden	I'm not sure I understand you fully.
dialogue	train	you#3	in the region through which you came last night, there can be but little doubt	We were discussing you -- not me.
dialogue	train	xnone#0	for it was the ground fought over for centuries by the Wallachian, the Saxon, and the Turk	I'm not sure I understand you fully.
dialogue	train	because#0	Because your peasant is at heart a coward and a fool	Is that the real reason?
dialogue	train	xnone#0	Those flames only appear on one night	I'm not sure I understand you fully.
dialogue	train	if#0	And, dear sir, even if he did he would not know what to do	Do you think its likely that he did he would not know what to do?
dialogue	train	you#3	Even you would not, I dare be sworn, be able to find these places again	We were discussing you -- not me.
dialogue	val	you#1	There you are right	What makes you think I am right?
dialogue	train	i#11	I know no more than the dead where even to look for them	You say you know no more than the dead where even to look for them?
dialogue	val	you#2	tell me of London and of the house which you have procured for me	Why do you think I have procured for you?
dialogue	train	my#2	Well, but, my friend, is it not needful that I should	Your friend is it not needful that you should?
dialogue	train	are#1	The closed gates are of heavy old oak and iron, all eaten with rust	Did you think they might not be of heavy old oak and iron all eaten with rust?
dialogue	train	xnone#0	It contains in all some twenty acres, quite surrounded by the solid stone wall above mentioned	I'm not sure I understand you fully.
dialogue	train	xnone#0	It looks like part of a keep, and is close to an old chapel or church	I'm not sure I understand you fully.
dialogue	train	xnone#0	It is not, however, visible from the grounds	I'm not sure I understand you fully.
dialogue	train	i#2	I am glad that it is old and big	How have I helped you to be glad?
dialogue	train	i#11	I myself am of an old family, and to live in a new house would kill me	You say you yourself are of an old family and to live in a new house would kill you?
dialogue	train	xnone#0	A house cannot be made habitable in a day	I'm not sure I understand you fully.
dialogue	train	what#0	and, after all, how few days go to make up a century	Why do you ask?
dialogue	train	i#11	I rejoice also that there is a chapel of old times	You say you rejoice also that there is a chapel of old times?
dialogue	train	xnone#0	We Transylvanian nobles love not to think that our bones may lie amongst the common dead	I'm not sure I understand you fully.
dialogue	train	i#6	I am no longer young	Is it because you are no longer young that you came to me?
dialogue	train	my#2	and my heart, through weary years of mourning over the dead, is not attuned to mirth	Your heart through weary years of mourning over the dead is not attuned to mirth?
dialogue	train	my#2	Moreover, the walls of my castle are broken	Your castle are broken?
dialogue	val	are#1	the shadows are many, and the wind breathes cold through the broken battlements and casements	Did you think they might not be many and the wind breathes cold through the broken battlements and casements?
dialogue	train	my#2	I love the shade and the shadow, and would be alone with my thoughts when I may	Your thoughts what you may?
dialogue	val	your#0	still at your books	Why are you concerned over my books?
dialogue	train	always#0	But you must not work always	Can you think of a specific example?
dialogue	train	i#6	I am informed that your supper is ready	Is it because you are informed that my supper is ready that you came to me?
dialogue	train	what#0	Why, there is the morning again	Why do you ask?
dialogue	train	what#0	How remiss I am to let you stay up so long	Why do you ask?
dialogue	train	what#0	take care how you cut yourself	Why do you ask?
dialogue	train	you#3	It is more dangerous than you think in this country	We were discussing you -- not me.
dialogue	train	xnone#0	And this is the wretched thing that has done the mischief	I'm not sure I understand you fully.
dialogue	train	xnone#0	It is a foul bauble of man’s vanity	I'm not sure I understand you fully.
dialogue	train	xnone#0	Away with it	I'm not sure I understand you fully.
dialogue	train	what#0	What devil or what witch was ever so great as Attila, whose blood is in these veins	Why do you ask?
dialogue	train	xnone#0	Is it a wonder that we were a conquering race	I'm not sure I understand you fully.
dialogue	train	xnone#0	that we were proud	I'm not sure I understand you fully.
dialogue	train	xnone#0	that the Honfoglalas was completed there	I'm not sure I understand you fully.
dialogue	train	xnone#0	This was a Dracula indeed	I'm not sure I understand you fully.
dialogue	train	xnone#0	They said that he thought only of himself	I'm not sure I understand you fully.
dialogue	train	what#0	what good are peasants without a leader	Why do you ask?
dialogue	train	what#0	Where ends the war without a brain and heart to conduct it	Why do you ask?
dialogue	train	are#1	The warlike days are over	Did you think they might not be over?
dialogue	train	xnone#0	Blood is too precious a thing in these days of dishonourable peace	I'm not sure I understand you fully.
dialogue	train	are#1	and the glories of the great races are as a tale that is told	Did you think they might not be as a tale that is told?
dialogue	train	i#11	I shall illustrate	You say you shall illustrate?
dialogue	train	your#0	Your friend and mine, Mr	Why are you concerned over my friend and mine mr?
dialogue	train	i#11	I could be at liberty to direct myself	You say you could be at liberty to direct yourself?
dialogue	train	xnone#0	Is it not so	I'm not sure I understand you fully.
dialogue	train	you#3	Have you written since your first letter to our friend Mr	We were discussing you -- not me.
dialogue	train	xnone#0	Peter Hawkins, or to any other	I'm not sure I understand you fully.
dialogue	train	my#2	Then write now, my young friend	Your young friend?
dialogue	train	xnone#0	write to our friend and to any other	I'm not sure I understand you fully.
dialogue	train	if#0	and say, if it will please you, that you shall stay with me until a month from now	Do you think its likely that it will please I that I shall stay with you until a month from now?
dialogue	train	you#2	Do you wish me to stay so long	Why do you think I wish you?
dialogue	train	i#0	I desire it much	What would it mean to you if you got it much?
dialogue	train	i#11	nay, I will take no refusal	You say nay you will take no refusal?
dialogue	train	i#11	I have not stinted	You say you have not stinted?
dialogue	train	i#10	I trust you will forgive me, but I have much work to do in private this evening	Perhaps in your fantasies we trust each other.
dialogue	train	you#3	You will, I hope, find all things as you wish	We were discussing you -- not me.
dialogue	train	dream#0	It is old, and has many memories, and there are bad dreams for those who sleep unwisely	What does that dream suggest to you?
dialogue	train	if#0	But if you be not careful in this respect, then	Do you think its likely that I be not careful in this respect then?
dialogue	train	my#2	quick, my tablets	Your tablets?
dialogue	train	i#11	Tis meet that I put it down	You say tis meet that you put it down?
dialogue	val	you#1	You are first, and we shall follow	What makes you think I am first and we shall follow?
dialogue	train	xnone#0	yours is the right to begin	I'm not sure I understand you fully.
dialogue	train	xnone#0	He is young and strong	I'm not sure I understand you fully.
dialogue	train	are#1	there are kisses for us all	Did you think they might not be kisses for us all?
dialogue	val	what#0	How dare you touch him, any of you	Why do you ask?
dialogue	train	what#0	How dare you cast eyes on him when I had forbidden it	Why do you ask?
dialogue	train	i#10	Back, I tell you all	Perhaps in your fantasies we tell each other.
dialogue	train	xnone#0	This man belongs to me	I'm not sure I understand you fully.
dialogue	train	what#0	Beware how you meddle with him, or you’ll have to deal with me	Why do you ask?
dialogue	val	you#3	You yourself never loved	We were discussing you -- not me.
dialogue	train	you#3	you never love	We were discussing you -- not me.
dialogue	train	yes#0	Yes, I too can love	You seem to be quite positive.
dialogue	train	you#3	you yourselves can tell it from the past	We were discussing you -- not me.
dialogue	train	i#11	I must awaken him, for there is work to be done	You say you must awaken him for there is work to be done?
dialogue	train	are#1	Are we to have nothing to-night	Did you think they might not be we to have nothing to night?
dialogue	train	xnone#0	The first should be June 12, the second June 19, and the third June 29	I'm not sure I understand you fully.
dialogue	train	my#2	one is from you, and to my friend Peter Hawkins	Your friend peter hawkins?
dialogue	train	xnone#0	the other is a vile thing, an outrage upon friendship and hospitality	I'm not sure I understand you fully.
dialogue	train	xnone#0	It is not signed	I'm not sure I understand you fully.
dialogue	train	xnone#0	so it cannot matter to us	I'm not sure I understand you fully.
dialogue	train	i#11	The letter to Hawkins--that I shall, of course, send on, since it is yours	You say the letter to hawkins that you shall of course send on since it is yours?
dialogue	train	your#0	Your letters are sacred to me	Why are you concerned over my letters are sacred to you?
dialogue	train	my#2	Your pardon, my friend, that unknowingly I did break the seal	Your friend that unknowingly you did break the seal?
dialogue	train	you#3	Will you not cover it again	We were discussing you -- not me.
dialogue	train	my#2	So, my friend, you are tired	Your friend I are tired?
dialogue	train	xnone#0	Get to bed	I'm not sure I understand you fully.
dialogue	train	xnone#0	There is the surest rest	I'm not sure I understand you fully.
dialogue	train	i#11	I may not have the pleasure to talk to-night, since there are many labours to me	You say you may not have the pleasure to talk to night since there are many labours to you?
dialogue	train	you#3	but you will sleep, I pray	We were discussing you -- not me.
dialogue	train	my#1	Monster, give me my child	Tell me more about your family.
dialogue	train	my#2	To-morrow, my friend, we must part	Your friend we must part?
dialogue	train	your#0	Your letter home has been despatched	Why are you concerned over my letter home has been despatched?
dialogue	train	i#11	to-morrow I shall not be here, but all shall be ready for your journey	You say to morrow you shall not be here but all shall be ready for my journey?
dialogue	train	i#6	But I am in hopes that I shall see more of you at Castle Dracula	Is it because you are in hopes that you shall see more of I at castle dracula that you came to me?
dialogue	train	what#0	Why may I not go to-night	Why do you ask?
dialogue	train	my#2	Because, dear sir, my coachman and horses are away on a mission	Your coachman and horses are away on a mission?
dialogue	train	i#11	But I would walk with pleasure	You say but you would walk with pleasure?
dialogue	train	i#0	I want to get away at once	What would it mean to you if you got to get away at once?
dialogue	train	your#0	And your baggage	Why are you concerned over my baggage?
dialogue	train	i#11	I do not care about it	You say you do not care about it?
dialogue	train	i#11	I can send for it some other time	You say you can send for it some other time?
dialogue	val	xnone#0	speed the parting guest	I'm not sure I understand you fully.
dialogue	train	my#2	Come with me, my dear young friend	Your dear young friend?
dialogue	train	xnone#0	Shut the door	I'm not sure I understand you fully.
dialogue	train	i#11	I shall wait till morning	You say you shall wait till morning?
dialogue	train	your#0	Back, back, to your own place	Why are you concerned over my own place?
dialogue	train	your#0	Your time is not yet come	Why are you concerned over my time is not yet come?
dialogue	train	xnone#0	To-night is mine	I'm not sure I understand you fully.
dialogue	train	xnone#0	To-morrow night is yours	I'm not sure I understand you fully.
dialogue	train	my#2	My dearest Lucy,-- “Forgive my long delay in writing, but I have been simply overwhelmed with work	Your dearest lucy forgive your long delay in writing but you have been simply overwhelmed with work?
dialogue	train	xnone#0	The life of an assistant schoolmistress is sometimes trying	I'm not sure I understand you fully.
dialogue	train	alike#0	When I am with you I shall keep a diary in the same way	In what way?
dialogue	train	i#11	I do not suppose there will be much of interest to other people	You say you do not suppose there will be much of interest to other people?
dialogue	train	xnone#0	but it is not intended for them	I'm not sure I understand you fully.
dialogue	train	xnone#0	However, we shall see	I'm not sure I understand you fully.
dialogue	train	my#2	I will tell you of my little plans when we meet	Your little plans what we meet?
dialogue	train	i#11	I have just had a few hurried lines from Jonathan from Transylvania	You say you have just had a few hurried lines from jonathan from transylvania?
dialogue	train	xnone#0	He is well, and will be returning in about a week	I'm not sure I understand you fully.
dialogue	train	i#6	I am longing to hear all his news	Is it because you are longing to hear all his news that you came to me?
dialogue	train	xnone#0	It must be so nice to see strange countries	I'm not sure I understand you fully.
dialogue	train	if#0	I wonder if we--I mean Jonathan and I--shall ever see them together	Do you think its likely that we you mean jonathan and you shall ever see them together?
dialogue	train	xnone#0	There is the ten o’clock bell ringing	I'm not sure I understand you fully.
dialogue	train	your#0	Your loving “MINA	Why are you concerned over my loving mina?
dialogue	train	what#0	Tell me all the news when you write	Why do you ask?
dialogue	train	you#2	You have not told me anything for a long time	Why do you think I have not told you?
dialogue	train	i#11	I hear rumours, and especially of a tall, handsome, curly-haired man	You say you hear rumours and especially of a tall handsome curly haired man?
dialogue	train	xnone#0	17, Chatham Street_, “_Wednesday	I'm not sure I understand you fully.
dialogue	train	my#2	My dearest Mina,-- “I must say you tax me _very_ unfairly with being a bad correspondent	Your dearest mina you must say I tax you very unfairly with being a bad correspondent?
dialogue	train	i#10	I wrote to you _twice_ since we parted, and your last letter was only your _second	Perhaps in your fantasies we wrote to each other.
dialogue	train	i#10	Besides, I have nothing to tell you	Perhaps in your fantasies we have nothing to tell each other.
dialogue	train	you#3	There is really nothing to interest you	We were discussing you -- not me.
dialogue	train	xnone#0	Some one has evidently been telling tales	I'm not sure I understand you fully.
dialogue	train	xnone#0	That was Mr	I'm not sure I understand you fully.
dialogue	train	xnone#0	He often comes to see us, and he and mamma get on very well together	I'm not sure I understand you fully.
dialogue	train	xnone#0	they have so many things to talk about in common	I'm not sure I understand you fully.
dialogue	train	xnone#0	He is an excellent _parti_, being handsome, well off, and of good birth	I'm not sure I understand you fully.
dialogue	train	xnone#0	He is a doctor and really clever	I'm not sure I understand you fully.
dialogue	train	xnone#0	He is only nine-and-twenty, and he has an immense lunatic asylum all under his own care	I'm not sure I understand you fully.
dialogue	train	xnone#0	Holmwood introduced him to me, and he called here to see us, and often comes now	I'm not sure I understand you fully.
dialogue	train	i#11	I think he is one of the most resolute men I ever saw, and yet the most calm	You say you think he is one of the most resolute men you ever saw and yet the most calm?
dialogue	train	xnone#0	He seems absolutely imperturbable	I'm not sure I understand you fully.
dialogue	train	i#11	I can fancy what a wonderful power he must have over his patients	You say you can fancy what a wonderful power he must have over his patients?
dialogue	train	my#2	I know that from my glass	Your glass?
dialogue	train	you#3	Do you ever try to read your own face	We were discussing you -- not me.
dialogue	train	i#11	He says that I afford him a curious psychological study, and I humbly think I do	You say he says that you afford him a curious psychological study and you humbly think you do?
dialogue	val	xnone#0	Dress is a bore	I'm not sure I understand you fully.
dialogue	train	xnone#0	That is slang again, but never mind	I'm not sure I understand you fully.
dialogue	train	xnone#0	Arthur says that every day	I'm not sure I understand you fully.
dialogue	val	xnone#0	There, it is all out	I'm not sure I understand you fully.
dialogue	val	xnone#0	Mina, we have told all our secrets to each other since we were _children	I'm not sure I understand you fully.
dialogue	train	xnone#0	we have slept together and eaten together, and laughed and cried together	I'm not sure I understand you fully.
dialogue	train	i#11	and now, though I have spoken, I would like to speak more	You say and now though you have spoken you would like to speak more?
dialogue	train	you#3	Oh, Mina, couldn’t you guess	We were discussing you -- not me.
dialogue	train	i#11	I love him	You say you love him?
dialogue	train	i#11	But oh, Mina, I love him	You say but oh mina you love him?
dialogue	train	xnone#0	There, that does me good	I'm not sure I understand you fully.
dialogue	train	was#1	I wish I were with you, dear, sitting by the fire undressing, as we used to sit	Were you really?
dialogue	train	i#10	and I would try to tell you what I feel	Perhaps in your fantasies we would try to tell each other.
dialogue	val	i#6	I do not know how I am writing this even to you	Is it because you are writing this even to I that you came to me?
dialogue	train	you#2	Let me hear from you _at once_, and tell me all that you think about it	Why do you think I at once and tell you?
dialogue	train	i#11	Mina, I must stop	You say mina you must stop?
dialogue	train	your#0	Bless me in your prayers	Why are you concerned over my prayers?
dialogue	train	my#2	and, Mina, pray for my happiness	Your happiness?
dialogue	train	i#0	I need not tell you this is a secret	What would it mean to you if you got not tell I this is a secret?
dialogue	train	my#2	My dearest Mina,-- “Thanks, and thanks, and thanks again for your sweet letter	Your dearest mina thanks and thanks and thanks again for my sweet letter?
dialogue	train	you#3	It was so nice to be able to tell you and to have your sympathy	We were discussing you -- not me.
dialogue	train	my#2	My dear, it never rains but it pours	Your dear it never rains but it pours?
dialogue	train	what#0	How true the old proverbs are	Why do you ask?
dialogue	train	xnone#0	THREE proposals in one day	I'm not sure I understand you fully.
dialogue	train	xnone#0	Isn’t it awful	I'm not sure I understand you fully.
dialogue	train	i#11	I feel sorry, really and truly sorry, for two of the poor fellows	You say you feel sorry really and truly sorry for two of the poor fellows?
dialogue	train	i#2	Oh, Mina, I am so happy that I don’t know what to do with myself	How have I helped you to be happy?
dialogue	train	xnone#0	And three proposals	I'm not sure I understand you fully.
dialogue	train	are#1	Some girls are so vain	Did you think they might not be so vain?
dialogue	train	if#0	You will tell him, because I would, if I were in your place, certainly tell Arthur	Do you think its likely that you was in my place yes tell arthur?
dialogue	train	you#3	A woman ought to tell her husband everything--don’t you think so, dear	We were discussing you -- not me.
dialogue	train	i#11	and I must be fair	You say and you must be fair?
dialogue	train	yes#0	Men like women, certainly their wives, to be quite as fair as they are	You seem to be quite positive.
dialogue	train	always#0	and women, I am afraid, are not always quite as fair as they should be	Can you think of a specific example?
dialogue	train	my#2	Well, my dear, number One came just before lunch	Your dear number one came just before lunch?
dialogue	val	i#10	I told you of him, Dr	Perhaps in your fantasies we told each other.
dialogue	train	xnone#0	John Seward, the lunatic-asylum man, with the strong jaw and the good forehead	I'm not sure I understand you fully.
dialogue	val	alike#0	He was very cool outwardly, but was nervous all the same	In what way?
dialogue	train	xnone#0	He had evidently been schooling himself as to all sorts of little things, and remembered them	I'm not sure I understand you fully.
dialogue	train	xnone#0	He spoke to me, Mina, very straightforwardly	I'm not sure I understand you fully.
dialogue	val	if#0	Then he broke off and asked if I could love him in time	Do you think its likely that you could love him in time?
dialogue	train	i#11	And then, Mina, I felt a sort of duty to tell him that there was some one	You say and then mina you felt a sort of duty to tell him that there was some one?
dialogue	train	i#7	Oh, Mina dear, I can’t help crying: and you must excuse this letter being all blotted	How do you think that you can't help crying and I must excuse this letter being all blotted?
dialogue	train	my#2	My dear, I must stop here at present, I feel so miserable, though I am so happy	Your dear you must stop here at present you feel so miserable though you are so happy?
dialogue	train	my#2	Well, my dear, number Two came after lunch	Your dear number two came after lunch?
dialogue	train	no#0	No, I don’t, for there was Mr	Are you saying no just to be negative?
dialogue	train	my#2	Morris telling us his stories, and Arthur never told any, and yet---- My dear, I am somewhat previous	Your dear you are somewhat previous?
dialogue	train	xnone#0	Morris found me alone	I'm not sure I understand you fully.
dialogue	train	always#0	It seems that a man always does find a girl alone	Can you think of a specific example?
dialogue	train	no#0	No, he doesn’t, for Arthur tried twice to _make_ a chance, and I helping him all I could	Are you saying no just to be negative?
dialogue	train	i#6	I am not ashamed to say it now	Is it because you are not ashamed to say it now that you came to me?
dialogue	train	i#10	I must tell you beforehand that Mr	Perhaps in your fantasies we must tell each other.
dialogue	train	xnone#0	But this is a way slang has	I'm not sure I understand you fully.
dialogue	val	if#0	I do not know myself if I shall ever speak slang	Do you think its likely that you shall ever speak slang?
dialogue	train	if#0	I do not know if Arthur likes it, as I have never heard him use any as yet	Do you think its likely that arthur likes it as you have never heard him use any as yet?
dialogue	train	you#3	Tell me, like one good fellow to another, is there any one else that you care for	We were discussing you -- not me.
dialogue	train	my#2	My dear Mina, why are men so noble when we women are so little worthy of them	Your dear mina why are men so noble what we women are so little worthy of them?
dialogue	train	was#0	Here was I almost making fun of this great-hearted, true gentleman	What if you were almost making fun of this great hearted true gentleman?
dialogue	train	i#11	But this is heresy, and I must not say it	You say but this is heresy and you must not say it?
dialogue	train	was#1	I am glad to say that, though I was crying, I was able to look into Mr	Were you really?
dialogue	train	my#2	Don’t cry, my dear	Your dear?
dialogue	train	if#0	If it’s for me, I’m a hard nut to crack	Do you think its likely that its for you you are a hard nut to crack?
dialogue	train	i#11	and I take it standing up	You say and you take it standing up?
dialogue	train	your#0	Little girl, your honesty and pluck have made me a friend, and that’s rarer than a lover	Why are you concerned over my honesty and pluck have made you a friend and thats rarer than a lover?
dialogue	train	xnone#0	it’s more unselfish anyhow	I'm not sure I understand you fully.
dialogue	train	my#2	My dear, I’m going to have a pretty lonely walk between this and Kingdom Come	Your dear you are going to have a pretty lonely walk between this and kingdom come?
dialogue	val	you#2	Won’t you give me one kiss	Why do you think I give you?
dialogue	train	xnone#0	It’ll be something to keep off the darkness now and then	I'm not sure I understand you fully.
dialogue	train	xnone#0	and he so sad	I'm not sure I understand you fully.
dialogue	train	i#11	so I leant over and kissed him	You say so you leant over and kissed him?
dialogue	train	you#2	Thank you for your sweet honesty to me, and good-bye	Why do you think I for my sweet honesty to you?
dialogue	train	alike#0	and I am crying like a baby	In what way?
dialogue	train	if#0	I know I would if I were free--only I don’t want to be free	Do you think its likely that you was free only you dont want to be free?
dialogue	train	i#8	and I don’t wish to tell of the number three until it can be all happy	Don't you really wish to tell of the number three until it can be all happy?
dialogue	train	your#0	Ever your loving “LUCY	Why are you concerned over my loving lucy?
dialogue	train	i#10	Oh, about number Three--I needn’t tell you of number Three, need I	Perhaps in your fantasies we neednt tell each other.
dialogue	train	xnone#0	Besides, it was all so confused	I'm not sure I understand you fully.
dialogue	train	i#2	I am very, very happy, and I don’t know what I have done to deserve it	How have I helped you to be happy?
dialogue	train	my#2	My dear Art,-- “We’ve told yarns by the camp-fire in the prairies	Your dear art weve told yarns by the camp fire in the prairies?
dialogue	train	xnone#0	and dressed one another’s wounds after trying a landing at the Marquesas	I'm not sure I understand you fully.
dialogue	val	xnone#0	and drunk healths on the shore of Titicaca	I'm not sure I understand you fully.
dialogue	train	my#2	Won’t you let this be at my camp-fire to-morrow night	Your camp fire to morrow night?
dialogue	train	xnone#0	There will only be one other, our old pal at the Korea, Jack Seward	I'm not sure I understand you fully.
dialogue	train	always#0	Yours, as ever and always, “QUINCEY P	Can you think of a specific example?
dialogue	train	xnone#0	Count me in every time	I'm not sure I understand you fully.
dialogue	train	i#11	I bear messages which will make both your ears tingle	You say you bear messages which will make both my ears tingle?
dialogue	train	i#11	I wouldn’t fash masel’ about them, miss	You say you wouldnt fash masel about them miss?
dialogue	train	xnone#0	Them things be all wore out	I'm not sure I understand you fully.
dialogue	train	my#2	Mind, I don’t say that they never was, but I do say that they wasn’t in my time	Your time?
dialogue	train	i#11	I wonder masel’ who’d be bothered tellin’ lies to them--even the newspapers, which is full of fool-talk	You say you wonder masel whod be bothered tellin lies to them even the newspapers which is full of fool talk?
dialogue	train	i#11	I must gang ageeanwards home now, miss	You say you must gang ageeanwards home now miss?
dialogue	val	i#11	an’, miss, I lack belly-timber sairly by the clock	You say an miss you lack belly timber sairly by the clock?
dialogue	train	xnone#0	It be all fool-talk, lock, stock, and barrel	I'm not sure I understand you fully.
dialogue	val	what#0	that’s what it be, an’ nowt else	Why do you ask?
dialogue	train	xnone#0	They be nowt but air-blebs	I'm not sure I understand you fully.
dialogue	val	xnone#0	It makes me ireful to think o’ them	I'm not sure I understand you fully.
dialogue	train	you#3	Look here all around you in what airt ye will	We were discussing you -- not me.
dialogue	val	xnone#0	an’ the memories of them bean’t cared a pinch of snuff about, much less sacred	I'm not sure I understand you fully.
dialogue	train	xnone#0	Lies all of them, nothin’ but lies of one kind or another	I'm not sure I understand you fully.
dialogue	train	you#3	Swales, you can’t be serious	We were discussing you -- not me.
dialogue	train	are#1	Surely these tombstones are not all wrong	Did you think they might not be not all wrong?
dialogue	train	what#0	There may be a poorish few not wrong, savin’ where they make out the people too good	Why do you ask?
dialogue	train	xnone#0	The whole thing be only lies	I'm not sure I understand you fully.
dialogue	train	you#3	Now look you here	We were discussing you -- not me.
dialogue	train	you#3	you come here a stranger, an’ you see this kirk-garth	We were discussing you -- not me.
dialogue	train	you#3	And you consate that all these steans be aboon folk that be happed here, snod an’ snog	We were discussing you -- not me.
dialogue	val	what#0	Then that be just where the lie comes in	Why do you ask?
dialogue	train	what#0	Why, there be scores of these lay-beds that be toom as old Dun’s ’bacca-box on Friday night	Why do you ask?
dialogue	train	my#2	And my gog	Your gog?
dialogue	val	what#0	how could they be otherwise	Why do you ask?
dialogue	train	xnone#0	Look at that one, the aftest abaft the bier-bank: read it	I'm not sure I understand you fully.
dialogue	val	xnone#0	Edward Spencelagh, master mariner, murdered by pirates off the coast of Andres, April, 1854, æt	I'm not sure I understand you fully.
dialogue	train	what#0	Who brought him home, I wonder, to hap him here	Why do you ask?
dialogue	train	xnone#0	Murdered off the coast of Andres	I'm not sure I understand you fully.
dialogue	val	you#3	an’ you consated his body lay under	We were discussing you -- not me.
dialogue	train	name#0	Why, I could name ye a dozen whose bones lie in the Greenland seas above	I am not interested in names.
dialogue	train	what#0	or where the currents may have drifted them	Why do you ask?
dialogue	val	xnone#0	There be the steans around ye	I'm not sure I understand you fully.
dialogue	val	your#0	Ye can, with your young eyes, read the small-print of the lies from here	Why are you concerned over my young eyes read the small print of the lies from here?
dialogue	train	i#11	This Braithwaite Lowrey--I knew his father, lost in the _Lively_ off Greenland in ’20	You say this braithwaite lowrey you knew his father lost in the lively off greenland in 20?
dialogue	train	alike#0	or Andrew Woodhouse, drowned in the same seas in 1777	In what way?
dialogue	train	xnone#0	or John Paxton, drowned off Cape Farewell a year later	I'm not sure I understand you fully.
dialogue	train	xnone#0	or old John Rawlings, whose grandfather sailed with me, drowned in the Gulf of Finland in ’50	I'm not sure I understand you fully.
dialogue	train	i#11	I have me antherums aboot it	You say you have you antherums aboot it?
dialogue	train	you#3	Do you think that will be really necessary	We were discussing you -- not me.
dialogue	train	what#0	Well, what else be they tombstones for	Why do you ask?
dialogue	train	xnone#0	Answer me that, miss	I'm not sure I understand you fully.
dialogue	train	i#11	To please their relatives, I suppose	You say to please their relatives you suppose?
dialogue	val	you#3	To please their relatives, you suppose	We were discussing you -- not me.
dialogue	train	xnone#0	Read the lies on that thruff-stean	I'm not sure I understand you fully.
dialogue	train	xnone#0	This tomb was erected by his sorrowing mother to her dearly beloved son	I'm not sure I understand you fully.
dialogue	train	xnone#0	He was the only son of his mother, and she was a widow	I'm not sure I understand you fully.
dialogue	train	i#8	Swales, I don’t see anything very funny in that	Don't you really see anything very funny in that?
dialogue	train	xnone#0	Ye don’t see aught funny	I'm not sure I understand you fully.
dialogue	train	xnone#0	Twarn’t for crows then, for it brought the clegs and the dowps to him	I'm not sure I understand you fully.
dialogue	val	xnone#0	That’s the way he fell off the rocks	I'm not sure I understand you fully.
dialogue	train	xnone#0	Now isn’t that stean at any rate	I'm not sure I understand you fully.
dialogue	train	xnone#0	a pack of lies	I'm not sure I understand you fully.
dialogue	train	what#0	Oh, why did you tell us of this	Why do you ask?
dialogue	train	my#2	It is my favourite seat, and I cannot leave it	Your favourite seat and you cannot leave it?
dialogue	train	i#11	and now I find I must go on sitting over the grave of a suicide	You say and now you find you must go on sitting over the grave of a suicide?
dialogue	train	my#2	That won’t harm ye, my pretty	Your pretty?
dialogue	train	xnone#0	an’ it may make poor Geordie gladsome to have so trim a lass sittin’ on his lap	I'm not sure I understand you fully.
dialogue	train	xnone#0	That won’t hurt ye	I'm not sure I understand you fully.
dialogue	train	xnone#0	Don’t ye fash about them as lies under ye, or that doesn’ lie there either	I'm not sure I understand you fully.
dialogue	train	i#11	There’s the clock, an’ I must gang	You say theres the clock an you must gang?
dialogue	train	my#2	My service to ye, ladies	Your service to ye ladies?
dialogue	train	i#11	May I have three days	You say may you have three days?
dialogue	train	i#11	I shall clear them away	You say you shall clear them away?
dialogue	train	yes#0	Oh, yes, I would like a cat	You seem to be quite positive.
dialogue	train	i#10	I only asked for a kitten lest you should refuse me a cat	Perhaps in your fantasies we only asked for a kitten lest each other.
dialogue	train	no#0	No one would refuse me a kitten, would they	Are you saying no just to be negative?
dialogue	train	my#2	My belief is, doctor	Your belief is doctor?
dialogue	train	xnone#0	that he has eaten his birds, and that he just took and ate them raw	I'm not sure I understand you fully.
dialogue	train	xnone#0	men like trees walking	I'm not sure I understand you fully.
dialogue	train	i#0	I want to say something to you, miss	What would it mean to you if you got to say something to I miss?
dialogue	train	i#0	but I didn’t mean them, and I want ye to remember that when I’m gone	What would it mean to you if you got ye to remember that what you are gone?
dialogue	train	i#11	But, Lord love ye, miss, I ain’t afraid of dyin’, not a bit	You say but lord love ye miss you aint afraid of dyin not a bit?
dialogue	train	if#0	only I don’t want to die if I can help it	Do you think its likely that you can help it?
dialogue	train	i#6	and I’m so nigh it that the Aud Man is already whettin’ his scythe	Is it because you are so nigh it that the aud man is already whettin his scythe that you came to me?
dialogue	train	i#7	Ye see, I can’t get out o’ the habit of caffin’ about it all at once	How do you think that you can't get out o the habit of caffin about it all at once?
dialogue	train	xnone#0	the chafts will wag as they be used to	I'm not sure I understand you fully.
dialogue	train	xnone#0	Some day soon the Angel of Death will sound his trumpet for me	I'm not sure I understand you fully.
dialogue	train	my#2	But don’t ye dooal an’ greet, my deary	Your deary?
dialogue	train	if#0	if he should come this very night I’d not refuse to answer his call	Do you think its likely that he should come this very night id not refuse to answer his call?
dialogue	train	what#0	For life be, after all, only a waitin’ for somethin’ else than what we’re doin	Why do you ask?
dialogue	train	xnone#0	and death be all that we can rightly depend on	I'm not sure I understand you fully.
dialogue	train	my#2	But I’m content, for it’s comin’ to me, my deary, and comin’ quick	Your deary and comin quick?
dialogue	train	xnone#0	It may be comin’ while we be lookin’ and wonderin	I'm not sure I understand you fully.
dialogue	train	xnone#0	It’s in the air	I'm not sure I understand you fully.
dialogue	train	i#11	I feel it comin	You say you feel it comin?
dialogue	train	my#2	Lord, make me answer cheerful when my call comes	Your call comes?
dialogue	train	i#7	I can’t make her out	How do you think that you can't make her out?
dialogue	train	xnone#0	she’s a Russian, by the look of her	I'm not sure I understand you fully.
dialogue	train	xnone#0	but she’s knocking about in the queerest way	I'm not sure I understand you fully.
dialogue	train	xnone#0	She doesn’t know her mind a bit	I'm not sure I understand you fully.
dialogue	train	xnone#0	Look there again	I'm not sure I understand you fully.
dialogue	train	xnone#0	She is steered mighty strangely, for she doesn’t mind the hand on the wheel	I'm not sure I understand you fully.
dialogue	train	xnone#0	changes about with every puff of wind	I'm not sure I understand you fully.
dialogue	train	xnone#0	We’ll hear more of her before this time to-morrow	I'm not sure I understand you fully.
dialogue	train	xnone#0	2: light breeze	I'm not sure I understand you fully.
dialogue	train	xnone#0	Prelude to the Great Storm	I'm not sure I understand you fully.
dialogue	train	xnone#0	As idle as a painted ship upon a painted ocean	I'm not sure I understand you fully.
dialogue	train	if#0	she must fetch up somewhere, if it was only in hell	Do you think its likely that it was only in hell?
dialogue	train	xnone#0	nine days’ wonder	I'm not sure I understand you fully.
dialogue	train	xnone#0	It_ is here	I'm not sure I understand you fully.
dialogue	train	i#11	I know it, now	You say you know it now?
dialogue	val	i#11	On the watch last night I saw It, like a man, tall and thin, and ghastly pale	You say on the watch last night you saw it like a man tall and thin and ghastly pale?
dialogue	train	xnone#0	It was in the bows, and looking out	I'm not sure I understand you fully.
dialogue	train	my#2	I crept behind It, and gave It my knife	Your knife?
dialogue	train	xnone#0	but the knife went through It, empty as the air	I'm not sure I understand you fully.
dialogue	train	xnone#0	But It is here, and I’ll find It	I'm not sure I understand you fully.
dialogue	train	perhaps#0	It is in the hold, perhaps in one of those boxes	You don't seem quite certain.
dialogue	train	xnone#0	I’ll unscrew them one by one and see	I'm not sure I understand you fully.
dialogue	train	you#3	You work the helm	We were discussing you -- not me.
dialogue	train	you#3	You had better come too, captain, before it is too late	We were discussing you -- not me.
dialogue	val	xnone#0	He_ is there	I'm not sure I understand you fully.
dialogue	train	i#11	I know the secret now	You say you know the secret now?
dialogue	train	xnone#0	The sea will save me from Him, and it is all that is left	I'm not sure I understand you fully.
dialogue	train	xnone#0	mystery of the sea	I'm not sure I understand you fully.
dialogue	train	xnone#0	she cannot be far, as she is only in her nightdress	I'm not sure I understand you fully.
dialogue	train	xnone#0	His red eyes again	I'm not sure I understand you fully.
dialogue	train	alike#0	They are just the same	In what way?
dialogue	train	xnone#0	Dear Sirs,-- “Herewith please receive invoice of goods sent by Great Northern Railway	I'm not sure I understand you fully.
dialogue	train	alike#0	Same are to be delivered at Carfax, near Purfleet, immediately on receipt at goods station King’s Cross	In what way?
dialogue	train	are#1	The house is at present empty, but enclosed please find keys, all of which are labelled	Did you think they might not be labelled?
dialogue	train	your#0	Your agent will easily recognise the locality, as it is the ancient chapel of the mansion	Why are you concerned over my agent will easily recognise the locality as it is the ancient chapel of the mansion?
dialogue	train	you#3	Should the charge be less than this amount, you can return balance	We were discussing you -- not me.
dialogue	train	if#0	if greater, we shall at once send cheque for difference on hearing from you	Do you think its likely that greater we shall at once send cheque for difference on hearing from I?
dialogue	train	are#1	We are, dear Sirs, “Faithfully yours, “SAMUEL F	Did you think they might not be dear sirs faithfully yours samuel f?
dialogue	train	xnone#0	BILLINGTON & SON	I'm not sure I understand you fully.
dialogue	train	xnone#0	Dear Sirs,-- “We beg to acknowledge £10 received and to return cheque £1 17s	I'm not sure I understand you fully.
dialogue	train	xnone#0	9d, amount of overplus, as shown in receipted account herewith	I'm not sure I understand you fully.
dialogue	val	are#1	Goods are delivered in exact accordance with instructions, and keys left in parcel in main hall, as directed	Did you think they might not be delivered in exact accordance with instructions and keys left in parcel in main hall as directed?
dialogue	train	are#1	We are, dear Sirs, “Yours respectfully	Did you think they might not be dear sirs yours respectfully?
dialogue	train	xnone#0	Pro_ CARTER, PATERSON & CO	I'm not sure I understand you fully.
dialogue	train	my#2	My poor little feet didn’t make much noise then	Your poor little feet didnt make much noise then?
dialogue	train	i#11	I daresay poor old Mr	You say you daresay poor old mr?
dialogue	train	because#0	Swales would have told me that it was because I didn’t want to wake up Geordie	Is that the real reason?
dialogue	train	dream#0	I didn’t quite dream	What does that dream suggest to you?
dialogue	train	xnone#0	but it all seemed to be real	I'm not sure I understand you fully.
dialogue	val	remember#0	I remember, though I suppose I was asleep, passing through the streets and over the bridge	Do you often think of though you suppose you was asleep passing through the streets and over the bridge?
dialogue	train	xnone#0	and then everything seemed passing away from me	I'm not sure I understand you fully.
dialogue	val	my#2	my soul seemed to go out from my body and float about the air	Your soul seemed to go out from your body and float about the air?
dialogue	train	i#10	I saw you do it before I felt you	Perhaps in your fantasies we saw each other.
dialogue	train	i#11	Dear Madam,-- “I write by desire of Mr	You say dear madam you write by desire of mr?
dialogue	val	what#0	Jonathan Harker, who is himself not strong enough to write, though progressing well, thanks to God and St	Why do you ask?
dialogue	train	xnone#0	Joseph and Ste	I'm not sure I understand you fully.
dialogue	train	xnone#0	He has been under our care for nearly six weeks, suffering from a violent brain fever	I'm not sure I understand you fully.
dialogue	train	xnone#0	He will require some few weeks’ rest in our sanatorium in the hills, but will then return	I'm not sure I understand you fully.
dialogue	train	xnone#0	Believe me, “Yours, with sympathy and all blessings, “SISTER AGATHA	I'm not sure I understand you fully.
dialogue	train	my#2	My patient being asleep, I open this to let you know something more	Your patient being asleep you open this to let I know something more?
dialogue	train	you#1	He has told me all about you, and that you are shortly to be his wife	What makes you think I am shortly to be his wife?
dialogue	train	you#3	All blessings to you both	We were discussing you -- not me.
dialogue	train	xnone#0	He has had some fearful shock--so says our doctor--and in his delirium his ravings have been dreadful	I'm not sure I understand you fully.
dialogue	train	xnone#0	of wolves and poison and blood	I'm not sure I understand you fully.
dialogue	train	xnone#0	of ghosts and demons	I'm not sure I understand you fully.
dialogue	train	i#11	and I fear to say of what	You say and you fear to say of what?
dialogue	train	xnone#0	the traces of such an illness as his do not lightly die away	I'm not sure I understand you fully.
dialogue	val	xnone#0	Be assured that he is well cared for	I'm not sure I understand you fully.
dialogue	train	xnone#0	He has won all hearts by his sweetness and gentleness	I'm not sure I understand you fully.
dialogue	train	xnone#0	But be careful of him for safety’s sake	I'm not sure I understand you fully.
dialogue	train	are#1	There are, I pray God and St	Did you think they might not be you pray god and st?
dialogue	train	you#3	Mary, many, many, happy years for you both	We were discussing you -- not me.
dialogue	train	i#8	I don’t want to talk to you: you don’t count now	Don't you really want to talk to I I dont count now?
dialogue	train	xnone#0	the Master is at hand	I'm not sure I understand you fully.
dialogue	train	xnone#0	Bother them all	I'm not sure I understand you fully.
dialogue	train	i#8	I don’t care a pin about them	Don't you really care a pin about them?
dialogue	train	you#2	You don’t mean to tell me you don’t care about spiders	Why do you think I dont mean to tell you?
dialogue	train	xnone#0	The bride-maidens rejoice the eyes that wait the coming of the bride	I'm not sure I understand you fully.
dialogue	train	what#0	but when the bride draweth nigh, then the maidens shine not to the eyes that are filled	Why do you ask?
dialogue	train	i#6	I am here to do Your bidding, Master	Is it because you are here to do my bidding master that you came to me?
dialogue	train	i#6	I am Your slave, and You will reward me, for I shall be faithful	Is it because you are my slave and I will reward you for you shall be faithful that you came to me?
dialogue	train	i#10	I have worshipped You long and afar off	Perhaps in your fantasies we have worshipped each other.
dialogue	train	i#11	I shall be patient, Master	You say you shall be patient master?
dialogue	train	xnone#0	It is coming--coming--coming	I'm not sure I understand you fully.
dialogue	train	xnone#0	Buda-Pesth, 24 August	I'm not sure I understand you fully.
dialogue	train	my#2	I found my dear one, oh, so thin and pale and weak-looking	Your dear one oh so thin and pale and weak looking?
dialogue	train	i#11	At least, he wants me to believe so, and I shall never ask	You say at least he wants you to believe so and you shall never ask?
dialogue	train	i#11	I wanted her to tell me what they were	You say you wanted her to tell you what they was?
dialogue	train	xnone#0	but she would only cross herself, and say she would never tell	I'm not sure I understand you fully.
dialogue	train	you#3	and you, as his wife to be, have no cause to be concerned	We were discussing you -- not me.
dialogue	train	you#3	He has not forgotten you or what he owes to you	We were discussing you -- not me.
dialogue	train	no#0	His fear was of great and terrible things, which no mortal can treat of	Are you saying no just to be negative?
dialogue	train	my#2	The idea of _my_ being jealous about Jonathan	Your being jealous about jonathan?
dialogue	train	i#6	I am now sitting by his bedside, where I can see his face while he sleeps	Is it because you are now sitting by his bedside where you can see his face while he sleeps that you came to me?
dialogue	val	xnone#0	He is waking	I'm not sure I understand you fully.
dialogue	train	what#0	When he woke he asked me for his coat, as he wanted to get something from the pocket	Why do you ask?
dialogue	train	i#11	I asked Sister Agatha, and she brought all his things	You say you asked sister agatha and she brought all his things?
dialogue	train	you#3	You know I have had brain fever, and that is to be mad	We were discussing you -- not me.
dialogue	train	i#11	The secret is here, and I do not want to know it	You say the secret is here and you do not want to know it?
dialogue	train	my#2	I want to take up my life here, with our marriage	Your life here with our marriage?
dialogue	train	my#2	For, my dear, we had decided to be married as soon as the formalities are complete	Your dear we had decided to be married as soon as the formalities are complete?
dialogue	train	my#2	Are you willing, Wilhelmina, to share my ignorance	Your ignorance?
dialogue	train	xnone#0	Here is the book	I'm not sure I understand you fully.
dialogue	train	if#0	Take it and keep it, read it if you will, but never let me know	Do you think its likely that I will but never let you know?
dialogue	train	i#11	He fell back exhausted, and I put the book under his pillow, and kissed him	You say he fell back exhausted and you put the book under his pillow and kissed him?
dialogue	train	xnone#0	She has come and told me that the chaplain of the English mission church has been sent for	I'm not sure I understand you fully.
dialogue	train	are#1	We are to be married in an hour, or as soon after as Jonathan awakes	Did you think they might not be to be married in an hour or as soon after as jonathan awakes?
dialogue	train	xnone#0	Lucy, the time has come and gone	I'm not sure I understand you fully.
dialogue	train	i#11	I feel very solemn, but very, very happy	You say you feel very solemn but very very happy?
dialogue	train	i#11	He answered his ‘I will’ firmly and strongly	You say he answered his you will firmly and strongly?
dialogue	train	i#11	I could hardly speak	You say you could hardly speak?
dialogue	train	my#2	my heart was so full that even those words seemed to choke me	Your heart was so full that even those words seemed to choke you?
dialogue	train	xnone#0	The dear sisters were so kind	I'm not sure I understand you fully.
dialogue	train	my#2	I must tell you of my wedding present	Your wedding present?
dialogue	train	my#2	Well, my dear, what could I say	Your dear what could you say?
dialogue	train	you#3	Lucy dear, do you know why I tell you all this	We were discussing you -- not me.
dialogue	train	your#0	so that in your own married life you too may be all happy as I am	Why are you concerned over my own married life I too may be all happy as you are?
dialogue	train	you#3	I must not wish you no pain, for that can never be	We were discussing you -- not me.
dialogue	train	always#0	but I do hope you will be _always_ as happy as I am _now	Can you think of a specific example?
dialogue	val	my#2	Good-bye, my dear	Your dear?
dialogue	train	i#10	I shall post this at once, and, perhaps, write you very soon again	Perhaps in your fantasies we shall post this at once and perhaps write each other.
dialogue	train	my#2	I must stop, for Jonathan is waking--I must attend to my husband	Your husband?
dialogue	train	your#0	Your ever-loving “MINA HARKER	Why are you concerned over my ever loving mina harker?
dialogue	train	xnone#0	Whitby, 30 August	I'm not sure I understand you fully.
dialogue	train	you#3	I wish you could be coming home soon enough to stay with us here	We were discussing you -- not me.
dialogue	train	xnone#0	The strong air would soon restore Jonathan	I'm not sure I understand you fully.
dialogue	train	xnone#0	it has quite restored me	I'm not sure I understand you fully.
dialogue	train	i#11	I have an appetite like a cormorant, am full of life, and sleep well	You say you have an appetite like a cormorant are full of life and sleep well?
dialogue	train	my#2	You will be glad to know that I have quite given up walking in my sleep	Your sleep?
dialogue	train	i#6	Arthur says I am getting fat	Is it because you are getting fat that you came to me?
dialogue	train	i#10	By the way, I forgot to tell you that Arthur is here	Perhaps in your fantasies we forgot to tell each other.
dialogue	train	xnone#0	We have such walks and drives, and rides, and rowing, and tennis, and fishing together	I'm not sure I understand you fully.
dialogue	train	i#11	and I love him more than ever	You say and you love him more than ever?
dialogue	train	xnone#0	But this is nonsense	I'm not sure I understand you fully.
dialogue	train	xnone#0	There he is, calling to me	I'm not sure I understand you fully.
dialogue	train	no#0	So no more just at present from your loving “LUCY	Are you saying no just to be negative?
dialogue	val	xnone#0	Mother sends her love	I'm not sure I understand you fully.
dialogue	train	xnone#0	She seems better, poor dear	I'm not sure I understand you fully.
dialogue	train	are#1	We are to be married on 28 September	Did you think they might not be to be married on 28 september?
dialogue	train	i#11	Now I can wait	You say now you can wait?
dialogue	train	i#10	They think I could hurt you	Perhaps in your fantasies we could hurt each other.
dialogue	train	you#3	Fancy _me_ hurting _you	We were discussing you -- not me.
dialogue	train	i#8	I don’t take any stock in cats	Don't you really take any stock in cats?
dialogue	val	i#11	I have more to think of now, and I can wait	You say you have more to think of now and you can wait?
dialogue	train	i#11	I can wait	You say you can wait?
dialogue	train	always#0	The unexpected always happens	Can you think of a specific example?
dialogue	train	you#2	You needn’t tie me	Why do you think I neednt tie you?
dialogue	train	i#11	I shall go quietly	You say you shall go quietly?
dialogue	train	xnone#0	Albemarle Hotel, 31 August	I'm not sure I understand you fully.
dialogue	train	my#2	My dear Jack,-- “I want you to do me a favour	Your dear jack you want I to do you a favour?
dialogue	train	xnone#0	Lucy is ill	I'm not sure I understand you fully.
dialogue	train	no#0	that is, she has no special disease, but she looks awful, and is getting worse every day	Are you saying no just to be negative?
dialogue	train	if#0	I have asked her if there is any cause	Do you think its likely that there is any cause?
dialogue	train	my#2	I am sure that there is something preying on my dear girl’s mind	Your dear girls mind?
dialogue	train	i#6	I am almost distracted when I think of her	Is it because you are almost distracted what you think of her that you came to me?
dialogue	train	xnone#0	to look at her gives me a pang	I'm not sure I understand you fully.
dialogue	train	you#3	Westenra, and after lunch Lucy will take an opportunity of being alone with you	We were discussing you -- not me.
dialogue	train	i#11	I shall come in for tea, and we can go away together	You say you shall come in for tea and we can go away together?
dialogue	train	xnone#0	Do not fail	I'm not sure I understand you fully.
dialogue	train	my#1	Am summoned to see my father, who is worse	Tell me more about your family.
dialogue	train	xnone#0	Write me fully by to-night’s post to Ring	I'm not sure I understand you fully.
dialogue	train	if#0	Wire me if necessary	Do you think its likely that necessary?
dialogue	train	alike#0	At the same time, I am not by any means satisfied with her appearance	In what way?
dialogue	train	different#0	she is woefully different from what she was when I saw her last	How is it different?
dialogue	train	xnone#0	our very friendship makes a little difficulty which not even medical science or custom can bridge over	I'm not sure I understand you fully.
dialogue	train	i#10	I had better tell you exactly what happened, leaving you to draw, in a measure, your own conclusions	Perhaps in your fantasies we had better tell each other.
dialogue	train	i#11	I shall then say what I have done and propose doing	You say you shall then say what you have done and propose doing?
dialogue	train	i#11	I found Miss Westenra in seemingly gay spirits	You say you found miss westenra in seemingly gay spirits?
dialogue	train	if#0	I have no doubt she guesses, if she does not know, what need of caution there is	Do you think its likely that she does not know what need of caution there is?
dialogue	train	xnone#0	Westenra went to lie down, and Lucy was left with me	I'm not sure I understand you fully.
dialogue	train	i#7	She said to me very sweetly:-- “‘I cannot tell you how I loathe talking about myself	How do you think that you can't tell I what you loathe talking about yourself?
dialogue	train	i#10	I reminded her that a doctor’s confidence was sacred, but that you were grievously anxious about her	Perhaps in your fantasies we reminded her that a doctors confidence was sacred but that each other.
dialogue	train	my#2	She caught on to my meaning at once, and settled that matter in a word	Your meaning at once and settled that matter in a word?
dialogue	train	you#3	Tell Arthur everything you choose	We were discussing you -- not me.
dialogue	train	i#11	I do not care for myself, but all for him	You say you do not care for yourself but all for him?
dialogue	train	i#6	So I am quite free	Is it because you are quite free that you came to me?
dialogue	train	was#1	In other physical matters I was quite satisfied that there is no need for anxiety	Were you really?
dialogue	train	xnone#0	but she assures me that of late the habit has not returned	I'm not sure I understand you fully.
dialogue	train	i#6	I am in doubt, and so have done the best thing I know of	Is it because you are in doubt and so have done the best thing you know of that you came to me?
dialogue	train	xnone#0	He is a philosopher and a metaphysician, and one of the most advanced scientists of his day	I'm not sure I understand you fully.
dialogue	train	i#11	and he has, I believe, an absolutely open mind	You say and he has you believe an absolutely open mind?
dialogue	val	i#10	I tell you these facts that you may know why I have such confidence in him	Perhaps in your fantasies we tell each other.
dialogue	train	i#11	I have asked him to come at once	You say you have asked him to come at once?
dialogue	train	i#11	I shall see Miss Westenra to-morrow again	You say you shall see miss westenra to morrow again?
dialogue	train	always#0	Yours always, “JOHN SEWARD	Can you think of a specific example?
dialogue	train	my#2	My good Friend,-- “When I have received your letter I am already coming to you	Your good friend what you have received my letter you are already coming to I?
dialogue	val	your#0	But it is pleasure added to do for him, your friend	Why are you concerned over my friend?
dialogue	train	you#3	it is to you that I come	We were discussing you -- not me.
dialogue	train	if#0	But if need be I shall come again in three days, and stay longer if it must	Do you think its likely that need be you shall come again in three days and stay longer if it must?
dialogue	train	my#2	Till then good-bye, my friend John	Your friend john?
dialogue	train	my#2	My dear Art,-- “Van Helsing has come and gone	Your dear art van helsing has come and gone?
dialogue	train	xnone#0	Van Helsing made a very careful examination of the patient	I'm not sure I understand you fully.
dialogue	train	i#11	He is, I fear, much concerned, but says he must think	You say he is you fear much concerned but says he must think?
dialogue	train	if#0	Tell him what I think, if you can guess it, if you will	Do you think its likely that I can guess it if I will?
dialogue	val	i#6	Nay, I am not jesting	Is it because you are not jesting that you came to me?
dialogue	train	no#0	This is no jest, but life and death, perhaps more	Are you saying no just to be negative?
dialogue	train	i#11	I asked what he meant by that, for he was very serious	You say you asked what he meant by that for he was very serious?
dialogue	train	xnone#0	He would not give me any further clue	I'm not sure I understand you fully.
dialogue	train	what#0	He will speak plainly enough when the time comes, be sure	Why do you ask?
dialogue	train	if#0	I am to get his report to-morrow if he can possibly make it	Do you think its likely that he can possibly make it?
dialogue	train	i#6	In any case I am to have a letter	Is it because you are to have a letter that you came to me?
dialogue	val	xnone#0	Well, as to the visit	I'm not sure I understand you fully.
dialogue	train	i#11	Lucy was more cheerful than on the day I first saw her, and certainly looked better	You say lucy was more cheerful than on the day you first saw her and yes looked better?
dialogue	train	you#3	She had lost something of the ghastly look that so upset you, and her breathing was normal	We were discussing you -- not me.
dialogue	val	i#11	though I could see that the poor girl was making a hard struggle for it	You say though you could see that the poor girl was making a hard struggle for it?
dialogue	train	my#2	That is much, my dear, ever were there that which I do not see	Your dear ever was there that which you do not see?
dialogue	train	you#3	They told me you were down in the spirit, and that you were of a ghastly pale	We were discussing you -- not me.
dialogue	train	i#11	To them I say: “Pouf	You say to them you say pouf?
dialogue	train	i#10	As I tell you, he would not say a word more, even when we were alone	Perhaps in your fantasies we tell each other.
dialogue	train	you#3	And so now, Art, you know all I know	We were discussing you -- not me.
dialogue	train	i#11	I shall keep stern watch	You say you shall keep stern watch?
dialogue	train	i#11	I trust your poor father is rallying	You say you trust my poor father is rallying?
dialogue	train	i#10	I know your idea of duty to your father, and you are right to stick to it	Perhaps in your fantasies we know my idea of duty to my father and each other.
dialogue	train	if#0	but, if need be, I shall send you word to come at once to Lucy	Do you think its likely that need be you shall send I word to come at once to lucy?
dialogue	train	you#2	so do not be over-anxious unless you hear from me	Why do you think I hear from you?
dialogue	val	xnone#0	He has deserted me	I'm not sure I understand you fully.
dialogue	train	no#0	No hope for me now unless I do it for myself	Are you saying no just to be negative?
dialogue	train	you#2	Doctor, won’t you be very good to me and let me have a little more sugar	Why do you think I be very good to you?
dialogue	train	i#11	I think it would be good for me	You say you think it would be good for you?
dialogue	train	xnone#0	And the flies	I'm not sure I understand you fully.
dialogue	train	i#11	The flies like it, too, and I like the flies	You say the flies like it too and you like the flies?
dialogue	train	i#11	therefore I like it	You say therefore you like it?
dialogue	train	are#0	Are you not going to keep flies any more	Why are you interested in whether I am not going to keep flies any more or not?
dialogue	train	i#1	I am sick of all that rubbish	I am sorry to hear that you are sick.
dialogue	train	xnone#0	Patient still better to-day	I'm not sure I understand you fully.
dialogue	train	xnone#0	Patient greatly improved	I'm not sure I understand you fully.
dialogue	train	xnone#0	colour coming back	I'm not sure I understand you fully.
dialogue	train	xnone#0	Terrible change for the worse	I'm not sure I understand you fully.
dialogue	train	xnone#0	Come at once	I'm not sure I understand you fully.
dialogue	train	xnone#0	do not lose an hour	I'm not sure I understand you fully.
dialogue	train	i#10	I hold over telegram to Holmwood till have seen you	Perhaps in your fantasies we hold over telegram to holmwood till have seen each other.
dialogue	train	my#2	My dear Art,-- “My news to-day is not so good	Your dear art your news to day is not so good?
dialogue	train	xnone#0	Lucy this morning had gone back a bit	I'm not sure I understand you fully.
dialogue	train	xnone#0	There is, however, one good thing which has arisen from it	I'm not sure I understand you fully.
dialogue	train	xnone#0	Westenra was naturally anxious concerning Lucy, and has consulted me professionally about her	I'm not sure I understand you fully.
dialogue	train	my#2	We are hedged in with difficulties, all of us, my poor old fellow	Your poor old fellow?
dialogue	train	xnone#0	but, please God, we shall come through them all right	I'm not sure I understand you fully.
dialogue	train	xnone#0	In haste “Yours ever, “JOHN SEWARD	I'm not sure I understand you fully.
dialogue	train	you#3	Have you said anything to our young friend the lover of her	We were discussing you -- not me.
dialogue	train	my#2	I waited till I had seen you, as I said in my telegram	Your telegram?
dialogue	train	my#2	Right, my friend	Your friend?
dialogue	train	xnone#0	Better he not know as yet	I'm not sure I understand you fully.
dialogue	train	perhaps#0	perhaps he shall never know	You don't seem quite certain.
dialogue	train	i#11	I pray so	You say you pray so?
dialogue	train	if#0	but if it be needed, then he shall know all	Do you think its likely that it be needed then he shall know all?
dialogue	train	my#2	And, my good friend John, let me caution you	Your good friend john let you caution I?
dialogue	train	you#3	You deal with the madmen	We were discussing you -- not me.
dialogue	train	are#1	All men are mad in some way or the other	Did you think they might not be mad in some way or the other?
dialogue	val	you#3	You tell not your madmen what you do nor why you do it	We were discussing you -- not me.
dialogue	train	you#3	you tell them not what you think	We were discussing you -- not me.
dialogue	val	you#3	You and I shall keep as yet what we know here, and here	We were discussing you -- not me.
dialogue	train	i#11	I have for myself thoughts at the present	You say you have for yourself thoughts at the present?
dialogue	train	i#10	Later I shall unfold to you	Perhaps in your fantasies we shall unfold to each other.
dialogue	train	what#0	Why not now	Why do you ask?
dialogue	train	xnone#0	It may do some good	I'm not sure I understand you fully.
dialogue	train	xnone#0	we may arrive at some decision	I'm not sure I understand you fully.
dialogue	train	xnone#0	he’s good corn	I'm not sure I understand you fully.
dialogue	train	what#0	he will make good crop when the time comes	Why do you ask?
dialogue	val	you#3	The good husbandman tell you so then because he knows, but not till then	We were discussing you -- not me.
dialogue	train	if#0	But you do not find the good husbandman dig up his planted corn to see if he grow	Do you think its likely that he grow?
dialogue	train	you#3	See you now, friend John	We were discussing you -- not me.
dialogue	train	my#2	I have sown my corn, and Nature has her work to do in making it sprout	Your corn and nature has her work to do in making it sprout?
dialogue	train	if#0	if he sprout at all, there’s some promise	Do you think its likely that he sprout at all theres some promise?
dialogue	train	i#11	and I wait till the ear begins to swell	You say and you wait till the ear begins to swell?
dialogue	train	always#0	You were always a careful student, and your case-book was ever more full than the rest	Can you think of a specific example?
dialogue	val	you#3	You were only student then	We were discussing you -- not me.
dialogue	train	you#1	now you are master, and I trust that good habit have not fail	What makes you think I am master and you trust that good habit have not fail?
dialogue	train	my#2	Remember, my friend, that knowledge is stronger than memory, and we should not trust the weaker	Your friend that knowledge is stronger than memory and we should not trust the weaker?
dialogue	train	xnone#0	Take then good note of it	I'm not sure I understand you fully.
dialogue	train	xnone#0	Nothing is too small	I'm not sure I understand you fully.
dialogue	train	i#10	I counsel you, put down in record even your doubts and surmises	Perhaps in your fantasies we counsel each other.
dialogue	train	you#3	Hereafter it may be of interest to you to see how true you guess	We were discussing you -- not me.
dialogue	train	xnone#0	We learn from failure, not from success	I'm not sure I understand you fully.
dialogue	train	xnone#0	the ghastly paraphernalia of our beneficial trade	I'm not sure I understand you fully.
dialogue	val	xnone#0	this is dreadful	I'm not sure I understand you fully.
dialogue	train	no#0	There is no time to be lost	Are you saying no just to be negative?
dialogue	train	xnone#0	She will die for sheer want of blood to keep the heart’s action as it should be	I'm not sure I understand you fully.
dialogue	train	xnone#0	There must be transfusion of blood at once	I'm not sure I understand you fully.
dialogue	train	you#2	Is it you or me	Why do you think I or you?
dialogue	train	i#6	I am younger and stronger, Professor	Is it because you are younger and stronger professor that you came to me?
dialogue	train	xnone#0	It must be me	I'm not sure I understand you fully.
dialogue	train	xnone#0	Then get ready at once	I'm not sure I understand you fully.
dialogue	train	my#2	I will bring up my bag	Your bag?
dialogue	train	i#6	I am prepared	Is it because you are prepared that you came to me?
dialogue	train	was#1	Jack, I was so anxious	Were you really?
dialogue	train	i#11	I read between the lines of your letter, and have been in an agony	You say you read between the lines of my letter and have been in an agony?
dialogue	train	i#11	The dad was better, so I ran down here to see for myself	You say the dad was better so you ran down here to see for yourself?
dialogue	train	xnone#0	Is not that gentleman Dr	I'm not sure I understand you fully.
dialogue	train	i#6	I am so thankful to you, sir, for coming	Is it because you are so thankful to I sir for coming that you came to me?
dialogue	val	you#3	Sir, you have come in time	We were discussing you -- not me.
dialogue	train	you#1	You are the lover of our dear miss	What makes you think I am the lover of our dear miss?
dialogue	train	xnone#0	She is bad, very, very bad	I'm not sure I understand you fully.
dialogue	train	my#1	Nay, my child, do not go like that	Tell me more about your family.
dialogue	train	you#1	You are to help her	What makes you think I am to help her?
dialogue	val	you#3	You can do more than any that live, and your courage is your best help	We were discussing you -- not me.
dialogue	train	what#0	What can I do	Why do you ask?
dialogue	train	i#11	Tell me, and I shall do it	You say tell you and you shall do it?
dialogue	train	my#2	My life is hers, and I would give the last drop of blood in my body for her	Your life is hers and you would give the last drop of blood in your body for her?
dialogue	train	my#2	My young sir, I do not ask so much as that--not the last	Your young sir you do not ask so much as that not the last?
dialogue	train	what#0	What shall I do	Why do you ask?
dialogue	train	xnone#0	Rachel Lynde’s husband	I'm not sure I understand you fully.
dialogue	train	xnone#0	He doesn’t generally go to town this time of year and he _never_ visits	I'm not sure I understand you fully.
dialogue	train	xnone#0	he wasn’t driving fast enough to be going for a doctor	I'm not sure I understand you fully.
dialogue	train	xnone#0	Yet something must have happened since last night to start him off	I'm not sure I understand you fully.
dialogue	val	what#0	It’s just _staying_, that’s what	Why do you ask?
dialogue	train	no#0	It’s no wonder Matthew and Marilla are both a little odd, living away back here by themselves	Are you saying no just to be negative?
dialogue	train	if#0	Trees aren’t much company, though dear knows if they were there’d be enough of them	Do you think its likely that they was thered be enough of them?
dialogue	train	xnone#0	I’d ruther look at people	I'm not sure I understand you fully.
dialogue	train	xnone#0	To be sure, they seem contented enough	I'm not sure I understand you fully.
dialogue	train	i#11	but then, I suppose, they’re used to it	You say but then you suppose theyre used to it?
dialogue	train	xnone#0	A body can get used to anything, even to being hanged, as the Irishman said	I'm not sure I understand you fully.
dialogue	train	xnone#0	Good evening, Rachel	I'm not sure I understand you fully.
dialogue	train	xnone#0	This is a real fine evening, isn’t it	I'm not sure I understand you fully.
dialogue	train	you#3	Won’t you sit down	We were discussing you -- not me.
dialogue	train	what#0	How are all your folks	Why do you ask?
dialogue	train	xnone#0	We’re all pretty well	I'm not sure I understand you fully.
dialogue	train	was#1	I was kind of afraid _you_ weren’t, though, when I saw Matthew starting off today	Were you really?
dialogue	train	i#11	I thought maybe he was going to the doctor’s	You say you thought perhaps he was going to the doctors?
dialogue	train	no#0	Oh, no, I’m quite well although I had a bad headache yesterday	Are you saying no just to be negative?
dialogue	train	xnone#0	Matthew went to Bright River	I'm not sure I understand you fully.
dialogue	val	are#0	Are you in earnest, Marilla	Why are you interested in whether I am in earnest marilla or not?
dialogue	train	yes#0	Yes, of course	You seem to be quite positive.
dialogue	train	what#0	What on earth put such a notion into your head	Why do you ask?
dialogue	train	xnone#0	Well, we’ve been thinking about it for some time--all winter in fact	I'm not sure I understand you fully.
dialogue	train	xnone#0	Her cousin lives there and Mrs	I'm not sure I understand you fully.
dialogue	val	xnone#0	Spencer has visited her and knows all about it	I'm not sure I understand you fully.
dialogue	train	i#11	So Matthew and I have talked it over off and on ever since	You say so matthew and you have talked it over off and on ever since?
dialogue	train	xnone#0	We thought we’d get a boy	I'm not sure I understand you fully.
dialogue	val	you#3	Matthew is getting up in years, you know--he’s sixty--and he isn’t so spry as he once was	We were discussing you -- not me.
dialogue	train	xnone#0	His heart troubles him a good deal	I'm not sure I understand you fully.
dialogue	train	you#3	And you know how desperate hard it’s got to be to get hired help	We were discussing you -- not me.
dialogue	train	xnone#0	There’s never anybody to be had but those stupid, half-grown little French boys	I'm not sure I understand you fully.
dialogue	train	xnone#0	At first Matthew suggested getting a Home boy	I'm not sure I understand you fully.
dialogue	train	i#11	But I said ‘no’ flat to that	You say but you said no flat to that?
dialogue	train	i#6	They may be all right--I’m not saying they’re not--but no London street Arabs for me,’ I said	Is it because you are not saying theyre not but no london street arabs for you you said that you came to me?
dialogue	train	xnone#0	Give me a native born at least	I'm not sure I understand you fully.
dialogue	train	no#0	There’ll be a risk, no matter who we get	Are you saying no just to be negative?
dialogue	train	if#0	But I’ll feel easier in my mind and sleep sounder at nights if we get a born Canadian	Do you think its likely that we get a born canadian?
dialogue	train	xnone#0	So in the end we decided to ask Mrs	I'm not sure I understand you fully.
dialogue	train	what#0	Spencer to pick us out one when she went over to get her little girl	Why do you ask?
dialogue	train	xnone#0	We mean to give him a good home and schooling	I'm not sure I understand you fully.
dialogue	train	xnone#0	We had a telegram from Mrs	I'm not sure I understand you fully.
dialogue	train	xnone#0	Alexander Spencer today--the mail-man brought it from the station--saying they were coming on the five-thirty train tonight	I'm not sure I understand you fully.
dialogue	train	xnone#0	So Matthew went to Bright River to meet him	I'm not sure I understand you fully.
dialogue	train	xnone#0	Spencer will drop him off there	I'm not sure I understand you fully.
dialogue	train	xnone#0	Of course she goes on to White Sands station herself	I'm not sure I understand you fully.
dialogue	train	you#1	You don’t know what you’re getting	What makes you think I am getting?
dialogue	val	i#8	I don’t deny there’s something in what you say, Rachel	Don't you really deny theres something in what I say rachel?
dialogue	train	xnone#0	I’ve had some qualms myself	I'm not sure I understand you fully.
dialogue	train	xnone#0	But Matthew was terrible set on it	I'm not sure I understand you fully.
dialogue	train	i#11	I could see that, so I gave in	You say you could see that so you gave in?
dialogue	train	xnone#0	And as for the risk, there’s risks in pretty near everything a body does in this world	I'm not sure I understand you fully.
dialogue	train	xnone#0	And then Nova Scotia is right close to the Island	I'm not sure I understand you fully.
dialogue	train	if#0	It isn’t as if we were getting him from England or the States	Do you think its likely that we was getting him from england or the states?
dialogue	train	different#0	He can’t be much different from ourselves	How is it different?
dialogue	train	i#11	Well, I hope it will turn out all right	You say well you hope it will turn out all right?
dialogue	train	xnone#0	Only, it was a girl in that instance	I'm not sure I understand you fully.
dialogue	train	xnone#0	Well, we’re not getting a girl	I'm not sure I understand you fully.
dialogue	val	dream#0	I’d never dream of taking a girl to bring up	What does that dream suggest to you?
dialogue	train	i#11	I wonder at Mrs	You say you wonder at mrs?
dialogue	train	xnone#0	Alexander Spencer for doing it	I'm not sure I understand you fully.
dialogue	train	if#0	But there, _she_ wouldn’t shrink from adopting a whole orphan asylum if she took it into her head	Do you think its likely that she took it into her head?
dialogue	train	xnone#0	Well, of all things that ever were or will be	I'm not sure I understand you fully.
dialogue	train	if#0	It does really seem as if I must be dreaming	Do you think its likely that you must be dreaming?
dialogue	train	i#6	Well, I’m sorry for that poor young one and no mistake	Is it because you are sorry for that poor young one and no mistake that you came to me?
dialogue	train	xnone#0	It seems uncanny to think of a child at Green Gables somehow	I'm not sure I understand you fully.
dialogue	train	i#11	I wouldn’t be in that orphan’s shoes for anything	You say you wouldnt be in that orphans shoes for anything?
dialogue	train	my#2	My, but I pity him, that’s what	Your but you pity him thats what?
dialogue	train	if#0	The little birds sang as if it were The one day of summer in all the year	Do you think its likely that it was the one day of summer in all the year?
dialogue	train	xnone#0	The five-thirty train has been in and gone half an hour ago	I'm not sure I understand you fully.
dialogue	val	you#3	But there was a passenger dropped off for you--a little girl	We were discussing you -- not me.
dialogue	train	xnone#0	She’s sitting out there on the shingles	I'm not sure I understand you fully.
dialogue	train	xnone#0	There was more scope for imagination,’ she said	I'm not sure I understand you fully.
dialogue	val	i#11	She’s a case, I should say	You say shes a case you should say?
dialogue	train	i#6	I’m not expecting a girl	Is it because you are not expecting a girl that you came to me?
dialogue	train	xnone#0	It’s a boy I’ve come for	I'm not sure I understand you fully.
dialogue	train	xnone#0	He should be here	I'm not sure I understand you fully.
dialogue	train	xnone#0	Alexander Spencer was to bring him over from Nova Scotia for me	I'm not sure I understand you fully.
dialogue	train	xnone#0	Guess there’s some mistake	I'm not sure I understand you fully.
dialogue	train	my#2	Spencer came off the train with that girl and gave her into my charge	Your charge?
dialogue	train	i#11	That’s all I know about it--and I haven’t got any more orphans concealed hereabouts	You say thats all you know about it and you havent got any more orphans concealed hereabouts?
dialogue	train	i#8	I don’t understand	Don't you really understand?
dialogue	train	xnone#0	Well, you’d better question the girl	I'm not sure I understand you fully.
dialogue	train	i#11	I dare say she’ll be able to explain--she’s got a tongue of her own, that’s certain	You say you dare say shell be able to explain shes got a tongue of her own thats certain?
dialogue	train	perhaps#0	Maybe they were out of boys of the brand you wanted	You don't seem quite certain.
dialogue	train	i#10	I suppose you are Mr	Perhaps in your fantasies we suppose each other.
dialogue	train	xnone#0	Matthew Cuthbert of Green Gables	I'm not sure I understand you fully.
dialogue	val	i#2	I’m very glad to see you	How have I helped you to be glad?
dialogue	train	you#3	You could imagine you were dwelling in marble halls, couldn’t you	We were discussing you -- not me.
dialogue	train	if#0	And I was quite sure you would come for me in the morning, if you didn’t tonight	Do you think its likely that I didnt tonight?
dialogue	val	was#1	I’m sorry I was late	Were you really?
dialogue	train	xnone#0	The horse is over in the yard	I'm not sure I understand you fully.
dialogue	train	your#0	Give me your bag	Why are you concerned over my bag?
dialogue	train	i#11	Oh, I can carry it	You say oh you can carry it?
dialogue	train	xnone#0	It isn’t heavy	I'm not sure I understand you fully.
dialogue	train	my#2	I’ve got all my worldly goods in it, but it isn’t heavy	Your worldly goods in it but it isnt heavy?
dialogue	val	xnone#0	It’s an extremely old carpet-bag	I'm not sure I understand you fully.
dialogue	train	xnone#0	We’ve got to drive a long piece, haven’t we	I'm not sure I understand you fully.
dialogue	train	xnone#0	Spencer said it was eight miles	I'm not sure I understand you fully.
dialogue	val	i#2	I’m glad because I love driving	How have I helped you to be glad?
dialogue	train	i#6	Oh, it seems so wonderful that I’m going to live with you and belong to you	Is it because you are going to live with I and belong to I that you came to me?
dialogue	train	xnone#0	I’ve never belonged to anybody--not really	I'm not sure I understand you fully.
dialogue	train	xnone#0	But the asylum was the worst	I'm not sure I understand you fully.
dialogue	train	xnone#0	I’ve only been in it four months, but that was enough	I'm not sure I understand you fully.
dialogue	train	you#3	It’s worse than anything you could imagine	We were discussing you -- not me.
dialogue	train	alike#0	Spencer said it was wicked of me to talk like that, but I didn’t mean to be wicked	In what way?
dialogue	train	xnone#0	It’s so easy to be wicked without knowing it, isn’t it	I'm not sure I understand you fully.
dialogue	train	you#3	They were good, you know--the asylum people	We were discussing you -- not me.
dialogue	train	xnone#0	But there is so little scope for the imagination in an asylum--only just in the other orphans	I'm not sure I understand you fully.
dialogue	val	i#6	I guess that’s why I’m so thin--I _am_ dreadful thin, ain’t I	Is it because you are so thin you are dreadful thin aint you that you came to me?
dialogue	train	my#2	There isn’t a pick on my bones	Your bones?
dialogue	train	my#2	I do love to imagine I’m nice and plump, with dimples in my elbows	Your elbows?
dialogue	train	xnone#0	Isn’t that beautiful	I'm not sure I understand you fully.
dialogue	train	what#0	What did that tree, leaning out from the bank, all white and lacy, make you think of	Why do you ask?
dialogue	train	i#11	Well now, I dunno	You say well now you dunno?
dialogue	train	what#0	Why, a bride, of course--a bride all in white with a lovely misty veil	Why do you ask?
dialogue	val	i#11	I’ve never seen one, but I can imagine what she would look like	You say ive never seen one but you can imagine what she would look like?
dialogue	train	i#8	I don’t ever expect to be a bride myself	Don't you really ever expect to be a bride yourself?
dialogue	train	everyone#0	I’m so homely nobody will ever want to marry me--unless it might be a foreign missionary	Really, nobody?
dialogue	train	i#11	I suppose a foreign missionary mightn’t be very particular	You say you suppose a foreign missionary mightnt be very particular?
dialogue	train	i#11	But I do hope that some day I shall have a white dress	You say but you do hope that some day you shall have a white dress?
dialogue	train	my#2	That is my highest ideal of earthly bliss	Your highest ideal of earthly bliss?
dialogue	train	i#11	I just love pretty clothes	You say you just love pretty clothes?
dialogue	train	i#6	And then I can imagine that I’m dressed gorgeously	Is it because you are dressed gorgeously that you came to me?
dialogue	train	you#3	All the orphans had to wear them, you know	We were discussing you -- not me.
dialogue	train	xnone#0	A merchant in Hopeton last winter donated three hundred yards of wincey to the asylum	I'm not sure I understand you fully.
dialogue	train	my#2	I felt cheered up right away and I enjoyed my trip to the Island with all my might	Your trip to the island with all your might?
dialogue	train	i#11	I wasn’t a bit sick coming over in the boat	You say you wasnt a bit sick coming over in the boat?
dialogue	train	xnone#0	Neither was Mrs	I'm not sure I understand you fully.
dialogue	train	xnone#0	Spencer, although she generally is	I'm not sure I understand you fully.
dialogue	train	i#11	She said she hadn’t time to get sick, watching to see that I didn’t fall overboard	You say she said she hadnt time to get sick watching to see that you didnt fall overboard?
dialogue	train	xnone#0	She said she never saw the beat of me for prowling about	I'm not sure I understand you fully.
dialogue	train	if#0	But if it kept her from being seasick it’s a mercy I did prowl, isn’t it	Do you think its likely that it kept her from being seasick its a mercy you did prowl isnt it?
dialogue	train	are#1	Oh, there are a lot more cherry-trees all in bloom	Did you think they might not be a lot more cherry trees all in bloom?
dialogue	train	xnone#0	This Island is the bloomiest place	I'm not sure I understand you fully.
dialogue	train	i#2	I just love it already, and I’m so glad I’m going to live here	How have I helped you to be glad?
dialogue	train	what#0	It’s delightful when your imaginations come true, isn’t it	Why do you ask?
dialogue	train	are#1	But those red roads are so funny	Did you think they might not be so funny?
dialogue	train	i#11	She said I must have asked her a thousand already	You say she said you must have asked her a thousand already?
dialogue	train	what#0	And what _does_ make the roads red	Why do you ask?
dialogue	train	xnone#0	Well, that is one of the things to find out sometime	I'm not sure I understand you fully.
dialogue	train	are#1	Isn’t it splendid to think of all the things there are to find out about	Did you think they might not be to find out about?
dialogue	train	xnone#0	It just makes me feel glad to be alive--it’s such an interesting world	I'm not sure I understand you fully.
dialogue	train	if#0	It wouldn’t be half so interesting if we knew all about everything, would it	Do you think its likely that we knew all about everything would it?
dialogue	train	no#0	There’d be no scope for imagination then, would there	Are you saying no just to be negative?
dialogue	train	am#0	But am I talking too much	Do you believe you are talking too much?
dialogue	train	always#0	People are always telling me I do	Can you think of a specific example?
dialogue	train	you#3	Would you rather I didn’t talk	We were discussing you -- not me.
dialogue	train	if#0	If you say so I’ll stop	Do you think its likely that I say so ill stop?
dialogue	train	my#2	I can _stop_ when I make up my mind to it, although it’s difficult	Your mind to it although its difficult?
dialogue	val	xnone#0	kind of liked her chatter	I'm not sure I understand you fully.
dialogue	train	you#3	Oh, you can talk as much as you like	We were discussing you -- not me.
dialogue	train	i#8	I don’t mind	Don't you really mind?
dialogue	train	i#2	Oh, I’m so glad	How have I helped you to be glad?
dialogue	train	i#10	I know you and I are going to get along together fine	Perhaps in your fantasies we know each other.
dialogue	train	if#0	I’ve had that said to me a million times if I have once	Do you think its likely that you have once?
dialogue	train	because#0	And people laugh at me because I use big words	Is that the real reason?
dialogue	train	if#0	But if you have big ideas you have to use big words to express them, haven’t you	Do you think its likely that I have big ideas I have to use big words to express them havent I?
dialogue	train	xnone#0	Well now, that seems reasonable	I'm not sure I understand you fully.
dialogue	train	my#2	Spencer said that my tongue must be hung in the middle	Your tongue must be hung in the middle?
dialogue	train	xnone#0	But it isn’t--it’s firmly fastened at one end	I'm not sure I understand you fully.
dialogue	train	your#0	Spencer said your place was named Green Gables	Why are you concerned over my place was named green gables?
dialogue	train	i#11	I asked her all about it	You say you asked her all about it?
dialogue	train	xnone#0	And she said there were trees all around it	I'm not sure I understand you fully.
dialogue	train	was#1	I was gladder than ever	Were you really?
dialogue	train	i#11	I just love trees	You say you just love trees?
dialogue	train	xnone#0	They just looked like orphans themselves, those trees did	I'm not sure I understand you fully.
dialogue	train	xnone#0	It used to make me want to cry to look at them	I'm not sure I understand you fully.
dialogue	train	i#10	I used to say to them, ‘Oh, you _poor_ little things	Perhaps in your fantasies we used to say to them oh each other.
dialogue	train	you#1	But you can’t where you are	What makes you think I am ?
dialogue	train	i#10	I know just exactly how you feel, little trees	Perhaps in your fantasies we know just exactly what each other.
dialogue	train	i#11	I felt sorry to leave them behind this morning	You say you felt sorry to leave them behind this morning?
dialogue	train	you#3	You do get so attached to things like that, don’t you	We were discussing you -- not me.
dialogue	train	xnone#0	Is there a brook anywhere near Green Gables	I'm not sure I understand you fully.
dialogue	train	i#11	I forgot to ask Mrs	You say you forgot to ask mrs?
dialogue	train	yes#0	Well now, yes, there’s one right below the house	You seem to be quite positive.
dialogue	train	dream#0	It’s always been one of my dreams to live near a brook	What does that dream suggest to you?
dialogue	train	i#11	I never expected I would, though	You say you never expected you would though?
dialogue	train	dream#0	Dreams don’t often come true, do they	What does that dream suggest to you?
dialogue	train	if#0	Wouldn’t it be nice if they did	Do you think its likely that they did?
dialogue	train	i#11	But just now I feel pretty nearly perfectly happy	You say but just now you feel pretty nearly perfectly happy?
dialogue	train	you#3	I can’t feel exactly perfectly happy because--well, what color would you call this	We were discussing you -- not me.
dialogue	train	xnone#0	It’s red, ain’t it	I'm not sure I understand you fully.
dialogue	train	yes#0	Yes, it’s red	You seem to be quite positive.
dialogue	train	you#3	Now you see why I can’t be perfectly happy	We were discussing you -- not me.
dialogue	train	everyone#0	Nobody could who has red hair	Really, nobody?
dialogue	train	my#2	I don’t mind the other things so much--the freckles and the green eyes and my skinniness	Your skinniness?
dialogue	train	i#11	I can imagine them away	You say you can imagine them away?
dialogue	train	i#11	I can imagine that I have a beautiful rose-leaf complexion and lovely starry violet eyes	You say you can imagine that you have a beautiful rose leaf complexion and lovely starry violet eyes?
dialogue	train	i#7	But I _cannot_ imagine that red hair away	How do you think that you can't imagine that red hair away?
dialogue	train	my#2	I do my best	Your best?
dialogue	train	my#2	I think to myself, ‘Now my hair is a glorious black, black as the raven’s wing	Your hair is a glorious black black as the ravens wing?
dialogue	train	my#2	But all the time I _know_ it is just plain red and it breaks my heart	Your heart?
dialogue	train	my#2	It will be my lifelong sorrow	Your lifelong sorrow?
dialogue	train	xnone#0	Her hair was pure gold rippling back from her alabaster brow	I'm not sure I understand you fully.
dialogue	train	what#0	What is an alabaster brow	Why do you ask?
dialogue	train	i#11	I never could find out	You say you never could find out?
dialogue	train	can#0	Can you tell me	You believe I can tell you don't you?
dialogue	train	i#6	Well now, I’m afraid I can’t	Is it because you are afraid you cannot that you came to me?
dialogue	train	because#0	Well, whatever it was it must have been something nice because she was divinely beautiful	Is that the real reason?
dialogue	train	you#3	Have you ever imagined what it must feel like to be divinely beautiful	We were discussing you -- not me.
dialogue	train	no#0	Well now, no, I haven’t	Are you saying no just to be negative?
dialogue	train	i#11	I have, often	You say you have often?
dialogue	train	if#0	Which would you rather be if you had the choice--divinely beautiful or dazzlingly clever or angelically good	Do you think its likely that I had the choice divinely beautiful or dazzlingly clever or angelically good?
dialogue	train	i#8	Well now, I--I don’t know exactly	Don't you really know exactly?
dialogue	train	i#11	Neither do I	You say neither do you?
dialogue	train	i#11	I can never decide	You say you can never decide?
dialogue	train	xnone#0	But it doesn’t make much real difference for it isn’t likely I’ll ever be either	I'm not sure I understand you fully.
dialogue	train	xnone#0	It’s certain I’ll never be angelically good	I'm not sure I understand you fully.
dialogue	train	xnone#0	Spencer says--oh, Mr	I'm not sure I understand you fully.
dialogue	train	i#10	I guess you’re feeling pretty tired and hungry	Perhaps in your fantasies we guess each other.
dialogue	train	xnone#0	But we haven’t very far to go now--only another mile	I'm not sure I understand you fully.
dialogue	train	what#0	that place we came through--that white place--what was it	Why do you ask?
dialogue	train	you#3	Well now, you must mean the Avenue	We were discussing you -- not me.
dialogue	val	xnone#0	It is a kind of pretty place	I'm not sure I understand you fully.
dialogue	train	xnone#0	Oh, _pretty_ doesn’t seem the right word to use	I'm not sure I understand you fully.
dialogue	train	xnone#0	Nor beautiful, either	I'm not sure I understand you fully.
dialogue	train	xnone#0	They don’t go far enough	I'm not sure I understand you fully.
dialogue	train	xnone#0	Oh, it was wonderful--wonderful	I'm not sure I understand you fully.
dialogue	train	i#11	It’s the first thing I ever saw that couldn’t be improved upon by imagination	You say its the first thing you ever saw that couldnt be improved upon by imagination?
dialogue	train	xnone#0	It just satisfied me here	I'm not sure I understand you fully.
dialogue	train	xnone#0	it made a queer funny ache and yet it was a pleasant ache	I'm not sure I understand you fully.
dialogue	train	you#3	Did you ever have an ache like that, Mr	We were discussing you -- not me.
dialogue	train	i#11	Well now, I just can’t recollect that I ever had	You say well now you just cannot remember that you ever had?
dialogue	train	i#11	I have it lots of times--whenever I see anything royally beautiful	You say you have it lots of times whenever you see anything royally beautiful?
dialogue	train	xnone#0	But they shouldn’t call that lovely place the Avenue	I'm not sure I understand you fully.
dialogue	train	name#0	There is no meaning in a name like that	I am not interested in names.
dialogue	train	xnone#0	They should call it--let me see--the White Way of Delight	I'm not sure I understand you fully.
dialogue	train	name#0	Isn’t that a nice imaginative name	I am not interested in names.
dialogue	train	xnone#0	Have we really only another mile to go before we get home	I'm not sure I understand you fully.
dialogue	train	i#2	I’m glad and I’m sorry	How have I helped you to be glad?
dialogue	train	always#0	I’m sorry because this drive has been so pleasant and I’m always sorry when pleasant things end	Can you think of a specific example?
dialogue	val	you#3	Something still pleasanter may come after, but you can never be sure	We were discussing you -- not me.
dialogue	train	xnone#0	And it’s so often the case that it isn’t pleasanter	I'm not sure I understand you fully.
dialogue	train	my#2	That has been my experience anyhow	Your experience anyhow?
dialogue	train	i#2	But I’m glad to think of getting home	How have I helped you to be glad?
dialogue	train	you#3	You see, I’ve never had a real home since I can remember	We were discussing you -- not me.
dialogue	train	xnone#0	It gives me that pleasant ache again just to think of coming to a really truly home	I'm not sure I understand you fully.
dialogue	train	xnone#0	Oh, isn’t that pretty	I'm not sure I understand you fully.
dialogue	train	xnone#0	That’s Barry’s pond	I'm not sure I understand you fully.
dialogue	train	name#0	Oh, I don’t like that name, either	I am not interested in names.
dialogue	train	i#11	I shall call it--let me see--the Lake of Shining Waters	You say you shall call it let you see the lake of shining waters?
dialogue	train	name#0	Yes, that is the right name for it	I am not interested in names.
dialogue	train	i#11	I know because of the thrill	You say you know because of the thrill?
dialogue	train	name#0	When I hit on a name that suits exactly it gives me a thrill	I am not interested in names.
dialogue	train	you#3	Do things ever give you a thrill	We were discussing you -- not me.
dialogue	train	yes#0	Well now, yes	You seem to be quite positive.
dialogue	train	i#11	I hate the look of them	You say you hate the look of them?
dialogue	train	alike#0	Oh, I don’t think that can be exactly the same kind of a thrill	In what way?
dialogue	train	you#3	Do you think it can	We were discussing you -- not me.
dialogue	train	xnone#0	There doesn’t seem to be much connection between grubs and lakes of shining waters, does there	I'm not sure I understand you fully.
dialogue	val	what#0	But why do other people call it Barry’s pond	Why do you ask?
dialogue	train	i#11	I reckon because Mr	You say you reckon because mr?
dialogue	train	xnone#0	Barry lives up there in that house	I'm not sure I understand you fully.
dialogue	train	name#0	Orchard Slope’s the name of his place	I am not interested in names.
dialogue	train	if#0	If it wasn’t for that big bush behind it you could see Green Gables from here	Do you think its likely that it wasnt for that big bush behind it I could see green gables from here?
dialogue	train	xnone#0	Barry any little girls	I'm not sure I understand you fully.
dialogue	train	my#2	Well, not so very little either--about my size	Your size?
dialogue	train	xnone#0	He’s got one about eleven	I'm not sure I understand you fully.
dialogue	train	name#0	Her name is Diana	I am not interested in names.
dialogue	train	name#0	What a perfectly lovely name	I am not interested in names.
dialogue	train	xnone#0	There’s something dreadful heathenish about it, seems to me	I'm not sure I understand you fully.
dialogue	train	name#0	I’d ruther Jane or Mary or some sensible name like that	I am not interested in names.
dialogue	train	was#1	I wish there had been a schoolmaster like that around when I was born, then	Were you really?
dialogue	train	are#1	Oh, here we are at the bridge	Did you think they might not be at the bridge?
dialogue	train	my#2	I’m going to shut my eyes tight	Your eyes tight?
dialogue	train	always#0	I’m always afraid going over bridges	Can you think of a specific example?
dialogue	train	my#2	So I shut my eyes	Your eyes?
dialogue	train	always#0	But I always have to open them for all when I think we’re getting near the middle	Can you think of a specific example?
dialogue	train	if#0	Because, you see, if the bridge _did_ crumple up I’d want to _see_ it crumple	Do you think its likely that the bridge did crumple up id want to see it crumple?
dialogue	train	what#0	What a jolly rumble it makes	Why do you ask?
dialogue	train	always#0	I always like the rumble part of it	Can you think of a specific example?
dialogue	train	alike#0	Isn’t it splendid there are so many things to like in this world	In what way?
dialogue	train	xnone#0	There, we’re over	I'm not sure I understand you fully.
dialogue	train	xnone#0	Now I’ll look back	I'm not sure I understand you fully.
dialogue	train	xnone#0	Good night, dear Lake of Shining Waters	I'm not sure I understand you fully.
dialogue	train	always#0	I always say good night to the things I love, just as I would to people	Can you think of a specific example?
dialogue	train	i#11	I think they like it	You say you think they like it?
dialogue	train	if#0	That water looks as if it was smiling at me	Do you think its likely that it was smiling at you?
dialogue	train	xnone#0	We’re pretty near home now	I'm not sure I understand you fully.
dialogue	train	xnone#0	That’s Green Gables over	I'm not sure I understand you fully.
dialogue	train	xnone#0	Oh, don’t tell me	I'm not sure I understand you fully.
dialogue	train	xnone#0	Let me guess	I'm not sure I understand you fully.
dialogue	train	i#6	I’m sure I’ll guess right	Is it because you are sure ill guess right that you came to me?
dialogue	train	xnone#0	That’s it, isn’t it	I'm not sure I understand you fully.
dialogue	train	xnone#0	Well now, you’ve guessed it	I'm not sure I understand you fully.
dialogue	train	i#11	But I reckon Mrs	You say but you reckon mrs?
dialogue	train	you#3	Spencer described it so’s you could tell	We were discussing you -- not me.
dialogue	train	no#0	No, she didn’t--really she didn’t	Are you saying no just to be negative?
dialogue	train	xnone#0	All she said might just as well have been about most of those other places	I'm not sure I understand you fully.
dialogue	train	i#11	I hadn’t any real idea what it looked like	You say you hadnt any real idea what it looked like?
dialogue	train	i#11	But just as soon as I saw it I felt it was home	You say but just as soon as you saw it you felt it was home?
dialogue	val	if#0	Oh, it seems as if I must be in a dream	Do you think its likely that you must be in a dream?
dialogue	train	i#11	so I stopped pinching	You say so you stopped pinching?
dialogue	train	xnone#0	But it _is_ real and we’re nearly home	I'm not sure I understand you fully.
dialogue	val	xnone#0	Listen to the trees talking in their sleep	I'm not sure I understand you fully.
dialogue	train	dream#0	What nice dreams they must have	What does that dream suggest to you?
dialogue	train	xnone#0	all her worldly goods	I'm not sure I understand you fully.
dialogue	train	xnone#0	Matthew Cuthbert, who’s that	I'm not sure I understand you fully.
dialogue	train	what#0	Where is the boy	Why do you ask?
dialogue	val	xnone#0	There wasn’t any boy	I'm not sure I understand you fully.
dialogue	val	xnone#0	There was only _her	I'm not sure I understand you fully.
dialogue	train	xnone#0	But there _must_ have been a boy	I'm not sure I understand you fully.
dialogue	train	xnone#0	We sent word to Mrs	I'm not sure I understand you fully.
dialogue	train	xnone#0	Spencer to bring a boy	I'm not sure I understand you fully.
dialogue	train	xnone#0	Well, she didn’t	I'm not sure I understand you fully.
dialogue	train	xnone#0	She brought _her	I'm not sure I understand you fully.
dialogue	train	i#11	I asked the stationmaster	You say you asked the stationmaster?
dialogue	train	i#11	And I had to bring her home	You say and you had to bring her home?
dialogue	train	no#0	She couldn’t be left there, no matter where the mistake had come in	Are you saying no just to be negative?
dialogue	train	xnone#0	Well, this is a pretty piece of business	I'm not sure I understand you fully.
dialogue	train	you#2	You don’t want me	Why do you think I dont want you?
dialogue	train	you#2	You don’t want me because I’m not a boy	Why do you think I dont want you?
dialogue	train	i#11	I might have expected it	You say you might have expected it?
dialogue	train	everyone#0	Nobody ever did want me	Really, nobody?
dialogue	train	i#11	I might have known it was all too beautiful to last	You say you might have known it was all too beautiful to last?
dialogue	train	everyone#0	I might have known nobody really did want me	Really, nobody?
dialogue	train	what#0	Oh, what shall I do	Why do you ask?
dialogue	train	i#6	I’m going to burst into tears	Is it because you are going to burst into tears that you came to me?
dialogue	train	no#0	Well, well, there’s no need to cry so about it	Are you saying no just to be negative?
dialogue	train	yes#0	Yes, there _is_ need	You seem to be quite positive.
dialogue	train	xnone#0	Oh, this is the most _tragical_ thing that ever happened to me	I'm not sure I understand you fully.
dialogue	train	xnone#0	Well, don’t cry any more	I'm not sure I understand you fully.
dialogue	train	you#3	We’re not going to turn you out-of-doors tonight	We were discussing you -- not me.
dialogue	train	xnone#0	You’ll have to stay here until we investigate this affair	I'm not sure I understand you fully.
dialogue	train	name#0	What’s your name	I am not interested in names.
dialogue	train	you#2	Will you please call me Cordelia	Why do you think I please call you?
dialogue	train	you#3	Call_ you Cordelia	We were discussing you -- not me.
dialogue	train	name#0	Is that your name	I am not interested in names.
dialogue	train	name#0	No-o-o, it’s not exactly my name, but I would love to be called Cordelia	I am not interested in names.
dialogue	train	name#0	It’s such a perfectly elegant name	I am not interested in names.
dialogue	train	i#8	I don’t know what on earth you mean	Don't you really know what on earth I mean?
dialogue	train	name#0	If Cordelia isn’t your name, what is	I am not interested in names.
dialogue	train	xnone#0	but, oh, please do call me Cordelia	I'm not sure I understand you fully.
dialogue	train	name#0	And Anne is such an unromantic name	I am not interested in names.
dialogue	train	name#0	Anne is a real good plain sensible name	I am not interested in names.
dialogue	train	no#0	You’ve no need to be ashamed of it	Are you saying no just to be negative?
dialogue	val	i#6	Oh, I’m not ashamed of it	Is it because you are not ashamed of it that you came to me?
dialogue	train	i#11	only I like Cordelia better	You say only you like cordelia better?
dialogue	val	name#0	I’ve always imagined that my name was Cordelia--at least, I always have of late years	I am not interested in names.
dialogue	train	alike#0	When I was young I used to imagine it was Geraldine, but I like Cordelia better now	In what way?
dialogue	train	if#0	But if you call me Anne please call me Anne spelled with an E	Do you think its likely that I call you anne please call you anne spelled with an e?
dialogue	train	what#0	What difference does it make how it’s spelled	Why do you ask?
dialogue	train	xnone#0	Oh, it makes _such_ a difference	I'm not sure I understand you fully.
dialogue	train	xnone#0	It _looks_ so much nicer	I'm not sure I understand you fully.
dialogue	train	xnone#0	and A-n-n looks dreadful, but A-n-n-e looks so much more distinguished	I'm not sure I understand you fully.
dialogue	train	xnone#0	Spencer to bring us a boy	I'm not sure I understand you fully.
dialogue	train	no#0	Were there no boys at the asylum	Are you saying no just to be negative?
dialogue	train	yes#0	Oh, yes, there was an abundance of them	You seem to be quite positive.
dialogue	train	you#3	Spencer said _distinctly_ that you wanted a girl about eleven years old	We were discussing you -- not me.
dialogue	train	i#11	And the matron said she thought I would do	You say and the matron said she thought you would do?
dialogue	train	was#1	You don’t know how delighted I was	Were you really?
dialogue	train	i#11	I couldn’t sleep all last night for joy	You say you couldnt sleep all last night for joy?
dialogue	train	what#0	why didn’t you tell me at the station that you didn’t want me and leave me there	Why do you ask?
dialogue	val	what#0	What on earth does she mean	Why do you ask?
dialogue	train	xnone#0	She--she’s just referring to some conversation we had on the road	I'm not sure I understand you fully.
dialogue	val	i#6	I’m going out to put the mare in, Marilla	Is it because you are going out to put the mare in marilla that you came to me?
dialogue	train	what#0	Have tea ready when I come back	Why do you ask?
dialogue	train	you#3	Spencer bring anybody over besides you	We were discussing you -- not me.
dialogue	train	xnone#0	She brought Lily Jones for herself	I'm not sure I understand you fully.
dialogue	val	xnone#0	Lily is only five years old and she is very beautiful and had nut-brown hair	I'm not sure I understand you fully.
dialogue	train	if#0	If I was very beautiful and had nut-brown hair would you keep me	Do you think its likely that you was very beautiful and had nut brown hair would I keep you?
dialogue	train	xnone#0	We want a boy to help Matthew on the farm	I'm not sure I understand you fully.
dialogue	train	no#0	A girl would be of no use to us	Are you saying no just to be negative?
dialogue	train	your#0	Take off your hat	Why are you concerned over my hat?
dialogue	train	your#0	I’ll lay it and your bag on the hall table	Why are you concerned over my bag on the hall table?
dialogue	train	you#1	You’re not eating anything	What makes you think I am not eating anything?
dialogue	train	i#6	I’m in the depths of despair	Is it because you are in the depths of despair that you came to me?
dialogue	train	can#0	Can you eat when you are in the depths of despair	You believe I can eat what I are in the depths of despair don't you?
dialogue	train	i#7	I’ve never been in the depths of despair, so I can’t say	How do you think that you can't say?
dialogue	train	you#3	Well, did you ever try to _imagine_ you were in the depths of despair	We were discussing you -- not me.
dialogue	train	no#0	No, I didn’t	Are you saying no just to be negative?
dialogue	train	you#3	Then I don’t think you can understand what it’s like	We were discussing you -- not me.
dialogue	train	xnone#0	It’s a very uncomfortable feeling indeed	I'm not sure I understand you fully.
dialogue	train	i#11	I had one chocolate caramel once two years ago and it was simply delicious	You say you had one chocolate caramel once two years ago and it was simply delicious?
dialogue	train	i#7	I do hope you won’t be offended because I can’t eat	How do you think that you can't eat?
dialogue	train	i#7	Everything is extremely nice, but still I cannot eat	How do you think that you can't eat?
dialogue	train	i#11	I guess she’s tired	You say you guess shes tired?
dialogue	train	xnone#0	Best put her to bed, Marilla	I'm not sure I understand you fully.
dialogue	train	i#10	I suppose you have a nightgown	Perhaps in your fantasies we suppose each other.
dialogue	train	yes#0	Yes, I have two	You seem to be quite positive.
dialogue	train	xnone#0	The matron of the asylum made them for me	I'm not sure I understand you fully.
dialogue	train	xnone#0	They’re fearfully skimpy	I'm not sure I understand you fully.
dialogue	train	i#11	I hate skimpy night-dresses	You say you hate skimpy night dresses?
dialogue	train	you#3	Well, undress as quick as you can and go to bed	We were discussing you -- not me.
dialogue	train	xnone#0	I’ll come back in a few minutes for the candle	I'm not sure I understand you fully.
dialogue	val	i#10	I daren’t trust you to put it out yourself	Perhaps in your fantasies we darent trust each other.
dialogue	train	xnone#0	You’d likely set the place on fire	I'm not sure I understand you fully.
dialogue	train	xnone#0	Well, this is a pretty kettle of fish	I'm not sure I understand you fully.
dialogue	train	what#0	This is what comes of sending word instead of going ourselves	Why do you ask?
dialogue	train	xnone#0	Richard Spencer’s folks have twisted that message somehow	I'm not sure I understand you fully.
dialogue	train	xnone#0	One of us will have to drive over and see Mrs	I'm not sure I understand you fully.
dialogue	train	xnone#0	Spencer tomorrow, that’s certain	I'm not sure I understand you fully.
dialogue	train	xnone#0	This girl will have to be sent back to the asylum	I'm not sure I understand you fully.
dialogue	val	yes#0	Yes, I suppose so	You seem to be quite positive.
dialogue	train	you#3	You _suppose_ so	We were discussing you -- not me.
dialogue	train	you#3	Don’t you know it	We were discussing you -- not me.
dialogue	train	xnone#0	Well now, she’s a real nice little thing, Marilla	I'm not sure I understand you fully.
dialogue	train	what#0	It’s kind of a pity to send her back when she’s so set on staying here	Why do you ask?
dialogue	train	you#3	Matthew Cuthbert, you don’t mean to say you think we ought to keep her	We were discussing you -- not me.
dialogue	train	no#0	Well, now, no, I suppose not--not exactly	Are you saying no just to be negative?
dialogue	val	i#11	I suppose--we could hardly be expected to keep her	You say you suppose we could hardly be expected to keep her?
dialogue	train	i#11	I should say not	You say you should say not?
dialogue	train	what#0	What good would she be to us	Why do you ask?
dialogue	train	xnone#0	We might be some good to her	I'm not sure I understand you fully.
dialogue	val	you#3	Matthew Cuthbert, I believe that child has bewitched you	We were discussing you -- not me.
dialogue	train	i#10	I can see as plain as plain that you want to keep her	Perhaps in your fantasies we can see as plain as plain that each other.
dialogue	train	xnone#0	Well now, she’s a real interesting little thing	I'm not sure I understand you fully.
dialogue	train	you#3	You should have heard her talk coming from the station	We were discussing you -- not me.
dialogue	train	xnone#0	Oh, she can talk fast enough	I'm not sure I understand you fully.
dialogue	train	i#11	I saw that at once	You say you saw that at once?
dialogue	train	xnone#0	It’s nothing in her favor, either	I'm not sure I understand you fully.
dialogue	train	i#8	I don’t like children who have so much to say	Don't you really like children who have so much to say?
dialogue	train	if#0	I don’t want an orphan girl and if I did she isn’t the style I’d pick out	Do you think its likely that you did she isnt the style id pick out?
dialogue	train	i#8	There’s something I don’t understand about her	Don't you really understand about her?
dialogue	train	no#0	No, she’s got to be despatched straightway back to where she came from	Are you saying no just to be negative?
dialogue	train	i#11	I could hire a French boy to help me	You say you could hire a french boy to help you?
dialogue	val	you#3	and she’d be company for you	We were discussing you -- not me.
dialogue	train	i#6	I’m not suffering for company	Is it because you are not suffering for company that you came to me?
dialogue	train	i#6	And I’m not going to keep her	Is it because you are not going to keep her that you came to me?
dialogue	train	you#3	Well now, it’s just as you say, of course, Marilla	We were discussing you -- not me.
dialogue	train	i#6	I’m going to bed	Is it because you are going to bed that you came to me?
dialogue	train	you#3	It’s time you were dressed	We were discussing you -- not me.
dialogue	train	xnone#0	Oh, isn’t it wonderful	I'm not sure I understand you fully.
dialogue	train	xnone#0	It’s a big tree	I'm not sure I understand you fully.
dialogue	train	xnone#0	and it blooms great, but the fruit don’t amount to much never--small and wormy	I'm not sure I understand you fully.
dialogue	train	i#8	Oh, I don’t mean just the tree	Don't you really mean just the tree?
dialogue	val	if#0	Don’t you feel as if you just loved the world on a morning like this	Do you think its likely that I just loved the world on a morning like this?
dialogue	train	i#11	And I can hear the brook laughing all the way up here	You say and you can hear the brook laughing all the way up here?
dialogue	train	you#3	Have you ever noticed what cheerful things brooks are	We were discussing you -- not me.
dialogue	train	always#0	They’re always laughing	Can you think of a specific example?
dialogue	val	xnone#0	Even in winter-time I’ve heard them under the ice	I'm not sure I understand you fully.
dialogue	train	i#2	I’m so glad there’s a brook near Green Gables	How have I helped you to be glad?
dialogue	train	if#0	If there wasn’t a brook I’d be _haunted_ by the uncomfortable feeling that there ought to be one	Do you think its likely that there wasnt a brook id be haunted by the uncomfortable feeling that there ought to be one?
dialogue	train	i#6	I’m not in the depths of despair this morning	Is it because you are not in the depths of despair this morning that you came to me?
dialogue	train	i#11	I never can be in the morning	You say you never can be in the morning?
dialogue	train	are#1	Isn’t it a splendid thing that there are mornings	Did you think they might not be mornings?
dialogue	val	i#11	But I feel very sad	You say but you feel very sad?
dialogue	train	xnone#0	It was a great comfort while it lasted	I'm not sure I understand you fully.
dialogue	train	your#0	You’d better get dressed and come down-stairs and never mind your imaginings	Why are you concerned over my imaginings?
dialogue	train	xnone#0	Breakfast is waiting	I'm not sure I understand you fully.
dialogue	train	your#0	Wash your face and comb your hair	Why are you concerned over my face and comb my hair?
dialogue	train	your#0	Leave the window up and turn your bedclothes back over the foot of the bed	Why are you concerned over my bedclothes back over the foot of the bed?
dialogue	train	you#3	Be as smart as you can	We were discussing you -- not me.
dialogue	train	i#6	I’m pretty hungry this morning	Is it because you are pretty hungry this morning that you came to me?
dialogue	train	xnone#0	The world doesn’t seem such a howling wilderness as it did last night	I'm not sure I understand you fully.
dialogue	train	i#2	I’m so glad it’s a sunshiny morning	How have I helped you to be glad?
dialogue	train	i#11	But I like rainy mornings real well, too	You say but you like rainy mornings real well too?
dialogue	train	are#1	All sorts of mornings are interesting, don’t you think	Did you think they might not be interesting dont I think?
dialogue	train	you#3	You don’t know what’s going to happen through the day, and there’s so much scope for imagination	We were discussing you -- not me.
dialogue	train	i#11	I feel that I have a good deal to bear up under	You say you feel that you have a good deal to bear up under?
dialogue	val	your#0	For pity’s sake hold your tongue	Why are you concerned over my tongue?
dialogue	train	you#3	You talk entirely too much for a little girl	We were discussing you -- not me.
dialogue	train	can#0	Can you wash dishes right	You believe I can wash dishes right don't you?
dialogue	train	i#2	I’m better at looking after children, though	How have I helped you to be better?
dialogue	val	xnone#0	I’ve had so much experience at that	I'm not sure I understand you fully.
dialogue	train	you#2	It’s such a pity you haven’t any here for me to look after	Why do you think I havent any here for you?
dialogue	val	if#0	I don’t feel as if I wanted any more children to look after than I’ve got at present	Do you think its likely that you wanted any more children to look after than ive got at present?
dialogue	train	you#1	You’re_ problem enough in all conscience	What makes you think I am problem enough in all conscience?
dialogue	train	you#3	What’s to be done with you I don’t know	We were discussing you -- not me.
dialogue	train	xnone#0	Matthew is a most ridiculous man	I'm not sure I understand you fully.
dialogue	val	i#11	I think he’s lovely	You say you think hes lovely?
dialogue	train	xnone#0	He is so very sympathetic	I'm not sure I understand you fully.
dialogue	train	what#0	He didn’t mind how much I talked--he seemed to like it	Why do you ask?
dialogue	train	i#11	I felt that he was a kindred spirit as soon as ever I saw him	You say you felt that he was a kindred spirit as soon as ever you saw him?
dialogue	train	if#0	You’re both queer enough, if that’s what you mean by kindred spirits	Do you think its likely that thats what I mean by kindred spirits?
dialogue	train	yes#0	Yes, you may wash the dishes	You seem to be quite positive.
dialogue	train	you#3	Take plenty of hot water, and be sure you dry them well	We were discussing you -- not me.
dialogue	train	you#3	You’ll come with me and we’ll settle what’s to be done with you	We were discussing you -- not me.
dialogue	train	your#0	After you’ve finished the dishes go up-stairs and make your bed	Why are you concerned over my bed?
dialogue	train	i#8	I don’t dare go out	Don't you really dare go out?
dialogue	train	if#0	If I can’t stay here there is no use in my loving Green Gables	Do you think its likely that you cannot stay here there is no use in your loving green gables?
dialogue	train	i#11	It’s hard enough now, so I won’t make it any harder	You say its hard enough now so you wont make it any harder?
dialogue	train	xnone#0	Anne, Anne, we want a playmate’--but it’s better not	I'm not sure I understand you fully.
dialogue	train	if#0	There is no use in loving things if you have to be torn from them, is there	Do you think its likely that I have to be torn from them is there?
dialogue	train	xnone#0	And it’s so hard to keep from loving things, isn’t it	I'm not sure I understand you fully.
dialogue	train	was#1	That was why I was so glad when I thought I was going to live here	Were you really?
dialogue	train	i#11	I thought I’d have so many things to love and nothing to hinder me	You say you thought id have so many things to love and nothing to hinder you?
dialogue	train	dream#0	But that brief dream is over	What does that dream suggest to you?
dialogue	train	name#0	What is the name of that geranium on the window-sill, please	I am not interested in names.
dialogue	train	xnone#0	That’s the apple-scented geranium	I'm not sure I understand you fully.
dialogue	train	name#0	Oh, I don’t mean that sort of a name	I am not interested in names.
dialogue	train	name#0	I mean just a name you gave it yourself	I am not interested in names.
dialogue	train	name#0	Didn’t you give it a name	I am not interested in names.
dialogue	train	i#11	May I give it one then	You say may you give it one then?
dialogue	train	i#6	May I call it--let me see--Bonny would do--may I call it Bonny while I’m here	Is it because you are here that you came to me?
dialogue	train	xnone#0	Oh, do let me	I'm not sure I understand you fully.
dialogue	train	i#8	Goodness, I don’t care	Don't you really care?
dialogue	train	what#0	But where on earth is the sense of naming a geranium	Why do you ask?
dialogue	train	if#0	Oh, I like things to have handles even if they are only geraniums	Do you think its likely that they are only geraniums?
dialogue	train	xnone#0	It makes them seem more like people	I'm not sure I understand you fully.
dialogue	train	you#3	You wouldn’t like to be called nothing but a woman all the time	We were discussing you -- not me.
dialogue	train	yes#0	Yes, I shall call it Bonny	You seem to be quite positive.
dialogue	train	my#2	I named that cherry-tree outside my bedroom window this morning	Your bedroom window this morning?
dialogue	train	i#11	I called it Snow Queen because it was so white	You say you called it snow queen because it was so white?
dialogue	val	always#0	Of course, it won’t always be in blossom, but one can imagine that it is, can’t one	Can you think of a specific example?
dialogue	train	my#2	I never in all my life saw or heard anything to equal her	Your life saw or heard anything to equal her?
dialogue	train	xnone#0	She _is_ kind of interesting, as Matthew says	I'm not sure I understand you fully.
dialogue	train	i#6	I can feel already that I’m wondering what on earth she’ll say next	Is it because you are wondering what on earth shell say next that you came to me?
dialogue	train	xnone#0	She’ll be casting a spell over me, too	I'm not sure I understand you fully.
dialogue	train	xnone#0	She’s cast it over Matthew	I'm not sure I understand you fully.
dialogue	train	alike#0	I wish he was like other men and would talk things out	In what way?
dialogue	train	xnone#0	A body could answer back then and argue him into reason	I'm not sure I understand you fully.
dialogue	train	what#0	But what’s to be done with a man who just _looks	Why do you ask?
dialogue	train	i#11	I suppose I can have the mare and buggy this afternoon, Matthew	You say you suppose you can have the mare and buggy this afternoon matthew?
dialogue	train	i#6	I’m going to drive over to White Sands and settle this thing	Is it because you are going to drive over to white sands and settle this thing that you came to me?
dialogue	train	xnone#0	I’ll take Anne with me and Mrs	I'm not sure I understand you fully.
dialogue	train	xnone#0	Spencer will probably make arrangements to send her back to Nova Scotia at once	I'm not sure I understand you fully.
dialogue	train	your#0	I’ll set your tea out for you and I’ll be home in time to milk the cows	Why are you concerned over my tea out for I and ill be home in time to milk the cows?
dialogue	train	my#2	I’ve made up my mind to enjoy this drive	Your mind to enjoy this drive?
dialogue	train	you#3	Of course, you must make it up _firmly	We were discussing you -- not me.
dialogue	train	i#6	I am not going to think about going back to the asylum while we’re having our drive	Is it because you are not going to think about going back to the asylum while was having our drive that you came to me?
dialogue	train	i#6	I’m just going to think about the drive	Is it because you are just going to think about the drive that you came to me?
dialogue	train	xnone#0	Oh, look, there’s one little early wild rose out	I'm not sure I understand you fully.
dialogue	train	xnone#0	Isn’t it lovely	I'm not sure I understand you fully.
dialogue	train	you#3	Don’t you think it must be glad to be a rose	We were discussing you -- not me.
dialogue	train	if#0	Wouldn’t it be nice if roses could talk	Do you think its likely that roses could talk?
dialogue	train	i#6	I’m sure they could tell us such lovely things	Is it because you are sure they could tell us such lovely things that you came to me?
dialogue	train	xnone#0	And isn’t pink the most bewitching color in the world	I'm not sure I understand you fully.
dialogue	val	i#7	I love it, but I can’t wear it	How do you think that you can't wear it?
dialogue	train	xnone#0	Redheaded people can’t wear pink, not even in imagination	I'm not sure I understand you fully.
dialogue	train	no#0	No, I don’t know as I ever did	Are you saying no just to be negative?
dialogue	val	i#11	and I shouldn’t think it likely to happen in your case either	You say and you shouldnt think it likely to happen in my case either?
dialogue	train	xnone#0	Well, that is another hope gone	I'm not sure I understand you fully.
dialogue	train	my#2	My life is a perfect graveyard of buried hopes	Your life is a perfect graveyard of buried hopes?
dialogue	train	i#8	I don’t see where the comforting comes in myself	Don't you really see where the comforting comes in yourself?
dialogue	train	i#2	I’m rather glad I have one	How have I helped you to be glad?
dialogue	train	are#1	Are we going across the Lake of Shining Waters today	Did you think they might not be we going across the lake of shining waters today?
dialogue	train	if#0	We’re not going over Barry’s pond, if that’s what you mean by your Lake of Shining Waters	Do you think its likely that thats what I mean by my lake of shining waters?
dialogue	train	xnone#0	We’re going by the shore road	I'm not sure I understand you fully.
dialogue	train	xnone#0	Shore road sounds nice	I'm not sure I understand you fully.
dialogue	train	xnone#0	Is it as nice as it sounds	I'm not sure I understand you fully.
dialogue	train	name#0	And White Sands is a pretty name, too	I am not interested in names.
dialogue	val	i#8	but I don’t like it as well as Avonlea	Don't you really like it as well as avonlea?
dialogue	train	name#0	Avonlea is a lovely name	I am not interested in names.
dialogue	train	xnone#0	It just sounds like music	I'm not sure I understand you fully.
dialogue	train	what#0	How far is it to White Sands	Why do you ask?
dialogue	train	xnone#0	It’s five miles	I'm not sure I understand you fully.
dialogue	train	what#0	Oh, what I _know_ about myself isn’t really worth telling	Why do you ask?
dialogue	train	no#0	No, I don’t want any of your imaginings	Are you saying no just to be negative?
dialogue	train	you#3	Just you stick to bald facts	We were discussing you -- not me.
dialogue	train	xnone#0	Begin at the beginning	I'm not sure I understand you fully.
dialogue	val	was#2	Where were you born and how old are you	Would you like to believe I was born and what old are I?
dialogue	train	was#1	I was eleven last March	Were you really?
dialogue	train	was#1	And I was born in Bolingbroke, Nova Scotia	Were you really?
dialogue	val	name#0	My father’s name was Walter Shirley, and he was a teacher in the Bolingbroke High School	I am not interested in names.
dialogue	val	name#0	My mother’s name was Bertha Shirley	I am not interested in names.
dialogue	train	xnone#0	Aren’t Walter and Bertha lovely names	I'm not sure I understand you fully.
dialogue	train	my#2	I’m so glad my parents had nice names	Your parents had nice names?
dialogue	train	xnone#0	It would be a real disgrace to have a father named--well, say Jedediah, wouldn’t it	I'm not sure I understand you fully.
dialogue	train	name#0	I guess it doesn’t matter what a person’s name is as long as he behaves himself	I am not interested in names.
dialogue	train	i#8	Well, I don’t know	Don't you really know?
dialogue	train	if#0	I suppose my father could have been a good man even if he had been called Jedediah	Do you think its likely that he had been called jedediah?
dialogue	train	i#6	but I’m sure it would have been a cross	Is it because you are sure it would have been a cross that you came to me?
dialogue	train	xnone#0	A husband was enough responsibility	I'm not sure I understand you fully.
dialogue	train	xnone#0	Thomas said that they were a pair of babies and as poor as church mice	I'm not sure I understand you fully.
dialogue	train	xnone#0	They went to live in a weeny-teeny little yellow house in Bolingbroke	I'm not sure I understand you fully.
dialogue	train	xnone#0	I’ve never seen that house, but I’ve imagined it thousands of times	I'm not sure I understand you fully.
dialogue	train	yes#0	Yes, and muslin curtains in all the windows	You seem to be quite positive.
dialogue	val	xnone#0	Muslin curtains give a house such an air	I'm not sure I understand you fully.
dialogue	train	was#1	I was born in that house	Were you really?
dialogue	train	i#2	I’m glad she was satisfied with me anyhow	How have I helped you to be glad?
dialogue	train	was#1	She died of fever when I was just three months old	Were you really?
dialogue	train	i#11	I do wish she’d lived long enough for me to remember calling her mother	You say you do wish shed lived long enough for you to remember calling her mother?
dialogue	train	you#3	I think it would be so sweet to say ‘mother,’ don’t you	We were discussing you -- not me.
dialogue	train	xnone#0	And father died four days afterwards from fever too	I'm not sure I understand you fully.
dialogue	train	xnone#0	That left me an orphan and folks were at their wits’ end, so Mrs	I'm not sure I understand you fully.
dialogue	train	what#0	Thomas said, what to do with me	Why do you ask?
dialogue	train	everyone#0	You see, nobody wanted me even then	Really, nobody?
dialogue	train	my#2	It seems to be my fate	Your fate?
dialogue	train	xnone#0	Thomas said she’d take me, though she was poor and had a drunken husband	I'm not sure I understand you fully.
dialogue	train	xnone#0	She brought me up by hand	I'm not sure I understand you fully.
dialogue	train	was#1	Because whenever I was naughty Mrs	Were you really?
dialogue	train	was#1	Thomas moved away from Bolingbroke to Marysville, and I lived with them until I was eight years old	Were you really?
dialogue	train	xnone#0	Thomas was killed falling under a train and his mother offered to take Mrs	I'm not sure I understand you fully.
dialogue	train	xnone#0	Thomas and the children, but she didn’t want me	I'm not sure I understand you fully.
dialogue	train	what#0	Thomas was at _her_ wits’ end, so she said, what to do with me	Why do you ask?
dialogue	train	xnone#0	It was a very lonesome place	I'm not sure I understand you fully.
dialogue	train	if#0	I’m sure I could never have lived there if I hadn’t had an imagination	Do you think its likely that you hadnt had an imagination?
dialogue	train	xnone#0	Hammond worked a little sawmill up there, and Mrs	I'm not sure I understand you fully.
dialogue	val	xnone#0	Hammond had eight children	I'm not sure I understand you fully.
dialogue	train	xnone#0	She had twins three times	I'm not sure I understand you fully.
dialogue	val	i#11	I like babies in moderation, but twins three times in succession is _too much	You say you like babies in moderation but twins three times in succession is too much?
dialogue	val	i#11	I told Mrs	You say you told mrs?
dialogue	train	what#0	Hammond so firmly, when the last pair came	Why do you ask?
dialogue	train	i#11	I used to get so dreadfully tired carrying them about	You say you used to get so dreadfully tired carrying them about?
dialogue	val	i#11	I lived up river with Mrs	You say you lived up river with mrs?
dialogue	val	xnone#0	Hammond over two years, and then Mr	I'm not sure I understand you fully.
dialogue	train	xnone#0	Hammond died and Mrs	I'm not sure I understand you fully.
dialogue	train	xnone#0	Hammond broke up housekeeping	I'm not sure I understand you fully.
dialogue	val	xnone#0	She divided her children among her relatives and went to the States	I'm not sure I understand you fully.
dialogue	train	everyone#0	I had to go to the asylum at Hopeton, because nobody would take me	Really, nobody?
dialogue	train	xnone#0	They didn’t want me at the asylum, either	I'm not sure I understand you fully.
dialogue	train	xnone#0	they said they were overcrowded as it was	I'm not sure I understand you fully.
dialogue	train	was#1	But they had to take me and I was there four months until Mrs	Were you really?
dialogue	val	you#3	Did you ever go to school	We were discussing you -- not me.
dialogue	train	xnone#0	Not a great deal	I'm not sure I understand you fully.
dialogue	train	i#11	I went a little the last year I stayed with Mrs	You say you went a little the last year you stayed with mrs?
dialogue	train	was#1	But of course I went while I was at the asylum	Were you really?
dialogue	train	you#3	Don’t you just love poetry that gives you a crinkly feeling up and down your back	We were discussing you -- not me.
dialogue	train	xnone#0	There is a piece in the Fifth Reader--‘The Downfall of Poland’--that is just full of thrills	I'm not sure I understand you fully.
dialogue	train	xnone#0	Were those women--Mrs	I'm not sure I understand you fully.
dialogue	train	xnone#0	Thomas and Mrs	I'm not sure I understand you fully.
dialogue	train	you#3	Hammond--good to you	We were discussing you -- not me.
dialogue	train	i#11	Oh, they _meant_ to be--I know they meant to be just as good and kind as possible	You say oh they meant to be you know they meant to be just as good and kind as possible?
dialogue	train	always#0	And when people mean to be good to you, you don’t mind very much when they’re not quite--always	Can you think of a specific example?
dialogue	train	you#3	They had a good deal to worry them, you know	We were discussing you -- not me.
dialogue	train	you#3	It’s very trying to have a drunken husband, you see	We were discussing you -- not me.
dialogue	train	you#3	and it must be very trying to have twins three times in succession, don’t you think	We were discussing you -- not me.
dialogue	train	i#11	But I feel sure they meant to be good to me	You say but you feel sure they meant to be good to you?
dialogue	train	xnone#0	She’s got too much to say	I'm not sure I understand you fully.
dialogue	train	xnone#0	but she might be trained out of that	I'm not sure I understand you fully.
dialogue	train	what#0	And there’s nothing rude or slangy in what she does say	Why do you ask?
dialogue	train	xnone#0	It’s likely her people were nice folks	I'm not sure I understand you fully.
dialogue	train	xnone#0	woodsy and wild and lonesome	I'm not sure I understand you fully.
dialogue	train	xnone#0	Isn’t the sea wonderful	I'm not sure I understand you fully.
dialogue	train	what#0	Once, when I lived in Marysville, Mr	Why do you ask?
dialogue	train	dream#0	I lived it over in happy dreams for years	What does that dream suggest to you?
dialogue	train	xnone#0	But this shore is nicer than the Marysville shore	I'm not sure I understand you fully.
dialogue	train	xnone#0	Aren’t those gulls splendid	I'm not sure I understand you fully.
dialogue	train	you#3	Would you like to be a gull	We were discussing you -- not me.
dialogue	train	if#0	I think I would--that is, if I couldn’t be a human girl	Do you think its likely that you couldnt be a human girl?
dialogue	train	xnone#0	and then at night to fly back to one’s nest	I'm not sure I understand you fully.
dialogue	val	i#11	Oh, I can just imagine myself doing it	You say oh you can just imagine yourself doing it?
dialogue	val	what#0	What big house is that just ahead, please	Why do you ask?
dialogue	train	xnone#0	That’s the White Sands Hotel	I'm not sure I understand you fully.
dialogue	train	xnone#0	Kirke runs it, but the season hasn’t begun yet	I'm not sure I understand you fully.
dialogue	train	are#1	There are heaps of Americans come there for the summer	Did you think they might not be heaps of americans come there for the summer?
dialogue	train	xnone#0	They think this shore is just about right	I'm not sure I understand you fully.
dialogue	train	was#1	I was afraid it might be Mrs	Were you really?
dialogue	train	i#8	I don’t want to get there	Don't you really want to get there?
dialogue	train	xnone#0	Somehow, it will seem like the end of everything	I'm not sure I understand you fully.
dialogue	train	was#1	you’re the last folks I was looking for today, but I’m real glad to see you	Were you really?
dialogue	val	your#0	You’ll put your horse in	Why are you concerned over my horse in?
dialogue	train	what#0	And how are you, Anne	Why do you ask?
dialogue	train	i#6	I’m as well as can be expected, thank you	Is it because you are as well as can be expected thank I that you came to me?
dialogue	train	i#11	I suppose we’ll stay a little while to rest the mare	You say you suppose well stay a little while to rest the mare?
dialogue	train	i#11	but I promised Matthew I’d be home early	You say but you promised matthew id be home early?
dialogue	train	xnone#0	The fact is, Mrs	I'm not sure I understand you fully.
dialogue	train	what#0	Spencer, there’s been a queer mistake somewhere, and I’ve come over to see where it is	Why do you ask?
dialogue	val	i#10	We sent word, Matthew and I, for you to bring us a boy from the asylum	Perhaps in your fantasies we for each other.
dialogue	train	your#0	We told your brother Robert to tell you we wanted a boy ten or eleven years old	Why are you concerned over my brother robert to tell I we wanted a boy ten or eleven years old?
dialogue	train	you#3	Marilla Cuthbert, you don’t say so	We were discussing you -- not me.
dialogue	train	yes#0	She certainly did, Miss Cuthbert	You seem to be quite positive.
dialogue	train	i#6	I’m dreadful sorry	Is it because you are dreadful sorry that you came to me?
dialogue	train	xnone#0	It’s too bad	I'm not sure I understand you fully.
dialogue	train	my#2	but it certainly wasn’t my fault, you see, Miss Cuthbert	Your fault I see miss cuthbert?
dialogue	train	was#1	I did the best I could and I thought I was following your instructions	Were you really?
dialogue	train	xnone#0	Nancy is a terrible flighty thing	I'm not sure I understand you fully.
dialogue	train	xnone#0	I’ve often had to scold her well for her heedlessness	I'm not sure I understand you fully.
dialogue	train	xnone#0	It was our own fault	I'm not sure I understand you fully.
dialogue	train	xnone#0	Anyhow, the mistake has been made and the only thing to do now is to set it right	I'm not sure I understand you fully.
dialogue	train	xnone#0	Can we send the child back to the asylum	I'm not sure I understand you fully.
dialogue	train	i#11	I suppose they’ll take her back, won’t they	You say you suppose theyll take her back wont they?
dialogue	train	i#8	but I don’t think it will be necessary to send her back	Don't you really think it will be necessary to send her back?
dialogue	train	you#3	Peter has a large family, you know, and she finds it hard to get help	We were discussing you -- not me.
dialogue	train	xnone#0	Anne will be the very girl for her	I'm not sure I understand you fully.
dialogue	train	i#11	I call it positively providential	You say you call it positively providential?
dialogue	train	xnone#0	A terrible worker and driver	I'm not sure I understand you fully.
dialogue	train	xnone#0	Well, I’ll go in and we’ll talk the matter over	I'm not sure I understand you fully.
dialogue	train	if#0	And if there isn’t Mrs	Do you think its likely that there isnt mrs?
dialogue	train	xnone#0	Peter coming up the lane this blessed minute	I'm not sure I understand you fully.
dialogue	train	xnone#0	That is real lucky, for we can settle the matter right away	I'm not sure I understand you fully.
dialogue	train	xnone#0	Take the armchair, Miss Cuthbert	I'm not sure I understand you fully.
dialogue	train	you#3	Anne, you sit here on the ottoman and don’t wriggle	We were discussing you -- not me.
dialogue	train	your#0	Let me take your hats	Why are you concerned over my hats?
dialogue	train	xnone#0	Flora Jane, go out and put the kettle on	I'm not sure I understand you fully.
dialogue	train	xnone#0	Good afternoon, Mrs	I'm not sure I understand you fully.
dialogue	train	was#2	We were just saying how fortunate it was you happened along	Would you like to believe I was happened along?
dialogue	train	you#3	Let me introduce you two ladies	We were discussing you -- not me.
dialogue	train	xnone#0	Blewett, Miss Cuthbert	I'm not sure I understand you fully.
dialogue	train	xnone#0	Please excuse me for just a moment	I'm not sure I understand you fully.
dialogue	train	i#11	I forgot to tell Flora Jane to take the buns out of the oven	You say you forgot to tell flora jane to take the buns out of the oven?
dialogue	train	xnone#0	It seems there’s been a mistake about this little girl, Mrs	I'm not sure I understand you fully.
dialogue	train	was#1	I was under the impression that Mr	Were you really?
dialogue	train	xnone#0	and Miss Cuthbert wanted a little girl to adopt	I'm not sure I understand you fully.
dialogue	train	was#1	I was certainly told so	Were you really?
dialogue	train	xnone#0	But it seems it was a boy they wanted	I'm not sure I understand you fully.
dialogue	train	name#0	How old are you and what’s your name	I am not interested in names.
dialogue	train	i#6	and I’m eleven years old	Is it because you are eleven years old that you came to me?
dialogue	val	if#0	You don’t look as if there was much to you	Do you think its likely that there was much to I?
dialogue	train	you#1	But you’re wiry	What makes you think I am wiry?
dialogue	train	i#8	I don’t know but the wiry ones are the best after all	Don't you really know but the wiry ones are the best after all?
dialogue	train	if#0	Well, if I take you you’ll have to be a good girl, you know--good and smart and respectful	Do you think its likely that you take I youll have to be a good girl I know good and smart and respectful?
dialogue	train	you#3	I’ll expect you to earn your keep, and no mistake about that	We were discussing you -- not me.
dialogue	train	yes#0	Yes, I suppose I might as well take her off your hands, Miss Cuthbert	You seem to be quite positive.
dialogue	train	i#6	The baby’s awful fractious, and I’m clean worn out attending to him	Is it because you are clean worn out attending to him that you came to me?
dialogue	train	if#0	If you like I can take her right home now	Do you think its likely that I like you can take her right home now?
dialogue	train	i#11	I didn’t say that Matthew and I had absolutely decided that we wouldn’t keep her	You say you didnt say that matthew and you had absolutely decided that we wouldnt keep her?
dialogue	train	i#11	In fact, I may say that Matthew is disposed to keep her	You say in fact you may say that matthew is disposed to keep her?
dialogue	train	i#11	I just came over to find out how the mistake had occurred	You say you just came over to find out what the mistake had occurred?
dialogue	train	i#11	I think I’d better take her home again and talk it over with Matthew	You say you think id better take her home again and talk it over with matthew?
dialogue	train	i#11	I feel that I oughtn’t to decide on anything without consulting him	You say you feel that you oughtnt to decide on anything without consulting him?
dialogue	train	if#0	If we don’t you may know that she is going to stay with us	Do you think its likely that we dont I may know that she is going to stay with us?
dialogue	train	you#3	Will that suit you, Mrs	We were discussing you -- not me.
dialogue	val	i#11	I suppose it’ll have to	You say you suppose itll have to?
dialogue	train	you#2	Oh, Miss Cuthbert, did you really say that perhaps you would let me stay at Green Gables	Why do you think I really say that perhaps I would let you?
dialogue	train	you#3	Did you really say it	We were discussing you -- not me.
dialogue	train	i#10	Or did I only imagine that you did	Perhaps in your fantasies we only imagine that each other.
dialogue	train	yes#0	Yes, you did hear me say just that and no more	You seem to be quite positive.
dialogue	train	xnone#0	Christmas won’t be Christmas without any presents	I'm not sure I understand you fully.
dialogue	train	xnone#0	It’s so dreadful to be poor	I'm not sure I understand you fully.
dialogue	train	xnone#0	We’ve got Father and Mother, and each other	I'm not sure I understand you fully.
dialogue	train	xnone#0	We haven’t got Father, and shall not have him for a long time	I'm not sure I understand you fully.
dialogue	train	xnone#0	We can’t do much, but we can make our little sacrifices, and ought to do it gladly	I'm not sure I understand you fully.
dialogue	train	i#6	But I am afraid I don’t	Is it because you are afraid you dont that you came to me?
dialogue	train	i#8	But I don’t think the little we should spend would do any good	Don't you really think the little we should spend would do any good?
dialogue	train	xnone#0	We’ve each got a dollar, and the army wouldn’t be much helped by our giving that	I'm not sure I understand you fully.
dialogue	train	xnone#0	I’ve wanted it so long	I'm not sure I understand you fully.
dialogue	train	i#11	I planned to spend mine in new music	You say you planned to spend mine in new music?
dialogue	train	i#11	I shall get a nice box of Faber’s drawing pencils	You say you shall get a nice box of fabers drawing pencils?
dialogue	train	i#11	I really need them	You say you really need them?
dialogue	train	xnone#0	Mother didn’t say anything about our money, and she won’t wish us to give up everything	I'm not sure I understand you fully.
dialogue	train	what#0	Let’s each buy what we want, and have a little fun	Why do you ask?
dialogue	val	i#6	I’m sure we work hard enough to earn it	Is it because you are sure we work hard enough to earn it that you came to me?
dialogue	train	i#6	I know I do—teaching those tiresome children nearly all day, when I’m longing to enjoy myself at home	Is it because you are longing to enjoy yourself at home that you came to me?
dialogue	train	you#3	You don’t have half such a hard time as I do	We were discussing you -- not me.
dialogue	train	my#2	It makes me cross, and my hands get so stiff, I can’t practice well at all	Your hands get so stiff you cannot practice well at all?
dialogue	train	you#3	I don’t believe any of you suffer as I do	We were discussing you -- not me.
dialogue	train	i#10	I know what I mean, and you needn’t be statirical about it	Perhaps in your fantasies we know what you mean and each other.
dialogue	train	your#0	It’s proper to use good words, and improve your vocabilary	Why are you concerned over my vocabilary?
dialogue	train	xnone#0	Don’t peck at one another, children	I'm not sure I understand you fully.
dialogue	train	you#3	Don’t you wish we had the money Papa lost when we were little, Jo	We were discussing you -- not me.
dialogue	train	if#0	How happy and good we’d be, if we had no worries	Do you think its likely that we had no worries?
dialogue	train	i#11	So I did, Beth	You say so you did beth?
dialogue	train	i#11	Well, I think we are	You say well you think we are?
dialogue	train	xnone#0	Jo does use such slang words	I'm not sure I understand you fully.
dialogue	train	xnone#0	It’s so boyish	I'm not sure I understand you fully.
dialogue	train	what#0	That’s why I do it	Why do you ask?
dialogue	train	i#11	I detest rude, unladylike girls	You say you detest rude unladylike girls?
dialogue	train	i#11	I hate affected, niminy-piminy chits	You say you hate affected niminy piminy chits?
dialogue	train	xnone#0	Birds in their little nests agree	I'm not sure I understand you fully.
dialogue	train	you#1	Really, girls, you are both to be blamed	What makes you think I am both to be blamed?
dialogue	train	you#1	You are old enough to leave off boyish tricks, and to behave better, Josephine	What makes you think I am old enough to leave off boyish tricks and to behave better josephine?
dialogue	train	if#0	And if turning up my hair makes me one, I’ll wear it in two tails till I’m twenty	Do you think its likely that turning up your hair makes you one ill wear it in two tails till you are twenty?
dialogue	train	alike#0	It’s bad enough to be a girl, anyway, when I like boy’s games and work and manners	In what way?
dialogue	train	my#2	I can’t get over my disappointment in not being a boy	Your disappointment in not being a boy?
dialogue	train	i#6	And it’s worse than ever now, for I’m dying to go and fight with Papa	Is it because you are dying to go and fight with papa that you came to me?
dialogue	train	i#11	And I can only stay home and knit, like a poky old woman	You say and you can only stay home and knit like a poky old woman?
dialogue	train	xnone#0	It’s too bad, but it can’t be helped	I'm not sure I understand you fully.
dialogue	train	name#0	So you must try to be contented with making your name boyish, and playing brother to us girls	I am not interested in names.
dialogue	val	you#3	As for you, Amy	We were discussing you -- not me.
dialogue	train	you#1	you are altogether too particular and prim	What makes you think I am altogether too particular and prim?
dialogue	val	if#0	Your airs are funny now, but you’ll grow up an affected little goose, if you don’t take care	Do you think its likely that I dont take care?
dialogue	train	i#10	I like your nice manners and refined ways of speaking, when you don’t try to be elegant	Perhaps in your fantasies we like my nice manners and refined ways of speaking what each other.
dialogue	val	your#0	But your absurd words are as bad as Jo’s slang	Why are you concerned over my absurd words are as bad as jos slang?
dialogue	train	if#0	If Jo is a tomboy and Amy a goose, what am I, please	Do you think its likely that jo is a tomboy and amy a goose what are you please?
dialogue	val	you#1	You’re a dear, and nothing else	What makes you think I am a dear and nothing else?
dialogue	train	are#1	They are quite worn out	Did you think they might not be quite worn out?
dialogue	train	xnone#0	Marmee must have a new pair	I'm not sure I understand you fully.
dialogue	train	my#2	I thought I’d get her some with my dollar	Your dollar?
dialogue	train	no#0	No, I shall	Are you saying no just to be negative?
dialogue	train	i#6	I’m the oldest	Is it because you are the oldest that you came to me?
dialogue	val	you#3	I’ll tell you what we’ll do	We were discussing you -- not me.
dialogue	train	xnone#0	let’s each get her something for Christmas, and not get anything for ourselves	I'm not sure I understand you fully.
dialogue	train	you#3	That’s like you, dear	We were discussing you -- not me.
dialogue	train	what#0	What will we get	Why do you ask?
dialogue	train	i#11	I shall give her a nice pair of gloves	You say you shall give her a nice pair of gloves?
dialogue	train	xnone#0	Army shoes, best to be had	I'm not sure I understand you fully.
dialogue	val	xnone#0	Some handkerchiefs, all hemmed	I'm not sure I understand you fully.
dialogue	val	xnone#0	I’ll get a little bottle of cologne	I'm not sure I understand you fully.
dialogue	train	my#2	She likes it, and it won’t cost much, so I’ll have some left to buy my pencils	Your pencils?
dialogue	train	what#0	How will we give the things	Why do you ask?
dialogue	train	xnone#0	Put them on the table, and bring her in and see her open the bundles	I'm not sure I understand you fully.
dialogue	train	you#3	Don’t you remember how we used to do on our birthdays	We were discussing you -- not me.
dialogue	train	are#1	Let Marmee think we are getting things for ourselves, and then surprise her	Did you think they might not be getting things for ourselves and then surprise her?
dialogue	train	xnone#0	We must go shopping tomorrow afternoon, Meg	I'm not sure I understand you fully.
dialogue	train	xnone#0	There is so much to do about the play for Christmas night	I'm not sure I understand you fully.
dialogue	train	i#8	I don’t mean to act any more after this time	Don't you really mean to act any more after this time?
dialogue	val	i#6	I’m getting too old for such things	Is it because you are getting too old for such things that you came to me?
dialogue	train	xnone#0	We ought to rehearse tonight	I'm not sure I understand you fully.
dialogue	val	you#1	Come here, Amy, and do the fainting scene, for you are as stiff as a poker in that	What makes you think I am as stiff as a poker in that?
dialogue	train	i#7	I can’t help it	How do you think that you can't help it?
dialogue	val	if#0	If I can go down easily, I’ll drop	Do you think its likely that you can go down easily ill drop?
dialogue	train	if#0	If I can’t, I shall fall into a chair and be graceful	Do you think its likely that you cannot you shall fall into a chair and be graceful?
dialogue	train	if#0	I don’t care if Hugo does come at me with a pistol	Do you think its likely that hugo does come at you with a pistol?
dialogue	train	xnone#0	Do it this way	I'm not sure I understand you fully.
dialogue	train	your#0	Clasp your hands so, and stagger across the room, crying frantically, ‘Roderigo	Why are you concerned over my hands so and stagger across the room crying frantically roderigo?
dialogue	train	no#0	It’s no use	Are you saying no just to be negative?
dialogue	train	if#0	Do the best you can when the time comes, and if the audience laughs, don’t blame me	Do you think its likely that the audience laughs dont blame you?
dialogue	train	xnone#0	Come on, Meg	I'm not sure I understand you fully.
dialogue	train	xnone#0	It’s the best we’ve had yet	I'm not sure I understand you fully.
dialogue	train	i#8	I don’t see how you can write and act such splendid things, Jo	Don't you really see what I can write and act such splendid things jo?
dialogue	val	you#1	You’re a regular Shakespeare	What makes you think I am a regular shakespeare?
dialogue	train	always#0	I always wanted to do the killing part	Can you think of a specific example?
dialogue	train	i#11	Is that a dagger that I see before me	You say is that a dagger that you see before you?
dialogue	train	no#0	No, it’s the toasting fork, with Mother’s shoe on it instead of the bread	Are you saying no just to be negative?
dialogue	train	my#2	Glad to find you so merry, my girls	Your girls?
dialogue	train	what#0	Well, dearies, how have you got on today	Why do you ask?
dialogue	train	xnone#0	Has anyone called, Beth	I'm not sure I understand you fully.
dialogue	train	what#0	How is your cold, Meg	Why do you ask?
dialogue	val	you#3	Jo, you look tired to death	We were discussing you -- not me.
dialogue	train	xnone#0	Come and kiss me, baby	I'm not sure I understand you fully.
dialogue	train	you#3	I’ve got a treat for you after supper	We were discussing you -- not me.
dialogue	train	xnone#0	Three cheers for Father	I'm not sure I understand you fully.
dialogue	train	yes#0	Yes, a nice long letter	You seem to be quite positive.
dialogue	train	xnone#0	He is well, and thinks he shall get through the cold season better than we feared	I'm not sure I understand you fully.
dialogue	train	you#3	He sends all sorts of loving wishes for Christmas, and an especial message to you girls	We were discussing you -- not me.
dialogue	train	xnone#0	Hurry and get done	I'm not sure I understand you fully.
dialogue	val	your#0	Don’t stop to quirk your little finger and simper over your plate, Amy	Why are you concerned over my little finger and simper over my plate amy?
dialogue	train	name#0	Don’t I wish I could go as a drummer, a vivan—what’s its name	I am not interested in names.
dialogue	train	i#11	Or a nurse, so I could be near him and help him	You say or a nurse so you could be near him and help him?
dialogue	train	what#0	When will he come home, Marmee	Why do you ask?
dialogue	train	xnone#0	Not for many months, dear, unless he is sick	I'm not sure I understand you fully.
dialogue	train	xnone#0	Now come and hear the letter	I'm not sure I understand you fully.
dialogue	train	my#2	Give them all of my dear love and a kiss	Your dear love and a kiss?
dialogue	train	i#6	I am a selfish girl	Is it because you are a selfish girl that you came to me?
dialogue	val	xnone#0	But I’ll truly try to be better, so he mayn’t be disappointed in me by-and-by	I'm not sure I understand you fully.
dialogue	train	xnone#0	We all will	I'm not sure I understand you fully.
dialogue	train	remember#1	Do you remember how you used to play Pilgrims Progress when you were little things	Did you think I would forget what I used to play pilgrims progress what I was little things?
dialogue	train	i#11	I liked the place where the bundles fell off and tumbled downstairs	You say you liked the place where the bundles fell off and tumbled downstairs?
dialogue	train	if#0	If I wasn’t too old for such things, I’d rather like to play it over again	Do you think its likely that you wasnt too old for such things id rather like to play it over again?
dialogue	train	what#0	Where are our bundles	Why do you ask?
dialogue	train	you#3	Each of you told what your burden was just now, except Beth	We were discussing you -- not me.
dialogue	train	i#11	I rather think she hasn’t got any	You say you rather think she hasnt got any?
dialogue	train	yes#0	Yes, I have	You seem to be quite positive.
dialogue	train	xnone#0	Mine is dishes and dusters, and envying girls with nice pianos, and being afraid of people	I'm not sure I understand you fully.
dialogue	train	xnone#0	Let us do it	I'm not sure I understand you fully.
dialogue	train	xnone#0	We ought to have our roll of directions, like Christian	I'm not sure I understand you fully.
dialogue	train	what#0	What shall we do about that	Why do you ask?
dialogue	val	your#0	Look under your pillows Christmas morning, and you will find your guidebook	Why are you concerned over my pillows christmas morning and I will find my guidebook?
dialogue	train	xnone#0	Mother wants us to read and love and mind these books, and we must begin at once	I'm not sure I understand you fully.
dialogue	train	what#0	How good Meg is	Why do you ask?
dialogue	train	xnone#0	Come, Amy, let’s do as they do	I'm not sure I understand you fully.
dialogue	train	if#0	I’ll help you with the hard words, and they’ll explain things if we don’t understand	Do you think its likely that we dont understand?
dialogue	train	i#2	I’m glad mine is blue	How have I helped you to be glad?
dialogue	train	what#0	Where is Mother	Why do you ask?
dialogue	train	xnone#0	Goodness only knows	I'm not sure I understand you fully.
dialogue	val	your#0	Some poor creeter came a-beggin’, and your ma went straight off to see what was needed	Why are you concerned over my ma went straight off to see what was needed?
dialogue	train	xnone#0	There never was such a woman for givin’ away vittles and drink, clothes and firin	I'm not sure I understand you fully.
dialogue	train	i#11	She will be back soon, I think, so fry your cakes, and have everything ready	You say she will be back soon you think so fry my cakes and have everything ready?
dialogue	train	what#0	Why, where is Amy’s bottle of cologne	Why do you ask?
dialogue	train	my#2	How nice my handkerchiefs look, don’t they	Your handkerchiefs look dont they?
dialogue	train	i#11	Hannah washed and ironed them for me, and I marked them all myself	You say hannah washed and ironed them for you and you marked them all yourself?
dialogue	train	xnone#0	Bless the child	I'm not sure I understand you fully.
dialogue	train	xnone#0	She’s gone and put ‘Mother’ on them instead of ‘M	I'm not sure I understand you fully.
dialogue	train	xnone#0	Isn’t that right	I'm not sure I understand you fully.
dialogue	train	i#11	I thought it was better to do it so, because Meg’s initials are M	You say you thought it was better to do it so because megs initials are m?
dialogue	train	i#8	and I don’t want anyone to use these but Marmee	Don't you really want anyone to use these but marmee?
dialogue	val	i#11	It will please her very much, I know	You say it will please her very much you know?
dialogue	train	xnone#0	Hide the basket, quick	I'm not sure I understand you fully.
dialogue	train	what#0	Where have you been, and what are you hiding behind you	Why do you ask?
dialogue	train	xnone#0	Don’t laugh at me, Jo	I'm not sure I understand you fully.
dialogue	train	i#11	I didn’t mean anyone should know till the time came	You say you didnt mean anyone should know till the time came?
dialogue	train	xnone#0	Merry Christmas, Marmee	I'm not sure I understand you fully.
dialogue	train	xnone#0	Many of them	I'm not sure I understand you fully.
dialogue	train	you#3	Thank you for our books	We were discussing you -- not me.
dialogue	train	xnone#0	We read some, and mean to every day	I'm not sure I understand you fully.
dialogue	train	xnone#0	Merry Christmas, little daughters	I'm not sure I understand you fully.
dialogue	train	i#2	I’m glad you began at once, and hope you will keep on	How have I helped you to be glad?
dialogue	train	i#0	But I want to say one word before we sit down	What would it mean to you if you got to say one word before we sit down?
dialogue	train	xnone#0	Not far away from here lies a poor woman with a little newborn baby	I'm not sure I understand you fully.
dialogue	train	are#1	Six children are huddled into one bed to keep from freezing, for they have no fire	Did you think they might not be huddled into one bed to keep from freezing for they have no fire?
dialogue	train	my#2	My girls, will you give them your breakfast as a Christmas present	Your girls will I give them my breakfast as a christmas present?
dialogue	train	i#2	I’m so glad you came before we began	How have I helped you to be glad?
dialogue	train	i#11	May I go and help carry the things to the poor little children	You say may you go and help carry the things to the poor little children?
dialogue	train	i#11	I shall take the cream and the muffings	You say you shall take the cream and the muffings?
dialogue	train	i#11	I thought you’d do it	You say you thought youd do it?
dialogue	train	xnone#0	Ach, mein Gott	I'm not sure I understand you fully.
dialogue	train	xnone#0	It is good angels come to us	I'm not sure I understand you fully.
dialogue	train	xnone#0	Funny angels in hoods and mittens	I'm not sure I understand you fully.
dialogue	train	xnone#0	Das ist gut	I'm not sure I understand you fully.
dialogue	train	i#11	That’s loving our neighbor better than ourselves, and I like it	You say thats loving our neighbor better than ourselves and you like it?
dialogue	train	xnone#0	Strike up, Beth	I'm not sure I understand you fully.
dialogue	train	xnone#0	Open the door, Amy	I'm not sure I understand you fully.
dialogue	train	xnone#0	Three cheers for Marmee	I'm not sure I understand you fully.
dialogue	train	xnone#0	A gloomy wood	I'm not sure I understand you fully.
dialogue	train	what#0	What ho, minion	Why do you ask?
dialogue	train	i#0	I need thee	What would it mean to you if you got thee?
dialogue	val	xnone#0	Alas for Zara	I'm not sure I understand you fully.
dialogue	train	i#10	I told you so	Perhaps in your fantasies we told each other.
dialogue	train	if#0	Act as if it was all right	Do you think its likely that it was all right?
dialogue	train	i#11	Bear them to the captives in their cells, and tell them I shall come anon	You say bear them to the captives in their cells and tell them you shall come anon?
dialogue	train	xnone#0	March’s compliments, and would the ladies walk down to supper	I'm not sure I understand you fully.
dialogue	train	xnone#0	Is it fairies	I'm not sure I understand you fully.
dialogue	train	xnone#0	Mother did it	I'm not sure I understand you fully.
dialogue	train	xnone#0	Aunt March had a good fit and sent the supper	I'm not sure I understand you fully.
dialogue	train	xnone#0	Laurence sent it	I'm not sure I understand you fully.
dialogue	val	xnone#0	The Laurence boy’s grandfather	I'm not sure I understand you fully.
dialogue	val	what#0	What in the world put such a thing into his head	Why do you ask?
dialogue	train	xnone#0	We don’t know him	I'm not sure I understand you fully.
dialogue	train	your#0	Hannah told one of his servants about your breakfast party	Why are you concerned over my breakfast party?
dialogue	train	xnone#0	He is an odd old gentleman, but that pleased him	I'm not sure I understand you fully.
dialogue	train	i#11	That boy put it into his head, I know he did	You say that boy put it into his head you know he did?
dialogue	train	i#11	He’s a capital fellow, and I wish we could get acquainted	You say hes a capital fellow and you wish we could get acquainted?
dialogue	train	you#3	You mean the people who live in the big house next door, don’t you	We were discussing you -- not me.
dialogue	train	my#1	My mother knows old Mr	Tell me more about your family.
dialogue	train	xnone#0	Laurence, but says he’s very proud and doesn’t like to mix with his neighbors	I'm not sure I understand you fully.
dialogue	train	xnone#0	We invited him to our party, but he didn’t come	I'm not sure I understand you fully.
dialogue	train	xnone#0	Mother says he’s very nice, though he never speaks to us girls	I'm not sure I understand you fully.
dialogue	train	i#6	I mean to know him some day, for he needs fun, I’m sure he does	Is it because you are sure he does that you came to me?
dialogue	train	xnone#0	He looked so wistful as he went away, hearing the frolic and evidently having none of his own	I'm not sure I understand you fully.
dialogue	train	you#3	It’s a mercy you didn’t, Mother	We were discussing you -- not me.
dialogue	train	xnone#0	But we’ll have another play sometime that he can see	I'm not sure I understand you fully.
dialogue	train	perhaps#0	Perhaps he’ll help act	You don't seem quite certain.
dialogue	train	xnone#0	Wouldn’t that be jolly	I'm not sure I understand you fully.
dialogue	val	i#11	I never had such a fine bouquet before	You say you never had such a fine bouquet before?
dialogue	train	what#0	How pretty it is	Why do you ask?
dialogue	train	are#1	They are lovely	Did you think they might not be lovely?
dialogue	train	are#1	But Beth’s roses are sweeter to me	Did you think they might not be sweeter to you?
dialogue	train	my#1	I wish I could send my bunch to Father	Tell me more about your family.
dialogue	train	i#6	I’m afraid he isn’t having such a merry Christmas as we are	Is it because you are afraid he isnt having such a merry christmas as we are that you came to me?
dialogue	train	xnone#0	A regular note of invitation from Mrs	I'm not sure I understand you fully.
dialogue	val	xnone#0	Gardiner for tomorrow night	I'm not sure I understand you fully.
dialogue	train	what#0	Marmee is willing we should go, now what shall we wear	Why do you ask?
dialogue	train	if#0	If I only had a silk	Do you think its likely that you only had a silk?
dialogue	train	i#6	Mother says I may when I’m eighteen perhaps, but two years is an everlasting time to wait	Is it because you are eighteen perhaps but two years is an everlasting time to wait that you came to me?
dialogue	train	alike#0	I’m sure our pops look like silk, and they are nice enough for us	In what way?
dialogue	val	i#11	Yours is as good as new, but I forgot the burn and the tear in mine	You say yours is as good as new but you forgot the burn and the tear in mine?
dialogue	train	i#11	Whatever shall I do	You say whatever shall you do?
dialogue	train	i#7	The burn shows badly, and I can’t take any out	How do you think that you can't take any out?
dialogue	train	you#3	You must sit still all you can and keep your back out of sight	We were discussing you -- not me.
dialogue	train	xnone#0	The front is all right	I'm not sure I understand you fully.
dialogue	train	you#3	You must have gloves, or I won’t go	We were discussing you -- not me.
dialogue	train	are#1	Gloves are more important than anything else	Did you think they might not be more important than anything else?
dialogue	train	if#0	You can’t dance without them, and if you don’t I should be so mortified	Do you think its likely that I dont you should be so mortified?
dialogue	train	xnone#0	Then I’ll stay still	I'm not sure I understand you fully.
dialogue	train	i#8	I don’t care much for company dancing	Don't you really care much for company dancing?
dialogue	train	no#0	It’s no fun to go sailing round	Are you saying no just to be negative?
dialogue	train	i#11	I like to fly about and cut capers	You say you like to fly about and cut capers?
dialogue	train	you#1	You can’t ask Mother for new ones, they are so expensive, and you are so careless	What makes you think I am so careless?
dialogue	train	what#0	She said when you spoiled the others that she shouldn’t get you any more this winter	Why do you ask?
dialogue	train	you#3	Can’t you make them do	We were discussing you -- not me.
dialogue	train	my#2	I can hold them crumpled up in my hand, so no one will know how stained they are	Your hand so no one will know what stained they are?
dialogue	train	i#11	That’s all I can do	You say thats all you can do?
dialogue	val	you#3	I’ll tell you how we can manage, each wear one good one and carry a bad one	We were discussing you -- not me.
dialogue	train	you#3	Don’t you see	We were discussing you -- not me.
dialogue	train	my#2	Your hands are bigger than mine, and you will stretch my glove dreadfully	Your glove dreadfully?
dialogue	train	xnone#0	Then I’ll go without	I'm not sure I understand you fully.
dialogue	train	i#8	I don’t care what people say	Don't you really care what people say?
dialogue	train	you#3	You may have it, you may	We were discussing you -- not me.
dialogue	val	xnone#0	Only don’t stain it, and do behave nicely	I'm not sure I understand you fully.
dialogue	train	your#0	Don’t put your hands behind you, or stare, or say ‘Christopher Columbus	Why are you concerned over my hands behind I or stare or say christopher columbus?
dialogue	train	xnone#0	Don’t worry about me	I'm not sure I understand you fully.
dialogue	train	if#0	I’ll be as prim as I can and not get into any scrapes, if I can help it	Do you think its likely that you can help it?
dialogue	train	your#0	Now go and answer your note, and let me finish this splendid story	Why are you concerned over my note and let you finish this splendid story?
dialogue	train	xnone#0	Ought they to smoke like that	I'm not sure I understand you fully.
dialogue	train	xnone#0	It’s the dampness drying	I'm not sure I understand you fully.
dialogue	train	what#0	What a queer smell	Why do you ask?
dialogue	train	xnone#0	It’s like burned feathers	I'm not sure I understand you fully.
dialogue	train	xnone#0	There, now I’ll take off the papers and you’ll see a cloud of little ringlets	I'm not sure I understand you fully.
dialogue	train	xnone#0	Oh, oh, oh	I'm not sure I understand you fully.
dialogue	train	what#0	What have you done	Why do you ask?
dialogue	train	i#7	I can’t go	How do you think that you can't go?
dialogue	train	my#2	My hair, oh, my hair	Your hair oh your hair?
dialogue	train	my#2	Just my luck	Your luck?
dialogue	train	you#2	You shouldn’t have asked me to do it	Why do you think I shouldnt have asked you?
dialogue	train	always#0	I always spoil everything	Can you think of a specific example?
dialogue	train	i#6	I’m so sorry, but the tongs were too hot, and so I’ve made a mess	Is it because you are so sorry but the tongs was too hot and so ive made a mess that you came to me?
dialogue	train	xnone#0	It isn’t spoiled	I'm not sure I understand you fully.
dialogue	train	xnone#0	I’ve seen many girls do it so	I'm not sure I understand you fully.
dialogue	train	xnone#0	Serves me right for trying to be fine	I'm not sure I understand you fully.
dialogue	val	my#2	I wish I’d let my hair alone	Your hair alone?
dialogue	train	i#11	So do I, it was so smooth and pretty	You say so do you it was so smooth and pretty?
dialogue	train	xnone#0	But it will soon grow out again	I'm not sure I understand you fully.
dialogue	train	xnone#0	quite easy and fine	I'm not sure I understand you fully.
dialogue	train	xnone#0	Have a good time, dearies	I'm not sure I understand you fully.
dialogue	train	what#0	Don’t eat much supper, and come away at eleven when I send Hannah for you	Why do you ask?
dialogue	val	you#3	Have you you both got nice pocket handkerchiefs	We were discussing you -- not me.
dialogue	train	yes#0	Yes, yes, spandy nice, and Meg has cologne on hers	You seem to be quite positive.
dialogue	train	if#0	I do believe Marmee would ask that if we were all running away from an earthquake	Do you think its likely that we was all running away from an earthquake?
dialogue	train	xnone#0	Now don’t forget to keep the bad breadth out of sight, Jo	I'm not sure I understand you fully.
dialogue	train	my#2	Is my sash right	Your sash right?
dialogue	train	my#2	And does my hair look very bad	Your hair look very bad?
dialogue	train	i#11	I know I shall forget	You say you know you shall forget?
dialogue	train	if#0	If you see me doing anything wrong, just remind me by a wink, will you	Do you think its likely that I see you doing anything wrong just remind you by a wink will I?
dialogue	train	no#0	No, winking isn’t ladylike	Are you saying no just to be negative?
dialogue	train	if#0	I’ll lift my eyebrows if any thing is wrong, and nod if you are all right	Do you think its likely that any thing is wrong and nod if I are all right?
dialogue	train	xnone#0	It isn’t the thing	I'm not sure I understand you fully.
dialogue	train	what#0	How do you learn all the proper ways	Why do you ask?
dialogue	train	i#11	I never can	You say you never can?
dialogue	train	xnone#0	Isn’t that music gay	I'm not sure I understand you fully.
dialogue	train	i#11	Dear me, I didn’t know anyone was here	You say dear you you didnt know anyone was here?
dialogue	val	if#0	Don’t mind me, stay if you like	Do you think its likely that I like?
dialogue	val	i#10	Shan’t I disturb you	Perhaps in your fantasies we disturb each other.
dialogue	train	i#8	I only came here because I don’t know many people and felt rather strange at first, you know	Don't you really know many people and felt rather strange at first I know?
dialogue	train	i#11	So did I	You say so did you?
dialogue	train	xnone#0	Don’t go away, please, unless you’d rather	I'm not sure I understand you fully.
dialogue	train	you#3	I think I’ve had the pleasure of seeing you before	We were discussing you -- not me.
dialogue	train	you#3	You live near us, don’t you	We were discussing you -- not me.
dialogue	train	your#0	We did have such a good time over your nice Christmas present	Why are you concerned over my nice christmas present?
dialogue	train	xnone#0	Grandpa sent it	I'm not sure I understand you fully.
dialogue	train	you#3	But you put it into his head, didn’t you, now	We were discussing you -- not me.
dialogue	val	what#0	How is your cat, Miss March	Why do you ask?
dialogue	train	you#3	Nicely, thank you, Mr	We were discussing you -- not me.
dialogue	train	i#6	But I am not Miss March, I’m only Jo	Is it because you are not miss march you are only jo that you came to me?
dialogue	train	i#6	I’m not Mr	Is it because you are not mr that you came to me?
dialogue	train	i#6	Laurence, I’m only Laurie	Is it because you are only laurie that you came to me?
dialogue	train	name#0	Laurie Laurence, what an odd name	I am not interested in names.
dialogue	val	name#0	I hate my name, too, so sentimental	I am not interested in names.
dialogue	train	i#11	I wish every one would say Jo instead of Josephine	You say you wish every one would say jo instead of josephine?
dialogue	train	what#0	How did you make the boys stop calling you Dora	Why do you ask?
dialogue	train	i#11	I thrashed ’em	You say you thrashed em?
dialogue	train	i#7	I can’t thrash Aunt March, so I suppose I shall have to bear it	How do you think that you can't thrash aunt march so you suppose you shall have to bear it?
dialogue	train	you#3	Don’t you like to dance, Miss Jo	We were discussing you -- not me.
dialogue	train	if#0	I like it well enough if there is plenty of room, and everyone is lively	Do you think its likely that there is plenty of room and everyone is lively?
dialogue	train	you#3	Don’t you dance	We were discussing you -- not me.
dialogue	train	xnone#0	Oh, tell me about it	I'm not sure I understand you fully.
dialogue	train	i#11	I love dearly to hear people describe their travels	You say you love dearly to hear people describe their travels?
dialogue	val	i#11	Don’t I wish I’d been there	You say dont you wish id been there?
dialogue	train	you#3	Did you go to Paris	We were discussing you -- not me.
dialogue	train	xnone#0	We spent last winter there	I'm not sure I understand you fully.
dialogue	val	can#0	Can you talk French	You believe I can talk french don't you?
dialogue	train	xnone#0	We were not allowed to speak anything else at Vevay	I'm not sure I understand you fully.
dialogue	train	xnone#0	Do say some	I'm not sure I understand you fully.
dialogue	train	i#11	I can read it, but can’t pronounce	You say you can read it but cannot pronounce?
dialogue	train	xnone#0	Quel nom a cette jeune demoiselle en les pantoufles jolis	I'm not sure I understand you fully.
dialogue	train	what#0	How nicely you do it	Why do you ask?
dialogue	train	you#3	you said, ‘Who is the young lady in the pretty slippers’, didn’t you	We were discussing you -- not me.
dialogue	val	my#1	It’s my sister Margaret, and you knew it was	Tell me more about your family.
dialogue	train	you#3	Do you think she is pretty	We were discussing you -- not me.
dialogue	train	what#0	Wonder how old he is	Why do you ask?
dialogue	train	i#10	I suppose you are going to college soon	Perhaps in your fantasies we suppose each other.
dialogue	train	i#10	I see you pegging away at your books, no, I mean studying hard	Perhaps in your fantasies we see each other.
dialogue	val	xnone#0	Not for a year or two	I'm not sure I understand you fully.
dialogue	train	i#11	I won’t go before seventeen, anyway	You say you wont go before seventeen anyway?
dialogue	val	you#3	Aren’t you but fifteen	We were discussing you -- not me.
dialogue	train	xnone#0	Sixteen, next month	I'm not sure I understand you fully.
dialogue	train	was#1	How I wish I was going to college	Were you really?
dialogue	train	if#0	You don’t look as if you liked it	Do you think its likely that I liked it?
dialogue	train	i#11	I hate it	You say you hate it?
dialogue	train	xnone#0	Nothing but grinding or skylarking	I'm not sure I understand you fully.
dialogue	train	i#8	And I don’t like the way fellows do either, in this country	Don't you really like the way fellows do either in this country?
dialogue	train	what#0	What do you like	Why do you ask?
dialogue	train	my#2	To live in Italy, and to enjoy myself in my own way	Your own way?
dialogue	train	xnone#0	That’s a splendid polka	I'm not sure I understand you fully.
dialogue	train	why#0	Why don’t you go and try it	Do you believe I don't go and try it?
dialogue	train	if#0	If you will come too	Do you think its likely that I will come too?
dialogue	train	i#7	I can’t, for I told Meg I wouldn’t, because	How do you think that you can't for you told meg you wouldnt because?
dialogue	train	you#3	You won’t tell	We were discussing you -- not me.
dialogue	train	if#0	You may laugh, if you want to	Do you think its likely that I want to?
dialogue	train	i#11	It is funny, I know	You say it is funny you know?
dialogue	train	xnone#0	Never mind that	I'm not sure I understand you fully.
dialogue	train	you#3	I’ll tell you how we can manage	We were discussing you -- not me.
dialogue	train	no#0	There’s a long hall out there, and we can dance grandly, and no one will see us	Are you saying no just to be negative?
dialogue	val	my#2	I’ve sprained my ankle	Your ankle?
dialogue	train	xnone#0	That stupid high heel turned and gave me a sad wrench	I'm not sure I understand you fully.
dialogue	train	i#6	It aches so, I can hardly stand, and I don’t know how I’m ever going to get home	Is it because you are ever going to get home that you came to me?
dialogue	train	i#11	I knew you’d hurt your feet with those silly shoes	You say you knew youd hurt my feet with those silly shoes?
dialogue	train	i#8	But I don’t see what you can do, except get a carriage, or stay here all night	Don't you really see what I can do except get a carriage or stay here all night?
dialogue	train	i#7	I can’t have a carriage without its costing ever so much	How do you think that you can't have a carriage without its costing ever so much?
dialogue	train	xnone#0	It’s past nine, and dark as Egypt	I'm not sure I understand you fully.
dialogue	train	i#7	I can’t stop here, for the house is full	How do you think that you can't stop here for the house is full?
dialogue	train	xnone#0	Sallie has some girls staying with her	I'm not sure I understand you fully.
dialogue	train	i#11	I’ll rest till Hannah comes, and then do the best I can	You say ill rest till hannah comes and then do the best you can?
dialogue	train	xnone#0	I’ll ask Laurie	I'm not sure I understand you fully.
dialogue	train	xnone#0	He will go	I'm not sure I understand you fully.
dialogue	train	xnone#0	Don’t ask or tell anyone	I'm not sure I understand you fully.
dialogue	val	my#2	Get me my rubbers, and put these slippers with our things	Your rubbers and put these slippers with our things?
dialogue	train	are#1	They are going out to supper now	Did you think they might not be going out to supper now?
dialogue	train	you#3	I’ll stay with you	We were discussing you -- not me.
dialogue	train	no#0	No, dear, run along, and bring me some coffee	Are you saying no just to be negative?
dialogue	train	i#6	I’m so tired I can’t stir	Is it because you are so tired you cannot stir that you came to me?
dialogue	train	what#0	Oh, dear, what a blunderbuss I am	Why do you ask?
dialogue	train	can#1	Can I help you	Whether or not you can help I depends on you more than me.
dialogue	train	was#1	I was looking for someone to give this to	Were you really?
dialogue	train	i#11	May I take it to your sister	You say may you take it to my sister?
dialogue	train	you#3	Oh, thank you	We were discussing you -- not me.
dialogue	train	you#3	I’ll show you where she is	We were discussing you -- not me.
dialogue	train	if#0	I don’t offer to take it myself, for I should only get into another scrape if I did	Do you think its likely that you did?
dialogue	train	xnone#0	Don’t say anything	I'm not sure I understand you fully.
dialogue	train	my#2	I turned my foot a little, that’s all	Your foot a little thats all?
dialogue	train	xnone#0	It’s so early	I'm not sure I understand you fully.
dialogue	train	you#3	You can’t mean to go yet	We were discussing you -- not me.
dialogue	train	always#0	I always go early, I do, truly	Can you think of a specific example?
dialogue	train	you#3	Please let me take you home	We were discussing you -- not me.
dialogue	train	my#2	It’s all on my way, you know, and it rains, they say	Your way I know and it rains they say?
dialogue	train	i#11	I had a capital time	You say you had a capital time?
dialogue	train	yes#0	Yes, till I hurt myself	You seem to be quite positive.
dialogue	train	i#10	I saw you dancing with the red headed man I ran away from	Perhaps in your fantasies we saw each other.
dialogue	train	xnone#0	Was he nice	I'm not sure I understand you fully.
dialogue	train	what#0	He looked like a grasshopper in a fit when he did the new step	Why do you ask?
dialogue	train	i#11	Laurie and I couldn’t help laughing	You say laurie and you couldnt help laughing?
dialogue	train	you#3	Did you hear us	We were discussing you -- not me.
dialogue	train	no#0	No, but it was very rude	Are you saying no just to be negative?
dialogue	train	was#2	What were you about all that time, hidden away there	Would you like to believe I was about all that time hidden away there?
dialogue	train	xnone#0	Tell about the party	I'm not sure I understand you fully.
dialogue	train	what#0	Oh, dear, how hard it does seem to take up our packs and go on	Why do you ask?
dialogue	train	i#11	I wish it was Christmas or New Year’s all the time	You say you wish it was christmas or new years all the time?
dialogue	val	xnone#0	Wouldn’t it be fun	I'm not sure I understand you fully.
dialogue	train	xnone#0	We shouldn’t enjoy ourselves half so much as we do now	I'm not sure I understand you fully.
dialogue	train	xnone#0	It’s a shame	I'm not sure I understand you fully.
dialogue	train	xnone#0	There never was such a cross family	I'm not sure I understand you fully.
dialogue	val	you#1	You’re the crossest person in it	What makes you think I am the crossest person in it?
dialogue	train	if#0	Beth, if you don’t keep these horrid cats down cellar I’ll have them drowned	Do you think its likely that I dont keep these horrid cats down cellar ill have them drowned?
dialogue	train	xnone#0	Girls, girls, do be quiet one minute	I'm not sure I understand you fully.
dialogue	train	i#10	I must get this off by the early mail, and you drive me distracted with your worry	Perhaps in your fantasies we must get this off by the early mail and each other.
dialogue	train	your#0	Cuddle your cats and get over your headache, Bethy	Why are you concerned over my cats and get over my headache bethy?
dialogue	train	are#1	We are a set of rascals this morning, but we’ll come home regular angels	Did you think they might not be a set of rascals this morning but well come home regular angels?
dialogue	train	xnone#0	Now then, Meg	I'm not sure I understand you fully.
dialogue	train	xnone#0	Don’t use such dreadful expressions	I'm not sure I understand you fully.
dialogue	train	i#11	I like good strong words that mean something	You say you like good strong words that mean something?
dialogue	train	what#0	How ridiculous you are, Jo	Why do you ask?
dialogue	train	always#0	Thank goodness, I can always find something funny to keep me up	Can you think of a specific example?
dialogue	train	xnone#0	Don’t croak any more, but come home jolly, there’s a dear	I'm not sure I understand you fully.
dialogue	train	xnone#0	We can’t give up our girls for a dozen fortunes	I'm not sure I understand you fully.
dialogue	train	xnone#0	Rich or poor, we will keep together and be happy in one another	I'm not sure I understand you fully.
dialogue	train	my#2	I hope you’ll have a good night, my poor dear	Your poor dear?
dialogue	train	if#0	I know I’ll get my music some time, if I’m good	Do you think its likely that you are good?
dialogue	train	what#0	When Papa was rich we did so-and-so	Why do you ask?
dialogue	train	my#2	My only comfort	Your only comfort?
dialogue	train	my#1	is that Mother doesn’t take tucks in my dresses whenever I’m naughty, as Maria Parks’s mother does	Tell me more about your family.
dialogue	train	xnone#0	Has anybody got anything to tell	I'm not sure I understand you fully.
dialogue	train	i#6	It’s been such a dismal day I’m really dying for some amusement	Is it because you are really dying for some amusement that you came to me?
dialogue	train	i#4	I wish I could, and be done with it	Do you really think so?
dialogue	train	what#0	I’d just got to where they all tumbled into the water when I forgot and laughed out loud	Why do you ask?
dialogue	train	my#2	I did my very best, and she liked it, though she only said	Your very best and she liked it though she only said?
dialogue	train	i#8	I don’t understand what it’s all about	Don't you really understand what its all about?
dialogue	val	xnone#0	Go back and begin it, child	I'm not sure I understand you fully.
dialogue	val	i#11	Back I went, and made the Primroses as interesting as ever I could	You say back you went and made the primroses as interesting as ever you could?
dialogue	train	i#11	Shan’t I stop now	You say shant you stop now?
dialogue	train	xnone#0	Did she own she liked it	I'm not sure I understand you fully.
dialogue	train	you#3	Oh, bless you, no	We were discussing you -- not me.
dialogue	train	if#0	What a pleasant life she might have if only she chose	Do you think its likely that only she chose?
dialogue	train	xnone#0	That reminds me	I'm not sure I understand you fully.
dialogue	train	xnone#0	that I’ve got something to tell	I'm not sure I understand you fully.
dialogue	train	i#11	It isn’t funny, like Jo’s story, but I thought about it a good deal as I came home	You say it isnt funny like jos story but you thought about it a good deal as you came home?
dialogue	train	i#11	I heard Mrs	You say you heard mrs?
dialogue	train	xnone#0	King crying and Mr	I'm not sure I understand you fully.
dialogue	train	i#11	I think being disgraced in school is a great deal try_inger_ than anything bad boys can do	You say you think being disgraced in school is a great deal try inger than anything bad boys can do?
dialogue	train	xnone#0	Susie Perkins came to school today with a lovely red carnelian ring	I'm not sure I understand you fully.
dialogue	train	was#1	I wanted it dreadfully, and wished I was her with all my might	Were you really?
dialogue	train	xnone#0	Well, she drew a picture of Mr	I'm not sure I understand you fully.
dialogue	train	my#2	Davis, with a monstrous nose and a hump, and the words, ‘Young ladies, my eye is upon you	Your eye is upon I?
dialogue	train	xnone#0	coming out of his mouth in a balloon thing	I'm not sure I understand you fully.
dialogue	val	what#0	She was _parry_lized with fright, but she went, and oh, what _do_ you think he did	Why do you ask?
dialogue	train	xnone#0	He took her by the ear—the ear	I'm not sure I understand you fully.
dialogue	train	what#0	Just fancy how horrid	Why do you ask?
dialogue	train	xnone#0	Didn’t the girls laugh at the picture	I'm not sure I understand you fully.
dialogue	train	i#11	They sat still as mice, and Susie cried quarts, I know she did	You say they sat still as mice and susie cried quarts you know she did?
dialogue	train	i#11	I never, never should have got over such a agonizing mortification	You say you never never should have got over such a agonizing mortification?
dialogue	train	i#11	I saw something I liked this morning, and I meant to tell it at dinner, but I forgot	You say you saw something you liked this morning and you meant to tell it at dinner but you forgot?
dialogue	val	what#0	When I went to get some oysters for Hannah, Mr	Why do you ask?
dialogue	train	xnone#0	Cutter the fish-man	I'm not sure I understand you fully.
dialogue	val	xnone#0	A poor woman came in with a pail and a mop, and asked Mr	I'm not sure I understand you fully.
dialogue	train	xnone#0	He told her to ‘go along and cook it’, and she hurried off, so happy	I'm not sure I understand you fully.
dialogue	train	xnone#0	Wasn’t it good of him	I'm not sure I understand you fully.
dialogue	train	xnone#0	Oh, she did look so funny, hugging the big, slippery fish, and hoping Mr	I'm not sure I understand you fully.
dialogue	train	xnone#0	Laurence’s bed in heaven would be ‘aisy	I'm not sure I understand you fully.
dialogue	train	you#3	Have you sons in the army	We were discussing you -- not me.
dialogue	train	i#11	I asked, for the note he brought was not to me	You say you asked for the note he brought was not to you?
dialogue	val	xnone#0	he answered quietly	I'm not sure I understand you fully.
dialogue	train	you#3	You have done a great deal for your country, sir,’ I said, feeling respect now, instead of pity	We were discussing you -- not me.
dialogue	train	i#11	Not a mite more than I ought, ma’am	You say not a mite more than you ought maam?
dialogue	val	if#0	I’d go myself, if I was any use	Do you think its likely that you was any use?
dialogue	val	my#2	As I ain’t, I give my boys, and give ’em free	Your boys and give em free?
dialogue	train	xnone#0	I’d given one man and thought it too much, while he gave four without grudging them	I'm not sure I understand you fully.
dialogue	train	xnone#0	Tell another story, Mother, one with a moral to it, like this	I'm not sure I understand you fully.
dialogue	train	if#0	I like to think about them afterward, if they are real and not too preachy	Do you think its likely that they are real and not too preachy?
dialogue	train	i#11	I like that kind of sermon	You say you like that kind of sermon?
dialogue	train	xnone#0	It’s the sort Father used to tell us	I'm not sure I understand you fully.
dialogue	train	xnone#0	We needed that lesson, and we won’t forget it	I'm not sure I understand you fully.
dialogue	train	xnone#0	Tink ob yer marcies	I'm not sure I understand you fully.
dialogue	train	what#0	What in the world are you going to do now, Jo	Why do you ask?
dialogue	train	xnone#0	Going out for exercise	I'm not sure I understand you fully.
dialogue	train	i#11	I should think two long walks this morning would have been enough	You say you should think two long walks this morning would have been enough?
dialogue	train	xnone#0	Never take advice	I'm not sure I understand you fully.
dialogue	train	i#8	Can’t keep still all day, and not being a pussycat, I don’t like to doze by the fire	Don't you really like to doze by the fire?
dialogue	train	i#6	I like adventures, and I’m going to find some	Is it because you are going to find some that you came to me?
dialogue	val	xnone#0	That boy is suffering for society and fun	I'm not sure I understand you fully.
dialogue	train	xnone#0	His grandpa does not know what’s good for him, and keeps him shut up all alone	I'm not sure I understand you fully.
dialogue	train	xnone#0	He needs a party of jolly boys to play with, or somebody young and lively	I'm not sure I understand you fully.
dialogue	train	xnone#0	I’ve a great mind to go over and tell the old gentleman so	I'm not sure I understand you fully.
dialogue	train	xnone#0	There he is	I'm not sure I understand you fully.
dialogue	train	xnone#0	All alone and sick this dismal day	I'm not sure I understand you fully.
dialogue	train	xnone#0	I’ll toss up a snowball and make him look out, and then say a kind word to him	I'm not sure I understand you fully.
dialogue	train	what#0	How do you do	Why do you ask?
dialogue	train	are#0	Are you sick	Why are you interested in whether I am sick or not?
dialogue	train	you#3	Better, thank you	We were discussing you -- not me.
dialogue	train	xnone#0	I’ve had a bad cold, and been shut up a week	I'm not sure I understand you fully.
dialogue	train	what#0	What do you amuse yourself with	Why do you ask?
dialogue	train	xnone#0	It’s dull as tombs up here	I'm not sure I understand you fully.
dialogue	train	you#3	Don’t you read	We were discussing you -- not me.
dialogue	val	xnone#0	They won’t let me	I'm not sure I understand you fully.
dialogue	train	you#3	Can’t somebody read to you	We were discussing you -- not me.
dialogue	val	my#2	Grandpa does sometimes, but my books don’t interest him, and I hate to ask Brooke all the time	Your books dont interest him and you hate to ask brooke all the time?
dialogue	train	you#3	Have someone come and see you then	We were discussing you -- not me.
dialogue	train	xnone#0	There isn’t anyone I’d like to see	I'm not sure I understand you fully.
dialogue	val	my#2	Boys make such a row, and my head is weak	Your head is weak?
dialogue	train	you#3	Isn’t there some nice girl who’d read and amuse you	We were discussing you -- not me.
dialogue	train	alike#0	Girls are quiet and like to play nurse	In what way?
dialogue	train	xnone#0	Don’t know any	I'm not sure I understand you fully.
dialogue	train	you#3	You know us	We were discussing you -- not me.
dialogue	train	i#11	So I do	You say so you do?
dialogue	val	you#3	Will you come, please	We were discussing you -- not me.
dialogue	train	if#0	I’m not quiet and nice, but I’ll come, if Mother will let me	Do you think its likely that mother will let you?
dialogue	train	xnone#0	I’ll go ask her	I'm not sure I understand you fully.
dialogue	train	i#11	Shut the window, like a good boy, and wait till I come	You say shut the window like a good boy and wait till you come?
dialogue	train	xnone#0	All right, show her up, it’s Miss Jo	I'm not sure I understand you fully.
dialogue	train	i#6	Here I am, bag and baggage	Is it because you are bag and baggage that you came to me?
dialogue	train	if#0	Mother sent her love, and was glad if I could do anything for you	Do you think its likely that you could do anything for I?
dialogue	train	i#11	I knew you’d laugh at them, but I couldn’t refuse, she was so anxious to do something	You say you knew youd laugh at them but you couldnt refuse she was so anxious to do something?
dialogue	train	xnone#0	That looks too pretty to eat	I'm not sure I understand you fully.
dialogue	train	xnone#0	It isn’t anything, only they all felt kindly and wanted to show it	I'm not sure I understand you fully.
dialogue	train	your#0	Tell the girl to put it away for your tea	Why are you concerned over my tea?
dialogue	val	what#0	What a cozy room this is	Why do you ask?
dialogue	train	xnone#0	It worries me though	I'm not sure I understand you fully.
dialogue	train	you#1	Now then, you’re fixed	What makes you think I am fixed?
dialogue	train	what#0	How kind you are	Why do you ask?
dialogue	train	yes#0	Yes, that’s what it wanted	You seem to be quite positive.
dialogue	train	my#2	Now please take the big chair and let me do something to amuse my company	Your company?
dialogue	train	no#0	No, I came to amuse you	Are you saying no just to be negative?
dialogue	train	i#11	Shall I read aloud	You say shall you read aloud?
dialogue	train	if#0	I’ve read all those, and if you don’t mind, I’d rather talk	Do you think its likely that I dont mind id rather talk?
dialogue	train	if#0	I’ll talk all day if you’ll only set me going	Do you think its likely that youll only set you going?
dialogue	train	i#11	Beth says I never know when to stop	You say beth says you never know what to stop?
dialogue	train	yes#0	Yes, that’s Beth	You seem to be quite positive.
dialogue	train	my#2	She’s my girl, and a regular good one she is, too	Your girl and a regular good one she is too?
dialogue	train	i#11	The pretty one is Meg, and the curly-haired one is Amy, I believe	You say the pretty one is meg and the curly haired one is amy you believe?
dialogue	train	what#0	How did you find that out	Why do you ask?
dialogue	train	i#7	Her face is right opposite, and it looks so sweet behind the flowers, I can’t help watching it	How do you think that you can't help watching it?
dialogue	train	i#10	I haven’t got any mother, you know	Perhaps in your fantasies we havent got any mother each other.
dialogue	train	i#11	I just wish, though, instead of peeping, you’d come over and see us	You say you just wish though instead of peeping youd come over and see us?
dialogue	train	i#10	Meg and I would make you laugh over our funny stage properties, and we’d have jolly times	Perhaps in your fantasies we would make each other.
dialogue	train	your#0	Wouldn’t your grandpa let you	Why are you concerned over my grandpa let I?
dialogue	val	if#0	I think he would, if your mother asked him	Do you think its likely that my mother asked him?
dialogue	train	are#1	We are not strangers, we are neighbors, and you needn’t think you’d be a bother	Did you think they might not be not strangers we are neighbors and I neednt think youd be a bother?
dialogue	train	you#3	We want to know you, and I’ve been trying to do it this ever so long	We were discussing you -- not me.
dialogue	train	you#3	You see, Grandpa lives among his books, and doesn’t mind much what happens outside	We were discussing you -- not me.
dialogue	train	xnone#0	Never mind being bashful	I'm not sure I understand you fully.
dialogue	train	if#0	It won’t last long if you keep going	Do you think its likely that I keep going?
dialogue	train	you#3	Do you like your school	We were discussing you -- not me.
dialogue	train	i#6	Don’t go to school, I’m a businessman—girl, I mean	Is it because you are a businessman girl you mean that you came to me?
dialogue	train	my#2	I go to wait on my great-aunt, and a dear, cross old soul she is, too	Your great aunt and a dear cross old soul she is too?
dialogue	train	no#0	That does me no end of good	Are you saying no just to be negative?
dialogue	train	xnone#0	Tell on, please	I'm not sure I understand you fully.
dialogue	train	if#0	If you like them so much, come down and see ours	Do you think its likely that I like them so much come down and see ours?
dialogue	train	you#3	Grandfather is out, so you needn’t be afraid	We were discussing you -- not me.
dialogue	train	i#6	I’m not afraid of anything	Is it because you are not afraid of anything that you came to me?
dialogue	train	you#1	I don’t believe you are	What makes you think I am ?
dialogue	train	you#3	Theodore Laurence, you ought to be the happiest boy in the world	We were discussing you -- not me.
dialogue	train	xnone#0	A fellow can’t live on books	I'm not sure I understand you fully.
dialogue	train	your#0	It’s your grandpa	Why are you concerned over my grandpa?
dialogue	train	if#0	Well, what if it is	Do you think its likely that it is?
dialogue	train	you#1	You are not afraid of anything, you know	What makes you think I am not afraid of anything I know?
dialogue	val	i#4	I think I am a little bit afraid of him, but I don’t know why I should be	Do you really think so?
dialogue	train	you#1	Marmee said I might come, and I don’t think you’re any the worse for it	What makes you think I am any the worse for it?
dialogue	train	i#2	I’m a great deal better for it, and ever so much obliged	How have I helped you to be better?
dialogue	train	i#6	I’m only afraid you are very tired of talking to me	Is it because you are only afraid I are very tired of talking to you that you came to me?
dialogue	train	i#11	It was so pleasant, I couldn’t bear to stop	You say it was so pleasant you couldnt bear to stop?
dialogue	train	you#3	The doctor to see you, sir	We were discussing you -- not me.
dialogue	train	if#0	Would you mind if I left you for a minute	Do you think its likely that you left I for a minute?
dialogue	train	i#11	I suppose I must see him	You say you suppose you must see him?
dialogue	train	xnone#0	Don’t mind me	I'm not sure I understand you fully.
dialogue	val	i#2	I’m happy as a cricket here	How have I helped you to be happy?
dialogue	train	my#2	He isn’t as handsome as my grandfather, but I like him	Your grandfather but you like him?
dialogue	train	you#3	Thank you, ma’am	We were discussing you -- not me.
dialogue	val	you#1	So you’re not afraid of me, hey	What makes you think I am not afraid of you hey?
dialogue	val	xnone#0	Not much, sir	I'm not sure I understand you fully.
dialogue	train	you#2	And you don’t think me as handsome as your grandfather	Why do you think I dont think you?
dialogue	train	xnone#0	Not quite, sir	I'm not sure I understand you fully.
dialogue	train	i#11	And I’ve got a tremendous will, have I	You say and ive got a tremendous will have you?
dialogue	train	i#11	I only said I thought so	You say you only said you thought so?
dialogue	train	you#2	But you like me in spite of it	Why do you think I like you?
dialogue	train	yes#0	Yes, I do, sir	You seem to be quite positive.
dialogue	train	if#0	You’ve got your grandfather’s spirit, if you haven’t his face	Do you think its likely that I havent his face?
dialogue	train	you#3	Thank you, sir	We were discussing you -- not me.
dialogue	train	what#0	What have you been doing to this boy of mine, hey	Why do you ask?
dialogue	train	xnone#0	Only trying to be neighborly, sir	I'm not sure I understand you fully.
dialogue	train	you#3	You think he needs cheering up a bit, do you	We were discussing you -- not me.
dialogue	train	yes#0	Yes, sir, he seems a little lonely, and young folks would do him good perhaps	You seem to be quite positive.
dialogue	val	xnone#0	Tut, tut, tut	I'm not sure I understand you fully.
dialogue	train	xnone#0	That was the boy’s affair	I'm not sure I understand you fully.
dialogue	val	what#0	How is the poor woman	Why do you ask?
dialogue	train	xnone#0	Doing nicely, sir	I'm not sure I understand you fully.
dialogue	train	xnone#0	Just her father’s way of doing good	I'm not sure I understand you fully.
dialogue	train	i#11	I shall come and see your mother some fine day	You say you shall come and see my mother some fine day?
dialogue	train	xnone#0	Tell her so	I'm not sure I understand you fully.
dialogue	val	xnone#0	There’s the tea bell, we have it early on the boy’s account	I'm not sure I understand you fully.
dialogue	train	xnone#0	Come down and go on being neighborly	I'm not sure I understand you fully.
dialogue	train	if#0	If you’d like to have me, sir	Do you think its likely that youd like to have you sir?
dialogue	train	if#0	Shouldn’t ask you, if I didn’t	Do you think its likely that you didnt?
dialogue	val	what#0	What would Meg say to this	Why do you ask?
dialogue	train	what#0	Why, what the dickens has come to the fellow	Why do you ask?
dialogue	val	i#11	I didn’t know you’d come, sir	You say you didnt know youd come sir?
dialogue	train	you#3	That’s evident, by the way you racket downstairs	We were discussing you -- not me.
dialogue	train	your#0	Come to your tea, sir, and behave like a gentleman	Why are you concerned over my tea sir and behave like a gentleman?
dialogue	train	xnone#0	She’s right, the lad is lonely	I'm not sure I understand you fully.
dialogue	val	what#0	I’ll see what these little girls can do for him	Why do you ask?
dialogue	train	your#0	Please give these to your mother, and tell her I like the medicine she sent me very much	Why are you concerned over my mother and tell her you like the medicine she sent you very much?
dialogue	train	you#3	Do you play	We were discussing you -- not me.
dialogue	train	xnone#0	Please do now	I'm not sure I understand you fully.
dialogue	train	i#0	I want to hear it, so I can tell Beth	What would it mean to you if you got to hear it so you can tell beth?
dialogue	train	you#3	Won’t you first	We were discussing you -- not me.
dialogue	train	what#0	Don’t know how	Why do you ask?
dialogue	val	i#11	Too stupid to learn, but I love music dearly	You say too stupid to learn but you love music dearly?
dialogue	val	xnone#0	That will do, that will do, young lady	I'm not sure I understand you fully.
dialogue	val	are#1	Too many sugarplums are not good for him	Did you think they might not be not good for him?
dialogue	train	i#11	His music isn’t bad, but I hope he will do as well in more important things	You say his music isnt bad but you hope he will do as well in more important things?
dialogue	train	i#6	well, I’m much obliged to you, and I hope you’ll come again	Is it because you are much obliged to I and you hope youll come again that you came to me?
dialogue	train	my#1	My respects to your mother	Tell me more about your family.
dialogue	train	xnone#0	Good night, Doctor Jo	I'm not sure I understand you fully.
dialogue	train	no#0	No, it was me	Are you saying no just to be negative?
dialogue	val	xnone#0	He doesn’t like to hear me play	I'm not sure I understand you fully.
dialogue	train	you#3	I’ll tell you some day	We were discussing you -- not me.
dialogue	train	you#3	John is going home with you, as I can’t	We were discussing you -- not me.
dialogue	train	no#0	No need of that	Are you saying no just to be negative?
dialogue	train	i#6	I am not a young lady, and it’s only a step	Is it because you are not a young lady and its only a step that you came to me?
dialogue	val	you#3	Take care of yourself, won’t you	We were discussing you -- not me.
dialogue	train	yes#0	Yes, but you will come again, I hope	You seem to be quite positive.
dialogue	train	if#0	If you promise to come and see us after you are well	Do you think its likely that I promise to come and see us after I are well?
dialogue	train	xnone#0	Good night, Laurie	I'm not sure I understand you fully.
dialogue	train	xnone#0	Good night, Jo, good night	I'm not sure I understand you fully.
dialogue	train	what#0	Mother, why didn’t Mr	Why do you ask?
dialogue	train	xnone#0	Laurence like to have Laurie play	I'm not sure I understand you fully.
dialogue	train	what#0	They both died when Laurie was a little child, and then his grandfather took him home	Why do you ask?
dialogue	train	what#0	Dear me, how romantic	Why do you ask?
dialogue	train	what#0	That’s why he has such handsome black eyes and pretty manners, I suppose	Why do you ask?
dialogue	train	always#0	Italians are always nice	Can you think of a specific example?
dialogue	train	what#0	What do you know about his eyes and his manners	Why do you ask?
dialogue	train	you#3	You never spoke to him, hardly	We were discussing you -- not me.
dialogue	train	i#10	I saw him at the party, and what you tell shows that he knows how to behave	Perhaps in your fantasies we saw him at the party and what each other.
dialogue	val	xnone#0	That was a nice little speech about the medicine Mother sent him	I'm not sure I understand you fully.
dialogue	train	i#11	He meant the blanc mange, I suppose	You say he meant the blanc mange you suppose?
dialogue	train	what#0	How stupid you are, child	Why do you ask?
dialogue	val	you#3	He meant you, of course	We were discussing you -- not me.
dialogue	val	i#11	I never saw such a girl	You say you never saw such a girl?
dialogue	val	you#3	You don’t know a compliment when you get it	We were discussing you -- not me.
dialogue	train	my#2	I think they are great nonsense, and I’ll thank you not to be silly and spoil my fun	Your fun?
dialogue	train	my#2	I don’t call myself a child, and I’m not in my teens yet	Your teens yet?
dialogue	val	what#0	What do you say, Beth	Why do you ask?
dialogue	train	was#1	I was thinking about our ‘_Pilgrim’s Progress	Were you really?
dialogue	train	xnone#0	We have got to get by the lions first	I'm not sure I understand you fully.
dialogue	val	xnone#0	the Marches were regularly splendid girls	I'm not sure I understand you fully.
dialogue	val	xnone#0	Never mind, let him take a holiday, and make it up afterward	I'm not sure I understand you fully.
dialogue	train	xnone#0	The good lady next door says he is studying too hard and needs young society, amusement, and exercise	I'm not sure I understand you fully.
dialogue	train	if#0	I suspect she is right, and that I’ve been coddling the fellow as if I’d been his grandmother	Do you think its likely that id been his grandmother?
dialogue	val	what#0	Let him do what he likes, as long as he is happy	Why do you ask?
dialogue	train	xnone#0	He can’t get into mischief in that little nunnery over there, and Mrs	I'm not sure I understand you fully.
dialogue	train	xnone#0	March is doing more for him than we can	I'm not sure I understand you fully.
dialogue	train	xnone#0	But the piano suffers for want of use	I'm not sure I understand you fully.
dialogue	train	xnone#0	They needn’t see or speak to anyone, but run in at any time	I'm not sure I understand you fully.
dialogue	train	if#0	Please, tell the young ladies what I say, and if they don’t care to come, why, never mind	Do you think its likely that they dont care to come why never mind?
dialogue	train	xnone#0	Oh sir, they do care, very very much	I'm not sure I understand you fully.
dialogue	train	are#0	Are you the musical girl	Why are you interested in whether I am the musical girl or not?
dialogue	train	my#2	Not a soul, my dear	Your dear?
dialogue	train	what#0	How kind you are, sir	Why do you ask?
dialogue	train	i#11	I had a little girl once, with eyes like these	You say you had a little girl once with eyes like these?
dialogue	train	my#2	God bless you, my dear	Your dear?
dialogue	train	xnone#0	Good day, madam	I'm not sure I understand you fully.
dialogue	train	i#6	Mother, I’m going to work Mr	Is it because you are going to work mr that you came to me?
dialogue	train	xnone#0	Laurence a pair of slippers	I'm not sure I understand you fully.
dialogue	train	i#8	He is so kind to me, I must thank him, and I don’t know any other way	Don't you really know any other way?
dialogue	train	can#1	Can I do it	Whether or not you can do it depends on you more than me.
dialogue	train	xnone#0	It will please him very much, and be a nice way of thanking him	I'm not sure I understand you fully.
dialogue	train	you#3	The girls will help you about them, and I will pay for the making up	We were discussing you -- not me.
dialogue	train	xnone#0	Here’s a letter from the old gentleman	I'm not sure I understand you fully.
dialogue	train	xnone#0	Come quick, and read it	I'm not sure I understand you fully.
dialogue	train	you#3	Oh, Beth, he’s sent you	We were discussing you -- not me.
dialogue	train	xnone#0	Miss Elizabeth March	I'm not sure I understand you fully.
dialogue	train	my#2	Yes, all for you, my precious	Your precious?
dialogue	train	xnone#0	Isn’t it splendid of him	I'm not sure I understand you fully.
dialogue	train	you#3	Don’t you think he’s the dearest old man in the world	We were discussing you -- not me.
dialogue	train	xnone#0	Here’s the key in the letter	I'm not sure I understand you fully.
dialogue	train	are#1	We didn’t open it, but we are dying to know what he says	Did you think they might not be dying to know what he says?
dialogue	train	you#3	You read it	We were discussing you -- not me.
dialogue	train	i#7	I can’t, I feel so queer	How do you think that you can't you feel so queer?
dialogue	train	xnone#0	Oh, it is too lovely	I'm not sure I understand you fully.
dialogue	train	xnone#0	Miss March: “Dear Madam	I'm not sure I understand you fully.
dialogue	train	what#0	How nice it sounds	Why do you ask?
dialogue	train	i#11	I wish someone would write to me so	You say you wish someone would write to you so?
dialogue	train	my#2	Heart’s-ease is my favorite flower, and these will always remind me of the gentle giver	Your favorite flower and these will always remind you of the gentle giver?
dialogue	train	i#11	With hearty thanks and best wishes, I remain “‘Your grateful friend and humble servant, ‘JAMES LAURENCE	You say with hearty thanks and best wishes you remain my grateful friend and humble servant james laurence?
dialogue	train	i#6	There, Beth, that’s an honor to be proud of, I’m sure	Is it because you are sure that you came to me?
dialogue	train	what#0	Laurie told me how fond Mr	Why do you ask?
dialogue	train	what#0	Laurence used to be of the child who died, and how he kept all her little things carefully	Why do you ask?
dialogue	train	you#3	Just think, he’s given you her piano	We were discussing you -- not me.
dialogue	train	xnone#0	That comes of having big blue eyes and loving music	I'm not sure I understand you fully.
dialogue	train	your#0	Your humble servant, James Laurence	Why are you concerned over my humble servant james laurence?
dialogue	train	you#3	Only think of his writing that to you	We were discussing you -- not me.
dialogue	train	xnone#0	I’ll tell the girls	I'm not sure I understand you fully.
dialogue	train	xnone#0	They’ll think it’s splendid	I'm not sure I understand you fully.
dialogue	train	xnone#0	Try it, honey	I'm not sure I understand you fully.
dialogue	train	xnone#0	Let’s hear the sound of the baby pianny	I'm not sure I understand you fully.
dialogue	train	xnone#0	You’ll have to go and thank him	I'm not sure I understand you fully.
dialogue	train	yes#0	Yes, I mean to	You seem to be quite positive.
dialogue	train	i#11	I guess I’ll go now, before I get frightened thinking about it	You say you guess ill go now before you get frightened thinking about it?
dialogue	train	if#0	Well, I wish I may die if it ain’t the queerest thing I ever see	Do you think its likely that it aint the queerest thing you ever see?
dialogue	train	xnone#0	The pianny has turned her head	I'm not sure I understand you fully.
dialogue	train	xnone#0	She’d never have gone in her right mind	I'm not sure I understand you fully.
dialogue	train	i#10	I came to thank you, sir, for	Perhaps in your fantasies we came to thank each other.
dialogue	train	i#11	Well, I do believe the world is coming to an end	You say well you do believe the world is coming to an end?
dialogue	val	xnone#0	That boy is a perfect cyclops, isn’t he	I'm not sure I understand you fully.
dialogue	train	what#0	How dare you say so, when he’s got both his eyes	Why do you ask?
dialogue	train	are#1	And very handsome ones they are, too	Did you think they might not be too?
dialogue	train	my#2	Oh, my goodness	Your goodness?
dialogue	train	xnone#0	That little goose means a centaur, and she called him a Cyclops	I'm not sure I understand you fully.
dialogue	train	you#3	You needn’t be so rude, it’s only a ‘lapse of lingy’, as Mr	We were discussing you -- not me.
dialogue	train	i#11	I just wish I had a little of the money Laurie spends on that horse	You say you just wish you had a little of the money laurie spends on that horse?
dialogue	train	i#0	I need it so much	What would it mean to you if you got it so much?
dialogue	train	my#2	I’m dreadfully in debt, and it won’t be my turn to have the rag money for a month	Your turn to have the rag money for a month?
dialogue	train	xnone#0	In debt, Amy	I'm not sure I understand you fully.
dialogue	train	xnone#0	Tell me all about it	I'm not sure I understand you fully.
dialogue	train	are#1	Are limes the fashion now	Did you think they might not be limes the fashion now?
dialogue	train	xnone#0	It used to be pricking bits of rubber to make balls	I'm not sure I understand you fully.
dialogue	train	if#0	If one girl likes another, she gives her a lime	Do you think its likely that one girl likes another she gives her a lime?
dialogue	train	if#0	If she’s mad with her, she eats one before her face, and doesn’t offer even a suck	Do you think its likely that shes mad with her she eats one before her face and doesnt offer even a suck?
dialogue	train	what#0	How much will pay them off and restore your credit	Why do you ask?
dialogue	train	you#3	A quarter would more than do it, and leave a few cents over for a treat for you	We were discussing you -- not me.
dialogue	train	you#3	Don’t you like limes	We were discussing you -- not me.
dialogue	train	what#0	What a noble fellow	Why do you ask?
dialogue	train	xnone#0	the land of mist and snow	I'm not sure I understand you fully.
dialogue	train	you#3	Here is our captain, and he will not allow you to perish on the open sea	We were discussing you -- not me.
dialogue	train	i#11	Before I come on board your vessel	You say before you come on board my vessel?
dialogue	train	you#1	will you have the kindness to inform me whither you are bound	What makes you think I am bound?
dialogue	train	what#0	To seek one who fled from me	Why do you ask?
dialogue	train	alike#0	And did the man whom you pursued travel in the same fashion	In what way?
dialogue	train	i#11	I have, doubtless, excited your curiosity, as well as that of these good people	You say you have doubtless excited my curiosity as well as that of these good people?
dialogue	train	you#1	but you are too considerate to make inquiries	What makes you think I am too considerate to make inquiries?
dialogue	train	you#3	it would indeed be very impertinent and inhuman in me to trouble you with any inquisitiveness of mine	We were discussing you -- not me.
dialogue	train	you#2	And yet you rescued me from a strange and perilous situation	Why do you think I rescued you?
dialogue	train	you#2	you have benevolently restored me to life	Why do you think I have benevolently restored you?
dialogue	train	my#2	Do you share my madness	Your madness?
dialogue	train	you#3	Have you drunk also of the intoxicating draught	We were discussing you -- not me.
dialogue	train	my#2	let me reveal my tale, and you will dash the cup from your lips	Your tale and I will dash the cup from my lips?
dialogue	train	i#10	I agree with you	Perhaps in your fantasies we agree with each other.
dialogue	train	you#3	You have hope, and the world before you, and have no cause for despair	We were discussing you -- not me.
dialogue	val	i#11	But I—I have lost everything and cannot begin life anew	You say but you you have lost everything and cannot begin life anew?
dialogue	val	you#3	You may easily perceive, Captain Walton, that I have suffered great and unparalleled misfortunes	We were discussing you -- not me.
dialogue	train	you#3	You seek for knowledge and wisdom, as I once did	We were discussing you -- not me.
dialogue	val	my#2	I do not know that the relation of my disasters will be useful to you	Your disasters will be useful to I?
dialogue	train	are#1	Prepare to hear of occurrences which are usually deemed marvellous	Did you think they might not be usually deemed marvellous?
dialogue	train	i#11	Were we among the tamer scenes of nature I might fear to encounter your unbelief, perhaps your ridicule	You say was we among the tamer scenes of nature you might fear to encounter my unbelief perhaps my ridicule?
dialogue	train	i#10	I thank you	Perhaps in your fantasies we thank each other.
dialogue	train	your#0	for your sympathy, but it is useless	Why are you concerned over my sympathy but it is useless?
dialogue	train	my#2	my fate is nearly fulfilled	Your fate is nearly fulfilled?
dialogue	train	i#11	I wait but for one event, and then I shall repose in peace	You say you wait but for one event and then you shall repose in peace?
dialogue	train	i#11	I understand your feeling	You say you understand my feeling?
dialogue	train	name#0	but you are mistaken, my friend, if thus you will allow me to name you	I am not interested in names.
dialogue	train	my#2	nothing can alter my destiny	Your destiny?
dialogue	train	my#2	listen to my history, and you will perceive how irrevocably it is determined	Your history and I will perceive what irrevocably it is determined?
dialogue	train	my#2	I have a pretty present for my Victor—tomorrow he shall have it	Your victor tomorrow he shall have it?
dialogue	train	my#2	My dear Victor, do not waste your time upon this	Your dear victor do not waste my time upon this?
dialogue	train	xnone#0	it is sad trash	I'm not sure I understand you fully.
dialogue	val	my#2	my firmest hopes of future happiness were placed on the prospect of your union	Your firmest hopes of future happiness was placed on the prospect of my union?
dialogue	train	your#0	This expectation will now be the consolation of your father	Why are you concerned over my father?
dialogue	train	my#1	Elizabeth, my love, you must supply my place to my younger children	Tell me more about your family.
dialogue	train	i#6	I regret that I am taken from you	Is it because you are taken from I that you came to me?
dialogue	train	i#10	and, happy and beloved as I have been, is it not hard to quit you all	Perhaps in your fantasies we have been is it not hard to quit each other.
dialogue	train	are#1	But these are not thoughts befitting me	Did you think they might not be not thoughts befitting you?
dialogue	train	xnone#0	old familiar faces	I'm not sure I understand you fully.
dialogue	train	your#0	really spent your time in studying such nonsense	Why are you concerned over my time in studying such nonsense?
dialogue	train	you#3	every instant that you have wasted on those books is utterly and entirely lost	We were discussing you -- not me.
dialogue	train	you#3	You have burdened your memory with exploded systems and useless names	We were discussing you -- not me.
dialogue	train	i#11	I little expected, in this enlightened and scientific age, to find a disciple of Albertus Magnus and Paracelsus	You say you little expected in this enlightened and scientific age to find a disciple of albertus magnus and paracelsus?
dialogue	train	my#2	My dear sir, you must begin your studies entirely anew	Your dear sir I must begin my studies entirely anew?
dialogue	train	xnone#0	The ancient teachers of this science	I'm not sure I understand you fully.
dialogue	train	xnone#0	promised impossibilities and performed nothing	I'm not sure I understand you fully.
dialogue	train	xnone#0	The modern masters promise very little	I'm not sure I understand you fully.
dialogue	train	what#0	They penetrate into the recesses of nature and show how she works in her hiding-places	Why do you ask?
dialogue	train	xnone#0	They ascend into the heavens	I'm not sure I understand you fully.
dialogue	train	what#0	they have discovered how the blood circulates, and the nature of the air we breathe	Why do you ask?
dialogue	train	xnone#0	They have acquired new and almost unlimited powers	I'm not sure I understand you fully.
dialogue	train	i#2	I am happy	How have I helped you to be happy?
dialogue	train	xnone#0	to have gained a disciple	I'm not sure I understand you fully.
dialogue	val	if#0	and if your application equals your ability, I have no doubt of your success	Do you think its likely that my application equals my ability you have no doubt of my success?
dialogue	train	xnone#0	Chemistry is that branch of natural philosophy in which the greatest improvements have been and may be made	I'm not sure I understand you fully.
dialogue	train	my#2	it is on that account that I have made it my peculiar study	Your peculiar study?
dialogue	train	alike#0	but at the same time, I have not neglected the other branches of science	In what way?
dialogue	train	my#2	My dear Frankenstein	Your dear frankenstein?
dialogue	train	what#0	how glad I am to see you	Why do you ask?
dialogue	train	my#2	How fortunate that you should be here at the very moment of my alighting	Your alighting?
dialogue	train	you#3	You may easily believe	We were discussing you -- not me.
dialogue	train	you#3	It gives me the greatest delight to see you	We were discussing you -- not me.
dialogue	train	my#1	but tell me how you left my father, brothers, and Elizabeth	Tell me more about your family.
dialogue	train	you#3	Very well, and very happy, only a little uneasy that they hear from you so seldom	We were discussing you -- not me.
dialogue	train	i#10	By the by, I mean to lecture you a little upon their account myself	Perhaps in your fantasies we mean to lecture each other.
dialogue	train	my#2	But, my dear Frankenstein	Your dear frankenstein?
dialogue	train	i#10	I did not before remark how very ill you appear	Perhaps in your fantasies we did not before remark what very ill each other.
dialogue	train	xnone#0	so thin and pale	I'm not sure I understand you fully.
dialogue	train	if#0	you look as if you had been watching for several nights	Do you think its likely that I had been watching for several nights?
dialogue	train	you#3	You have guessed right	We were discussing you -- not me.
dialogue	train	my#2	My dear Victor	Your dear victor?
dialogue	train	what#0	what, for God’s sake, is the matter	Why do you ask?
dialogue	train	xnone#0	Do not laugh in that manner	I'm not sure I understand you fully.
dialogue	train	what#0	How ill you are	Why do you ask?
dialogue	train	what#0	What is the cause of all this	Why do you ask?
dialogue	train	xnone#0	Do not ask me	I'm not sure I understand you fully.
dialogue	train	xnone#0	he_ can tell	I'm not sure I understand you fully.
dialogue	train	xnone#0	Oh, save me	I'm not sure I understand you fully.
dialogue	train	what#0	how kind, how very good you are to me	Why do you ask?
dialogue	train	what#0	How shall I ever repay you	Why do you ask?
dialogue	train	if#0	I will not mention it if it agitates you	Do you think its likely that it agitates I?
dialogue	train	what#0	They hardly know how ill you have been and are uneasy at your long silence	Why do you ask?
dialogue	train	my#2	Is that all, my dear Henry	Your dear henry?
dialogue	train	your#0	it is from your cousin, I believe	Why are you concerned over my cousin you believe?
dialogue	train	you#1	You are forbidden to write—to hold a pen	What makes you think I am forbidden to write to hold a pen?
dialogue	train	you#3	yet one word from you, dear Victor, is necessary to calm our apprehensions	We were discussing you -- not me.
dialogue	train	you#1	Yet that is over now: Clerval writes that indeed you are getting better	What makes you think I am getting better?
dialogue	val	i#10	I eagerly hope that you will confirm this intelligence soon in your own handwriting	Perhaps in your fantasies we eagerly hope that each other.
dialogue	train	xnone#0	Get well—and return to us	I'm not sure I understand you fully.
dialogue	val	you#3	You will find a happy, cheerful home and friends who love you dearly	We were discussing you -- not me.
dialogue	train	xnone#0	and not a care will ever cloud his benevolent countenance	I'm not sure I understand you fully.
dialogue	train	what#0	How pleased you would be to remark the improvement of our Ernest	Why do you ask?
dialogue	train	xnone#0	He is now sixteen and full of activity and spirit	I'm not sure I understand you fully.
dialogue	train	xnone#0	He looks upon study as an odious fetter	I'm not sure I understand you fully.
dialogue	train	xnone#0	his time is spent in the open air, climbing the hills or rowing on the lake	I'm not sure I understand you fully.
dialogue	train	you#3	Little alteration, except the growth of our dear children, has taken place since you left us	We were discussing you -- not me.
dialogue	train	xnone#0	The blue lake and snow-clad mountains—they never change	I'm not sure I understand you fully.
dialogue	train	alike#0	and I think our placid home and our contented hearts are regulated by the same immutable laws	In what way?
dialogue	train	you#3	Since you left us, but one change has taken place in our little household	We were discussing you -- not me.
dialogue	train	remember#1	Do you remember on what occasion Justine Moritz entered our family	Did you think I would forget on what occasion justine moritz entered our family?
dialogue	train	you#3	Probably you do not	We were discussing you -- not me.
dialogue	train	i#11	I will relate her history, therefore in a few words	You say you will relate her history therefore in a few words?
dialogue	train	xnone#0	Madame Moritz, her mother, was a widow with four children, of whom Justine was the third	I'm not sure I understand you fully.
dialogue	train	xnone#0	Moritz, treated her very ill	I'm not sure I understand you fully.
dialogue	train	xnone#0	Hence there is less distinction between the several classes of its inhabitants	I'm not sure I understand you fully.
dialogue	train	are#1	and the lower orders, being neither so poor nor so despised, their manners are more refined and moral	Did you think they might not be more refined and moral?
dialogue	train	alike#0	A servant in Geneva does not mean the same thing as a servant in France and England	In what way?
dialogue	train	you#3	Justine, you may remember, was a great favourite of yours	We were discussing you -- not me.
dialogue	train	xnone#0	This benefit was fully repaid	I'm not sure I understand you fully.
dialogue	train	xnone#0	Poor Justine was very ill	I'm not sure I understand you fully.
dialogue	train	xnone#0	but other trials were reserved for her	I'm not sure I understand you fully.
dialogue	train	xnone#0	One by one, her brothers and sister died	I'm not sure I understand you fully.
dialogue	train	xnone#0	and her mother, with the exception of her neglected daughter, was left childless	I'm not sure I understand you fully.
dialogue	train	xnone#0	The conscience of the woman was troubled	I'm not sure I understand you fully.
dialogue	train	xnone#0	She was a Roman Catholic	I'm not sure I understand you fully.
dialogue	val	i#11	and I believe her confessor confirmed the idea which she had conceived	You say and you believe her confessor confirmed the idea which she had conceived?
dialogue	train	your#0	Accordingly, a few months after your departure for Ingolstadt, Justine was called home by her repentant mother	Why are you concerned over my departure for ingolstadt justine was called home by her repentant mother?
dialogue	train	what#0	She wept when she quitted our house	Why do you ask?
dialogue	train	my#2	she was much altered since the death of my aunt	Your aunt?
dialogue	val	xnone#0	grief had given softness and a winning mildness to her manners, which had before been remarkable for vivacity	I'm not sure I understand you fully.
dialogue	train	xnone#0	Nor was her residence at her mother’s house of a nature to restore her gaiety	I'm not sure I understand you fully.
dialogue	val	xnone#0	The poor woman was very vacillating in her repentance	I'm not sure I understand you fully.
dialogue	train	xnone#0	She died on the first approach of cold weather, at the beginning of this last winter	I'm not sure I understand you fully.
dialogue	train	xnone#0	Justine has just returned to us	I'm not sure I understand you fully.
dialogue	train	i#10	and I assure you I love her tenderly	Perhaps in your fantasies we assure each other.
dialogue	train	xnone#0	She is very clever and gentle, and extremely pretty	I'm not sure I understand you fully.
dialogue	train	my#2	as I mentioned before, her mien and her expression continually remind me of my dear aunt	Your dear aunt?
dialogue	train	my#2	I must say also a few words to you, my dear cousin, of little darling William	Your dear cousin of little darling william?
dialogue	val	you#3	I wish you could see him	We were discussing you -- not me.
dialogue	train	xnone#0	he is very tall of his age, with sweet laughing blue eyes, dark eyelashes, and curling hair	I'm not sure I understand you fully.
dialogue	train	what#0	When he smiles, two little dimples appear on each cheek, which are rosy with health	Why do you ask?
dialogue	train	xnone#0	Her ugly sister, Manon, married M	I'm not sure I understand you fully.
dialogue	train	xnone#0	Duvillard, the rich banker, last autumn	I'm not sure I understand you fully.
dialogue	val	your#0	Your favourite schoolfellow, Louis Manoir, has suffered several misfortunes since the departure of Clerval from Geneva	Why are you concerned over my favourite schoolfellow louis manoir has suffered several misfortunes since the departure of clerval from geneva?
dialogue	train	xnone#0	She is a widow, and much older than Manoir	I'm not sure I understand you fully.
dialogue	train	everyone#0	but she is very much admired, and a favourite with everybody	Really, everybody?
dialogue	train	i#11	I have written myself into better spirits, dear cousin	You say you have written yourself into better spirits dear cousin?
dialogue	train	my#2	but my anxiety returns upon me as I conclude	Your anxiety returns upon you as you conclude?
dialogue	val	xnone#0	Write, dearest Victor,—one line—one word will be a blessing to us	I'm not sure I understand you fully.
dialogue	train	xnone#0	Ten thousand thanks to Henry for his kindness, his affection, and his many letters	I'm not sure I understand you fully.
dialogue	train	are#1	we are sincerely grateful	Did you think they might not be sincerely grateful?
dialogue	train	xnone#0	take care of yourself	I'm not sure I understand you fully.
dialogue	train	i#10	and, I entreat you, write	Perhaps in your fantasies we entreat each other.
dialogue	train	xnone#0	Geneva, March 18th, 17	I'm not sure I understand you fully.
dialogue	train	xnone#0	Dear, dear Elizabeth	I'm not sure I understand you fully.
dialogue	train	i#11	I will write instantly and relieve them from the anxiety they must feel	You say you will write instantly and relieve them from the anxiety they must feel?
dialogue	train	xnone#0	D—n the fellow	I'm not sure I understand you fully.
dialogue	val	i#10	Clerval, I assure you he has outstript us all	Perhaps in your fantasies we assure each other.
dialogue	val	if#0	Ay, stare if you please	Do you think its likely that I please?
dialogue	train	xnone#0	but it is nevertheless true	I'm not sure I understand you fully.
dialogue	train	if#0	and if he is not soon pulled down, we shall all be out of countenance	Do you think its likely that he is not soon pulled down we shall all be out of countenance?
dialogue	train	xnone#0	Frankenstein is modest	I'm not sure I understand you fully.
dialogue	train	xnone#0	an excellent quality in a young man	I'm not sure I understand you fully.
dialogue	train	you#3	Young men should be diffident of themselves, you know, M	We were discussing you -- not me.
dialogue	train	was#1	Clerval: I was myself when young	Were you really?
dialogue	val	xnone#0	but that wears out in a very short time	I'm not sure I understand you fully.
dialogue	train	i#11	But that would be a cruel kindness, and I dare not do it	You say but that would be a cruel kindness and you dare not do it?
dialogue	train	what#0	And how, Victor, can I relate our misfortune	Why do you ask?
dialogue	train	you#3	Absence cannot have rendered you callous to our joys and griefs	We were discussing you -- not me.
dialogue	train	my#2	and how shall I inflict pain on my long absent son	Your long absent son?
dialogue	train	you#3	I wish to prepare you for the woeful news, but I know it is impossible	We were discussing you -- not me.
dialogue	train	xnone#0	William is dead	I'm not sure I understand you fully.
dialogue	val	my#2	that sweet child, whose smiles delighted and warmed my heart, who was so gentle, yet so gay	Your heart who was so gentle yet so gay?
dialogue	train	xnone#0	Victor, he is murdered	I'm not sure I understand you fully.
dialogue	train	i#10	I will not attempt to console you	Perhaps in your fantasies we will not attempt to console each other.
dialogue	train	xnone#0	but will simply relate the circumstances of the transaction	I'm not sure I understand you fully.
dialogue	val	my#2	Last Thursday (May 7th), I, my niece, and your two brothers, went to walk in Plainpalais	Your niece and my two brothers went to walk in plainpalais?
dialogue	train	xnone#0	The evening was warm and serene, and we prolonged our walk farther than usual	I'm not sure I understand you fully.
dialogue	train	xnone#0	It was already dusk before we thought of returning	I'm not sure I understand you fully.
dialogue	train	what#0	and then we discovered that William and Ernest, who had gone on before, were not to be found	Why do you ask?
dialogue	train	xnone#0	We accordingly rested on a seat until they should return	I'm not sure I understand you fully.
dialogue	val	if#0	Presently Ernest came, and enquired if we had seen his brother	Do you think its likely that we had seen his brother?
dialogue	train	xnone#0	He was not there	I'm not sure I understand you fully.
dialogue	train	xnone#0	We returned again, with torches	I'm not sure I understand you fully.
dialogue	val	xnone#0	Elizabeth also suffered extreme anguish	I'm not sure I understand you fully.
dialogue	train	xnone#0	the print of the murder’s finger was on his neck	I'm not sure I understand you fully.
dialogue	train	my#2	He was conveyed home, and the anguish that was visible in my countenance betrayed the secret to Elizabeth	Your countenance betrayed the secret to elizabeth?
dialogue	train	xnone#0	She was very earnest to see the corpse	I'm not sure I understand you fully.
dialogue	train	my#1	I have murdered my darling child	Tell me more about your family.
dialogue	train	xnone#0	She fainted, and was restored with extreme difficulty	I'm not sure I understand you fully.
dialogue	train	what#0	When she again lived, it was only to weep and sigh	Why do you ask?
dialogue	train	xnone#0	This picture is gone, and was doubtless the temptation which urged the murderer to the deed	I'm not sure I understand you fully.
dialogue	train	no#0	We have no trace of him at present, although our exertions to discover him are unremitted	Are you saying no just to be negative?
dialogue	train	my#2	but they will not restore my beloved William	Your beloved william?
dialogue	train	xnone#0	Come, dearest Victor	I'm not sure I understand you fully.
dialogue	train	you#3	you alone can console Elizabeth	We were discussing you -- not me.
dialogue	train	xnone#0	She weeps continually, and accuses herself unjustly as the cause of his death	I'm not sure I understand you fully.
dialogue	train	my#2	her words pierce my heart	Your heart?
dialogue	train	are#1	We are all unhappy	Did you think they might not be all unhappy?
dialogue	train	my#2	but will not that be an additional motive for you, my son, to return and be our comforter	Your son to return and be our comforter?
dialogue	train	your#0	Your dear mother	Why are you concerned over my dear mother?
dialogue	train	your#0	Your affectionate and afflicted father, “Alphonse Frankenstein	Why are you concerned over my affectionate and afflicted father alphonse frankenstein?
dialogue	train	xnone#0	Geneva, May 12th, 17	I'm not sure I understand you fully.
dialogue	train	always#0	are you always to be unhappy	Can you think of a specific example?
dialogue	train	my#2	My dear friend, what has happened	Your dear friend what has happened?
dialogue	train	my#2	I can offer you no consolation, my friend	Your friend?
dialogue	val	your#0	your disaster is irreparable	Why are you concerned over my disaster is irreparable?
dialogue	train	what#0	What do you intend to do	Why do you ask?
dialogue	train	xnone#0	To go instantly to Geneva: come with me, Henry, to order the horses	I'm not sure I understand you fully.
dialogue	train	xnone#0	dear lovely child, he now sleeps with his angel mother	I'm not sure I understand you fully.
dialogue	train	xnone#0	To die so miserably	I'm not sure I understand you fully.
dialogue	train	xnone#0	to feel the murderer’s grasp	I'm not sure I understand you fully.
dialogue	train	what#0	How much more a murdered that could destroy radiant innocence	Why do you ask?
dialogue	val	xnone#0	Poor little fellow	I'm not sure I understand you fully.
dialogue	train	xnone#0	one only consolation have we	I'm not sure I understand you fully.
dialogue	train	xnone#0	his friends mourn and weep, but he is at rest	I'm not sure I understand you fully.
dialogue	train	are#1	The pang is over, his sufferings are at an end for ever	Did you think they might not be at an end for ever?
dialogue	train	no#0	A sod covers his gentle form, and he knows no pain	Are you saying no just to be negative?
dialogue	train	no#0	He can no longer be a subject for pity	Are you saying no just to be negative?
dialogue	train	xnone#0	we must reserve that for his miserable survivors	I'm not sure I understand you fully.
dialogue	train	xnone#0	the palaces of nature	I'm not sure I understand you fully.
dialogue	train	my#2	my own beautiful lake	Your own beautiful lake?
dialogue	train	what#0	how do you welcome your wanderer	Why do you ask?
dialogue	train	your#0	Your summits are clear	Why are you concerned over my summits are clear?
dialogue	train	are#1	the sky and lake are blue and placid	Did you think they might not be blue and placid?
dialogue	train	my#2	Is this to prognosticate peace, or to mock at my unhappiness	Your unhappiness?
dialogue	train	xnone#0	William, dear angel	I'm not sure I understand you fully.
dialogue	train	xnone#0	this is thy funeral, this thy dirge	I'm not sure I understand you fully.
dialogue	train	my#2	Welcome, my dearest Victor	Your dearest victor?
dialogue	train	you#3	You come to us now to share a misery which nothing can alleviate	We were discussing you -- not me.
dialogue	train	your#0	yet your presence will, I hope, revive our father, who seems sinking under his misfortune	Why are you concerned over my presence will you hope revive our father who seems sinking under his misfortune?
dialogue	train	your#0	and your persuasions will induce poor Elizabeth to cease her vain and tormenting self-accusations	Why are you concerned over my persuasions will induce poor elizabeth to cease her vain and tormenting self accusations?
dialogue	train	xnone#0	he was our darling and our pride	I'm not sure I understand you fully.
dialogue	train	xnone#0	She most of all	I'm not sure I understand you fully.
dialogue	train	my#1	she accused herself of having caused the death of my brother, and that made her very wretched	Tell me more about your family.
dialogue	train	xnone#0	But since the murderer has been discovered	I'm not sure I understand you fully.
dialogue	train	xnone#0	The murderer discovered	I'm not sure I understand you fully.
dialogue	train	what#0	how can that be	Why do you ask?
dialogue	train	what#0	who could attempt to pursue him	Why do you ask?
dialogue	train	xnone#0	It is impossible	I'm not sure I understand you fully.
dialogue	train	xnone#0	one might as well try to overtake the winds, or confine a mountain-stream with a straw	I'm not sure I understand you fully.
dialogue	train	i#11	I saw him too	You say you saw him too?
dialogue	train	xnone#0	he was free last night	I'm not sure I understand you fully.
dialogue	train	i#10	I do not know what you mean	Perhaps in your fantasies we do not know what each other.
dialogue	val	xnone#0	but to us the discovery we have made completes our misery	I'm not sure I understand you fully.
dialogue	train	no#0	No one would believe it at first	Are you saying no just to be negative?
dialogue	train	xnone#0	and even now Elizabeth will not be convinced, notwithstanding all the evidence	I'm not sure I understand you fully.
dialogue	train	xnone#0	Poor, poor girl, is she the accused	I'm not sure I understand you fully.
dialogue	val	xnone#0	But it is wrongfully	I'm not sure I understand you fully.
dialogue	train	xnone#0	every one knows that	I'm not sure I understand you fully.
dialogue	train	no#0	no one believes it, surely, Ernest	Are you saying no just to be negative?
dialogue	train	no#0	No one did at first	Are you saying no just to be negative?
dialogue	train	xnone#0	but several circumstances came out, that have almost forced conviction upon us	I'm not sure I understand you fully.
dialogue	train	you#3	But she will be tried today, and you will then hear all	We were discussing you -- not me.
dialogue	train	you#1	You are all mistaken	What makes you think I am all mistaken?
dialogue	train	i#11	I know the murderer	You say you know the murderer?
dialogue	val	xnone#0	Justine, poor, good Justine, is innocent	I'm not sure I understand you fully.
dialogue	train	xnone#0	Good God, papa	I'm not sure I understand you fully.
dialogue	train	what#0	Victor says that he knows who was the murderer of poor William	Why do you ask?
dialogue	train	xnone#0	We do also, unfortunately	I'm not sure I understand you fully.
dialogue	train	my#1	My dear father, you are mistaken	Tell me more about your family.
dialogue	train	xnone#0	Justine is innocent	I'm not sure I understand you fully.
dialogue	train	if#0	If she is, God forbid that she should suffer as guilty	Do you think its likely that she is god forbid that she should suffer as guilty?
dialogue	train	i#11	She is to be tried today, and I hope, I sincerely hope, that she will be acquitted	You say she is to be tried today and you hope you sincerely hope that she will be acquitted?
dialogue	train	my#2	Your arrival, my dear cousin	Your dear cousin?
dialogue	train	xnone#0	fills me with hope	I'm not sure I understand you fully.
dialogue	train	my#2	You perhaps will find some means to justify my poor guiltless Justine	Your poor guiltless justine?
dialogue	train	if#0	who is safe, if she be convicted of crime	Do you think its likely that she be convicted of crime?
dialogue	train	my#2	I rely on her innocence as certainly as I do upon my own	Your own?
dialogue	train	xnone#0	Our misfortune is doubly hard to us	I'm not sure I understand you fully.
dialogue	train	if#0	If she is condemned, I never shall know joy more	Do you think its likely that she is condemned you never shall know joy more?
dialogue	train	i#6	But she will not, I am sure she will not	Is it because you are sure she will not that you came to me?
dialogue	train	my#2	and then I shall be happy again, even after the sad death of my little William	Your little william?
dialogue	train	my#2	She is innocent, my Elizabeth	Your elizabeth?
dialogue	train	xnone#0	and that shall be proved	I'm not sure I understand you fully.
dialogue	train	your#0	fear nothing, but let your spirits be cheered by the assurance of her acquittal	Why are you concerned over my spirits be cheered by the assurance of her acquittal?
dialogue	train	what#0	How kind and generous you are	Why do you ask?
dialogue	train	your#0	dry your tears	Why are you concerned over my tears?
dialogue	train	what#0	how entirely I am innocent	Why do you ask?
dialogue	train	my#2	But I do not pretend that my protestations should acquit me	Your protestations should acquit you?
dialogue	train	what#0	how heavily and fatally this one circumstance weighs against me, but I have no power of explaining it	Why do you ask?
dialogue	train	i#6	But here also I am checked	Is it because you are checked that you came to me?
dialogue	train	xnone#0	Did the murderer place it there	I'm not sure I understand you fully.
dialogue	train	i#11	I know of no opportunity afforded him for so doing	You say you know of no opportunity afforded him for so doing?
dialogue	train	if#0	or, if I had, why should he have stolen the jewel, to part with it again so soon	Do you think its likely that you had why should he have stolen the jewel to part with it again so soon?
dialogue	train	my#2	I commit my cause to the justice of my judges, yet I see no room for hope	Your cause to the justice of your judges yet you see no room for hope?
dialogue	train	i#6	I am well acquainted with the accused	Is it because you are well acquainted with the accused that you came to me?
dialogue	train	xnone#0	During all that period she appeared to me the most amiable and benevolent of human creatures	I'm not sure I understand you fully.
dialogue	train	no#0	She had no temptation for such an action	Are you saying no just to be negative?
dialogue	train	you#3	it is decided as you may have expected	We were discussing you -- not me.
dialogue	train	xnone#0	all judges had rather that ten innocent should suffer than that one guilty should escape	I'm not sure I understand you fully.
dialogue	train	xnone#0	But she has confessed	I'm not sure I understand you fully.
dialogue	train	what#0	How shall I ever again believe in human goodness	Why do you ask?
dialogue	train	xnone#0	Her mild eyes seemed incapable of any severity or guile, and yet she has committed a murder	I'm not sure I understand you fully.
dialogue	val	i#11	I will go, although she is guilty	You say you will go although she is guilty?
dialogue	train	you#2	and you, Victor, shall accompany me	Why do you think I victor shall accompany you?
dialogue	train	i#7	I cannot go alone	How do you think that you can't go alone?
dialogue	train	my#2	Why did you rob me of my last consolation	Your last consolation?
dialogue	train	you#3	And do you also believe that I am so very, very wicked	We were discussing you -- not me.
dialogue	train	my#2	Do you also join with my enemies to crush me, to condemn me as a murderer	Your enemies to crush you to condemn you as a murderer?
dialogue	train	my#2	Rise, my poor girl	Your poor girl?
dialogue	val	if#0	why do you kneel, if you are innocent	Do you think its likely that I are innocent?
dialogue	train	you#3	That report, you say, is false	We were discussing you -- not me.
dialogue	train	i#11	I did confess, but I confessed a lie	You say you did confess but you confessed a lie?
dialogue	train	i#11	I confessed, that I might obtain absolution	You say you confessed that you might obtain absolution?
dialogue	train	my#2	but now that falsehood lies heavier at my heart than all my other sins	Your heart than all your other sins?
dialogue	train	xnone#0	The God of heaven forgive me	I'm not sure I understand you fully.
dialogue	train	was#1	Ever since I was condemned, my confessor has besieged me	Were you really?
dialogue	train	if#0	He threatened excommunication and hell fire in my last moments if I continued obdurate	Do you think its likely that you continued obdurate?
dialogue	train	i#11	Dear lady, I had none to support me	You say dear lady you had none to support you?
dialogue	val	xnone#0	all looked on me as a wretch doomed to ignominy and perdition	I'm not sure I understand you fully.
dialogue	train	what#0	What could I do	Why do you ask?
dialogue	train	i#11	In an evil hour I subscribed to a lie	You say in an evil hour you subscribed to a lie?
dialogue	train	am#0	and now only am I truly miserable	Do you believe you are truly miserable?
dialogue	train	xnone#0	dearest blessed child	I'm not sure I understand you fully.
dialogue	train	i#10	I soon shall see you again in heaven, where we shall all be happy	Perhaps in your fantasies we soon shall see each other.
dialogue	train	i#6	and that consoles me, going as I am to suffer ignominy and death	Is it because you are to suffer ignominy and death that you came to me?
dialogue	train	you#3	Forgive me for having for one moment distrusted you	We were discussing you -- not me.
dialogue	train	what#0	Why did you confess	Why do you ask?
dialogue	train	xnone#0	But do not mourn, dear girl	I'm not sure I understand you fully.
dialogue	train	xnone#0	Do not fear	I'm not sure I understand you fully.
dialogue	train	i#11	I will proclaim, I will prove your innocence	You say you will proclaim you will prove my innocence?
dialogue	train	my#2	I will melt the stony hearts of your enemies by my tears and prayers	Your tears and prayers?
dialogue	train	you#3	You shall not die	We were discussing you -- not me.
dialogue	train	my#1	You, my playfellow, my companion, my sister, perish on the scaffold	Tell me more about your family.
dialogue	train	i#11	I never could survive so horrible a misfortune	You say you never could survive so horrible a misfortune?
dialogue	train	i#11	I do not fear to die	You say you do not fear to die?
dialogue	train	xnone#0	that pang is past	I'm not sure I understand you fully.
dialogue	train	my#2	God raises my weakness and gives me courage to endure the worst	Your weakness and gives you courage to endure the worst?
dialogue	train	i#11	I leave a sad and bitter world	You say you leave a sad and bitter world?
dialogue	train	xnone#0	Learn from me, dear lady, to submit in patience to the will of heaven	I'm not sure I understand you fully.
dialogue	train	you#1	Dear sir, you are very kind to visit me	What makes you think I am very kind to visit you?
dialogue	train	you#3	you, I hope, do not believe that I am guilty	We were discussing you -- not me.
dialogue	train	i#11	I truly thank him	You say you truly thank him?
dialogue	train	i#11	In these last moments I feel the sincerest gratitude towards those who think of me with kindness	You say in these last moments you feel the sincerest gratitude towards those who think of you with kindness?
dialogue	train	what#0	How sweet is the affection of others to such a wretch as I am	Why do you ask?
dialogue	train	was#1	that I were to die with you	Were you really?
dialogue	train	i#7	I cannot live in this world of misery	How do you think that you can't live in this world of misery?
dialogue	train	my#2	Farewell, sweet lady, dearest Elizabeth, my beloved and only friend	Your beloved and only friend?
dialogue	train	you#3	may heaven, in its bounty, bless and preserve you	We were discussing you -- not me.
dialogue	train	you#3	may this be the last misfortune that you will ever suffer	We were discussing you -- not me.
dialogue	train	xnone#0	Live, and be happy, and make others so	I'm not sure I understand you fully.
dialogue	train	you#3	Do you think, Victor	We were discussing you -- not me.
dialogue	train	i#11	that I do not suffer also	You say that you do not suffer also?
dialogue	train	no#0	No one could love a child more than I loved your brother	Are you saying no just to be negative?
dialogue	train	my#2	When I reflect, my dear cousin	Your dear cousin?
dialogue	train	xnone#0	at least they were remote and more familiar to reason than to the imagination	I'm not sure I understand you fully.
dialogue	train	xnone#0	but now misery has come home, and men appear to me as monsters thirsting for each other’s blood	I'm not sure I understand you fully.
dialogue	train	i#6	Yet I am certainly unjust	Is it because you are yes unjust that you came to me?
dialogue	train	everyone#0	Everybody believed that poor girl to be guilty	Really, everybody?
dialogue	train	xnone#0	But she was innocent	I'm not sure I understand you fully.
dialogue	train	i#11	I know, I feel she was innocent	You say you know you feel she was innocent?
dialogue	train	alike#0	you are of the same opinion, and that confirms me	In what way?
dialogue	train	what#0	Victor, when falsehood can look so like the truth, who can assure themselves of certain happiness	Why do you ask?
dialogue	train	xnone#0	William and Justine were assassinated, and the murderer escapes	I'm not sure I understand you fully.
dialogue	train	perhaps#0	he walks about the world free, and perhaps respected	You don't seem quite certain.
dialogue	train	my#2	My dearest friend, you must calm yourself	Your dearest friend I must calm myself?
dialogue	train	what#0	These events have affected me, God knows how deeply	Why do you ask?
dialogue	train	i#6	but I am not so wretched as you are	Is it because you are not so wretched as I are that you came to me?
dialogue	train	your#0	There is an expression of despair, and sometimes of revenge, in your countenance that makes me tremble	Why are you concerned over my countenance that makes you tremble?
dialogue	train	xnone#0	Dear Victor, banish these dark passions	I'm not sure I understand you fully.
dialogue	train	you#3	Remember the friends around you, who centre all their hopes in you	We were discussing you -- not me.
dialogue	val	you#3	Have we lost the power of rendering you happy	We were discussing you -- not me.
dialogue	train	you#2	do you dare approach me	Why do you think I dare approach you?
dialogue	val	my#2	And do not you fear the fierce vengeance of my arm wreaked on your miserable head	Your arm wreaked on my miserable head?
dialogue	train	xnone#0	Begone, vile insect	I'm not sure I understand you fully.
dialogue	train	i#10	Or rather, stay, that I may trample you to dust	Perhaps in your fantasies we may trample each other.
dialogue	train	i#11	I expected this reception	You say you expected this reception?
dialogue	train	xnone#0	All men hate the wretched	I'm not sure I understand you fully.
dialogue	train	what#0	how, then, must I be hated, who am miserable beyond all living things	Why do you ask?
dialogue	val	you#2	You purpose to kill me	Why do you think I purpose to kill you?
dialogue	train	what#0	How dare you sport thus with life	Why do you ask?
dialogue	train	your#0	Do your duty towards me, and I will do mine towards you and the rest of mankind	Why are you concerned over my duty towards you and you will do mine towards I and the rest of mankind?
dialogue	train	if#0	If you will comply with my conditions, I will leave them and you at peace	Do you think its likely that I will comply with your conditions you will leave them and I at peace?
dialogue	train	xnone#0	Fiend that thou art	I'm not sure I understand you fully.
dialogue	train	are#1	The tortures of hell are too mild a vengeance for thy crimes	Did you think they might not be too mild a vengeance for thy crimes?
dialogue	train	my#2	I entreat you to hear me before you give vent to your hatred on my devoted head	Your devoted head?
dialogue	train	my#2	Have I not suffered enough, that you seek to increase my misery	Your misery?
dialogue	train	xnone#0	Remember, thou hast made me more powerful than thyself	I'm not sure I understand you fully.
dialogue	train	my#2	my height is superior to thine, my joints more supple	Your height is superior to thine your joints more supple?
dialogue	train	i#11	But I will not be tempted to set myself in opposition to thee	You say but you will not be tempted to set yourself in opposition to thee?
dialogue	val	i#6	Remember that I am thy creature	Is it because you are thy creature that you came to me?
dialogue	train	i#11	Everywhere I see bliss, from which I alone am irrevocably excluded	You say everywhere you see bliss from which you alone are irrevocably excluded?
dialogue	train	was#1	I was benevolent and good	Were you really?
dialogue	train	xnone#0	misery made me a fiend	I'm not sure I understand you fully.
dialogue	train	i#11	Make me happy, and I shall again be virtuous	You say make you happy and you shall again be virtuous?
dialogue	train	i#10	I will not hear you	Perhaps in your fantasies we will not hear each other.
dialogue	train	no#0	There can be no community between you and me	Are you saying no just to be negative?
dialogue	train	are#1	we are enemies	Did you think they might not be enemies?
dialogue	train	xnone#0	Begone, or let us try our strength in a fight, in which one must fall	I'm not sure I understand you fully.
dialogue	train	what#0	How can I move thee	Why do you ask?
dialogue	train	was#1	Believe me, Frankenstein, I was benevolent	Were you really?
dialogue	train	my#2	my soul glowed with love and humanity	Your soul glowed with love and humanity?
dialogue	train	am#0	but am I not alone, miserably alone	Do you believe you are not alone miserably alone?
dialogue	train	my#2	You, my creator, abhor me	Your creator abhor you?
dialogue	train	what#0	what hope can I gather from your fellow creatures, who owe me nothing	Why do you ask?
dialogue	val	xnone#0	They spurn and hate me	I'm not sure I understand you fully.
dialogue	train	my#2	The desert mountains and dreary glaciers are my refuge	Your refuge?
dialogue	train	i#11	I have wandered here many days	You say you have wandered here many days?
dialogue	train	i#11	These bleak skies I hail, for they are kinder to me than your fellow beings	You say these bleak skies you hail for they are kinder to you than my fellow beings?
dialogue	train	i#11	Shall I not then hate them who abhor me	You say shall you not then hate them who abhor you?
dialogue	val	my#2	I will keep no terms with my enemies	Your enemies?
dialogue	train	my#2	I am miserable, and they shall share my wretchedness	Your wretchedness?
dialogue	train	your#0	Let your compassion be moved, and do not disdain me	Why are you concerned over my compassion be moved and do not disdain you?
dialogue	train	my#2	Listen to my tale	Your tale?
dialogue	train	what#0	when you have heard that, abandon or commiserate me, as you shall judge that I deserve	Why do you ask?
dialogue	val	xnone#0	But hear me	I'm not sure I understand you fully.
dialogue	train	xnone#0	Listen to me, Frankenstein	I'm not sure I understand you fully.
dialogue	train	you#2	You accuse me of murder, and yet you would, with a satisfied conscience, destroy your own creature	Why do you think I accuse you?
dialogue	train	xnone#0	Oh, praise the eternal justice of man	I'm not sure I understand you fully.
dialogue	train	i#10	Yet I ask you not to spare me	Perhaps in your fantasies we ask each other.
dialogue	train	if#0	listen to me, and then, if you can, and if you will, destroy the work of your hands	Do you think its likely that I can and if I will destroy the work of my hands?
dialogue	train	my#2	Why do you call to my remembrance	Your remembrance?
dialogue	val	i#11	circumstances of which I shudder to reflect, that I have been the miserable origin and author	You say circumstances of which you shudder to reflect that you have been the miserable origin and author?
dialogue	train	you#3	Cursed be the day, abhorred devil, in which you first saw light	We were discussing you -- not me.
dialogue	train	i#10	Cursed (although I curse myself) be the hands that formed you	Perhaps in your fantasies we curse yourself be the hands that formed each other.
dialogue	train	you#2	You have made me wretched beyond expression	Why do you think I have made you?
dialogue	train	you#2	You have left me no power to consider whether I am just to you or not	Why do you think I have left you?
dialogue	train	your#0	Relieve me from the sight of your detested form	Why are you concerned over my detested form?
dialogue	train	my#2	Thus I relieve thee, my creator	Your creator?
dialogue	train	i#10	thus I take from thee a sight which you abhor	Perhaps in your fantasies we take from thee a sight which each other.
dialogue	train	xnone#0	Still thou canst listen to me and grant me thy compassion	I'm not sure I understand you fully.
dialogue	train	i#10	By the virtues that I once possessed, I demand this from you	Perhaps in your fantasies we once possessed you demand this from each other.
dialogue	train	my#2	Hear my tale	Your tale?
dialogue	train	your#0	it is long and strange, and the temperature of this place is not fitting to your fine sensations	Why are you concerned over my fine sensations?
dialogue	train	xnone#0	come to the hut upon the mountain	I'm not sure I understand you fully.
dialogue	train	xnone#0	The sun is yet high in the heavens	I'm not sure I understand you fully.
dialogue	train	remember#0	It is with considerable difficulty that I remember the original era of my being	Do you often think of the original era of your being?
dialogue	train	xnone#0	all the events of that period appear confused and indistinct	I'm not sure I understand you fully.
dialogue	train	alike#0	A strange multiplicity of sensations seized me, and I saw, felt, heard, and smelt at the same time	In what way?
dialogue	train	my#2	I walked and, I believe, descended, but I presently found a great alteration in my sensations	Your sensations?
dialogue	train	my#2	Before, dark and opaque bodies had surrounded me, impervious to my touch or sight	Your touch or sight?
dialogue	train	xnone#0	This was the forest near Ingolstadt	I'm not sure I understand you fully.
dialogue	train	my#2	I slaked my thirst at the brook, and then lying down, was overcome by sleep	Your thirst at the brook and then lying down was overcome by sleep?
dialogue	train	what#0	It was dark when I awoke	Why do you ask?
dialogue	val	i#11	I felt cold also, and half frightened, as it were, instinctively, finding myself so desolate	You say you felt cold also and half frightened as it was instinctively finding yourself so desolate?
dialogue	train	was#1	I was a poor, helpless, miserable wretch	Were you really?
dialogue	train	i#11	I knew, and could distinguish, nothing	You say you knew and could distinguish nothing?
dialogue	train	i#11	but feeling pain invade me on all sides, I sat down and wept	You say but feeling pain invade you on all sides you sat down and wept?
dialogue	train	xnone#0	Soon a gentle light stole over the heavens and gave me a sensation of pleasure	I'm not sure I understand you fully.
dialogue	val	i#11	I started up and beheld a radiant form rise from among the trees	You say you started up and beheld a radiant form rise from among the trees?
dialogue	train	i#11	The moon] I gazed with a kind of wonder	You say the moon you gazed with a kind of wonder?
dialogue	train	my#2	It moved slowly, but it enlightened my path, and I again went out in search of berries	Your path and you again went out in search of berries?
dialogue	train	my#2	No distinct ideas occupied my mind	Your mind?
dialogue	train	xnone#0	all was confused	I'm not sure I understand you fully.
dialogue	train	i#11	I felt light, and hunger, and thirst, and darkness	You say you felt light and hunger and thirst and darkness?
dialogue	train	my#2	innumerable sounds rang in my ears, and on all sides various scents saluted me	Your ears and on all sides various scents saluted you?
dialogue	train	i#11	Sometimes I tried to imitate the pleasant songs of the birds but was unable	You say sometimes you tried to imitate the pleasant songs of the birds but was unable?
dialogue	train	my#2	My sensations had by this time become distinct, and my mind received every day additional ideas	Your sensations had by this time become distinct and your mind received every day additional ideas?
dialogue	train	my#2	My eyes became accustomed to the light and to perceive objects in their right forms	Your eyes became accustomed to the light and to perceive objects in their right forms?
dialogue	train	i#11	I distinguished the insect from the herb, and by degrees, one herb from another	You say you distinguished the insect from the herb and by degrees one herb from another?
dialogue	train	alike#0	How strange, I thought, that the same cause should produce such opposite effects	In what way?
dialogue	train	my#2	I examined the materials of the fire, and to my joy found it to be composed of wood	Your joy found it to be composed of wood?
dialogue	val	i#11	I quickly collected some branches, but they were wet and would not burn	You say you quickly collected some branches but they was wet and would not burn?
dialogue	val	was#1	I was pained at this and sat still watching the operation of the fire	Were you really?
dialogue	train	i#11	The wet wood which I had placed near the heat dried and itself became inflamed	You say the wet wood which you had placed near the heat dried and itself became inflamed?
dialogue	train	i#11	I covered it carefully with dry wood and leaves and placed wet branches upon it	You say you covered it carefully with dry wood and leaves and placed wet branches upon it?
dialogue	train	my#2	and then, spreading my cloak, I lay on the ground and sank into sleep	Your cloak you lay on the ground and sank into sleep?
dialogue	train	my#2	It was morning when I awoke, and my first care was to visit the fire	Your first care was to visit the fire?
dialogue	val	i#11	I uncovered it, and a gentle breeze quickly fanned it into a flame	You say you uncovered it and a gentle breeze quickly fanned it into a flame?
dialogue	val	alike#0	I tried, therefore, to dress my food in the same manner, placing it on the live embers	In what way?
dialogue	train	i#11	I found that the berries were spoiled by this operation, and the nuts and roots much improved	You say you found that the berries was spoiled by this operation and the nuts and roots much improved?
dialogue	train	i#11	I passed three days in these rambles and at length discovered the open country	You say you passed three days in these rambles and at length discovered the open country?
dialogue	train	i#11	It was about seven in the morning, and I longed to obtain food and shelter	You say it was about seven in the morning and you longed to obtain food and shelter?
dialogue	train	i#11	This was a new sight to me, and I examined the structure with great curiosity	You say this was a new sight to you and you examined the structure with great curiosity?
dialogue	train	i#11	Finding the door open, I entered	You say finding the door open you entered?
dialogue	train	xnone#0	An old man sat in it, near a fire, over which he was preparing his breakfast	I'm not sure I understand you fully.
dialogue	train	different#0	His appearance, different from any I had ever before seen, and his flight somewhat surprised me	How is it different?
dialogue	train	was#1	But I was enchanted by the appearance of the hut	Were you really?
dialogue	train	xnone#0	here the snow and rain could not penetrate	I'm not sure I understand you fully.
dialogue	train	xnone#0	the ground was dry	I'm not sure I understand you fully.
dialogue	train	i#11	I greedily devoured the remnants of the shepherd’s breakfast, which consisted of bread, cheese, milk, and wine	You say you greedily devoured the remnants of the shepherds breakfast which consisted of bread cheese milk and wine?
dialogue	train	i#11	the latter, however, I did not like	You say the latter however you did not like?
dialogue	train	i#11	Then, overcome by fatigue, I lay down among some straw and fell asleep	You say then overcome by fatigue you lay down among some straw and fell asleep?
dialogue	train	what#0	How miraculous did this appear	Why do you ask?
dialogue	train	my#2	The huts, the neater cottages, and stately houses engaged my admiration by turns	Your admiration by turns?
dialogue	train	xnone#0	The whole village was roused	I'm not sure I understand you fully.
dialogue	train	no#0	No wood, however, was placed on the earth, which formed the floor, but it was dry	Are you saying no just to be negative?
dialogue	train	i#11	One part was open, and by that I had crept in	You say one part was open and by that you had crept in?
dialogue	train	i#11	all the light I enjoyed came through the sty, and that was sufficient for me	You say all the light you enjoyed came through the sty and that was sufficient for you?
dialogue	train	xnone#0	Yet she was meanly dressed, a coarse blue petticoat and a linen jacket being her only garb	I'm not sure I understand you fully.
dialogue	train	xnone#0	her fair hair was plaited but not adorned: she looked patient yet sad	I'm not sure I understand you fully.
dialogue	train	xnone#0	She followed, and they disappeared	I'm not sure I understand you fully.
dialogue	train	xnone#0	and the girl was also busied, sometimes in the house and sometimes in the yard	I'm not sure I understand you fully.
dialogue	val	xnone#0	In one of these was a small and almost imperceptible chink through which the eye could just penetrate	I'm not sure I understand you fully.
dialogue	train	xnone#0	Through this crevice a small room was visible, whitewashed and clean but very bare of furniture	I'm not sure I understand you fully.
dialogue	train	xnone#0	The young girl was occupied in arranging the cottage	I'm not sure I understand you fully.
dialogue	train	what#0	It was a lovely sight, even to me, poor wretch who had never beheld aught beautiful before	Why do you ask?
dialogue	train	xnone#0	he then pronounced a few sounds, and the fair creature, leaving her work, knelt at his feet	I'm not sure I understand you fully.
dialogue	train	i#11	and I withdrew from the window, unable to bear these emotions	You say and you withdrew from the window unable to bear these emotions?
dialogue	train	xnone#0	Soon after this the young man returned, bearing on his shoulders a load of wood	I'm not sure I understand you fully.
dialogue	train	xnone#0	The meal was quickly dispatched	I'm not sure I understand you fully.
dialogue	train	xnone#0	Nothing could exceed in beauty the contrast between these two excellent creatures	I'm not sure I understand you fully.
dialogue	train	xnone#0	One was old, with silver hairs and a countenance beaming with benevolence and love	I'm not sure I understand you fully.
dialogue	train	my#2	I lay on my straw, but I could not sleep	Your straw but you could not sleep?
dialogue	train	i#11	I thought of the occurrences of the day	You say you thought of the occurrences of the day?
dialogue	train	xnone#0	The cottagers arose the next morning before the sun	I'm not sure I understand you fully.
dialogue	train	xnone#0	The young woman arranged the cottage and prepared the food, and the youth departed after the first meal	I'm not sure I understand you fully.
dialogue	train	alike#0	This day was passed in the same routine as that which preceded it	In what way?
dialogue	train	xnone#0	The young man was constantly employed out of doors, and the girl in various laborious occupations within	I'm not sure I understand you fully.
dialogue	val	xnone#0	Nothing could exceed the love and respect which the younger cottagers exhibited towards their venerable companion	I'm not sure I understand you fully.
dialogue	train	xnone#0	They were not entirely happy	I'm not sure I understand you fully.
dialogue	train	xnone#0	The young man and his companion often went apart and appeared to weep	I'm not sure I understand you fully.
dialogue	train	was#1	I saw no cause for their unhappiness, but I was deeply affected by it	Were you really?
dialogue	train	what#0	Yet why were these gentle beings unhappy	Why do you ask?
dialogue	train	my#2	They possessed a delightful house (for such it was in my eyes) and every luxury	Your eyes and every luxury?
dialogue	train	what#0	they had a fire to warm them when chill and delicious viands when hungry	Why do you ask?
dialogue	val	xnone#0	they were dressed in excellent clothes	I'm not sure I understand you fully.
dialogue	train	xnone#0	and, still more, they enjoyed one another’s company and speech, interchanging each day looks of affection and kindness	I'm not sure I understand you fully.
dialogue	train	what#0	What did their tears imply	Why do you ask?
dialogue	train	xnone#0	Did they really express pain	I'm not sure I understand you fully.
dialogue	train	xnone#0	This trait of kindness moved me sensibly	I'm not sure I understand you fully.
dialogue	train	was#1	I discovered also another means through which I was enabled to assist their labours	Were you really?
dialogue	train	what#0	She uttered some words in a loud voice, and the youth joined her, who also expressed surprise	Why do you ask?
dialogue	train	i#11	By degrees I made a discovery of still greater moment	You say by degrees you made a discovery of still greater moment?
dialogue	train	i#11	This was indeed a godlike science, and I ardently desired to become acquainted with it	You say this was indeed a godlike science and you ardently desired to become acquainted with it?
dialogue	train	was#1	But I was baffled in every attempt I made for this purpose	Were you really?
dialogue	train	i#11	I learned and applied the words, _fire, milk, bread,_ and _wood	You say you learned and applied the words fire milk bread and wood?
dialogue	train	i#11	I learned also the names of the cottagers themselves	You say you learned also the names of the cottagers themselves?
dialogue	train	xnone#0	The girl was called _sister_ or _Agatha,_ and the youth _Felix, brother,_ or _son	I'm not sure I understand you fully.
dialogue	train	i#11	I spent the winter in this manner	You say you spent the winter in this manner?
dialogue	train	xnone#0	The gentle manners and beauty of the cottagers greatly endeared them to me	I'm not sure I understand you fully.
dialogue	val	what#0	when they were unhappy, I felt depressed	Why do you ask?
dialogue	train	what#0	when they rejoiced, I sympathised in their joys	Why do you ask?
dialogue	train	xnone#0	He would talk in a cheerful accent, with an expression of goodness that bestowed pleasure even upon me	I'm not sure I understand you fully.
dialogue	train	xnone#0	Agatha listened with respect, her eyes sometimes filled with tears, which she endeavoured to wipe away unperceived	I'm not sure I understand you fully.
dialogue	train	xnone#0	It was not thus with Felix	I'm not sure I understand you fully.
dialogue	train	i#11	I could mention innumerable instances which, although slight, marked the dispositions of these amiable cottagers	You say you could mention innumerable instances which although slight marked the dispositions of these amiable cottagers?
dialogue	train	my#2	I had admired the perfect forms of my cottagers—their grace, beauty, and delicate complexions	Your cottagers their grace beauty and delicate complexions?
dialogue	train	was#0	but how was I terrified when I viewed myself in a transparent pool	What if you were terrified what you viewed yourself in a transparent pool?
dialogue	train	i#11	I did not yet entirely know the fatal effects of this miserable deformity	You say you did not yet entirely know the fatal effects of this miserable deformity?
dialogue	train	xnone#0	From this time Felix was more employed, and the heart-moving indications of impending famine disappeared	I'm not sure I understand you fully.
dialogue	val	i#11	Their food, as I afterwards found, was coarse, but it was wholesome	You say their food as you afterwards found was coarse but it was wholesome?
dialogue	train	xnone#0	and they procured a sufficiency of it	I'm not sure I understand you fully.
dialogue	train	xnone#0	Several new kinds of plants sprang up in the garden, which they dressed	I'm not sure I understand you fully.
dialogue	val	xnone#0	and these signs of comfort increased daily as the season advanced	I'm not sure I understand you fully.
dialogue	train	my#2	My mode of life in my hovel was uniform	Your mode of life in your hovel was uniform?
dialogue	train	my#2	the remainder of the day was spent in observing my friends	Your friends?
dialogue	train	i#11	I afterwards found that these labours, performed by an invisible hand, greatly astonished them	You say you afterwards found that these labours performed by an invisible hand greatly astonished them?
dialogue	train	i#11	and once or twice I heard them, on these occasions, utter the words _good spirit, wonderful	You say and once or twice you heard them on these occasions utter the words good spirit wonderful?
dialogue	train	i#11	but I did not then understand the signification of these terms	You say but you did not then understand the signification of these terms?
dialogue	train	was#1	I was inquisitive to know why Felix appeared so miserable and Agatha so sad	Were you really?
dialogue	train	i#11	I thought (foolish wretch	You say you thought foolish wretch?
dialogue	train	my#2	that it might be in my power to restore happiness to these deserving people	Your power to restore happiness to these deserving people?
dialogue	train	my#2	I looked upon them as superior beings who would be the arbiters of my future destiny	Your future destiny?
dialogue	train	my#2	I formed in my imagination a thousand pictures of presenting myself to them, and their reception of me	Your imagination a thousand pictures of presenting yourself to them and their reception of you?
dialogue	train	my#2	My organs were indeed harsh, but supple	Your organs was indeed harsh but supple?
dialogue	val	xnone#0	It was as the ass and the lap-dog	I'm not sure I understand you fully.
dialogue	val	xnone#0	The pleasant showers and genial warmth of spring greatly altered the aspect of the earth	I'm not sure I understand you fully.
dialogue	train	xnone#0	The birds sang in more cheerful notes, and the leaves began to bud forth on the trees	I'm not sure I understand you fully.
dialogue	val	xnone#0	Happy, happy earth	I'm not sure I understand you fully.
dialogue	val	xnone#0	Fit habitation for gods, which, so short a time before, was bleak, damp, and unwholesome	I'm not sure I understand you fully.
dialogue	val	my#2	My spirits were elevated by the enchanting appearance of nature	Your spirits was elevated by the enchanting appearance of nature?
dialogue	train	my#2	I now hasten to the more moving part of my story	Your story?
dialogue	train	xnone#0	Spring advanced rapidly	I'm not sure I understand you fully.
dialogue	train	xnone#0	the weather became fine and the skies cloudless	I'm not sure I understand you fully.
dialogue	train	my#2	My senses were gratified and refreshed by a thousand scents of delight and a thousand sights of beauty	Your senses was gratified and refreshed by a thousand scents of delight and a thousand sights of beauty?
dialogue	train	xnone#0	It was a lady on horseback, accompanied by a country-man as a guide	I'm not sure I understand you fully.
dialogue	train	xnone#0	The lady was dressed in a dark suit and covered with a thick black veil	I'm not sure I understand you fully.
dialogue	train	my#2	Her voice was musical but unlike that of either of my friends	Your friends?
dialogue	train	xnone#0	Her hair of a shining raven black, and curiously braided	I'm not sure I understand you fully.
dialogue	train	xnone#0	her eyes were dark, but gentle, although animated	I'm not sure I understand you fully.
dialogue	train	xnone#0	her features of a regular proportion, and her complexion wondrously fair, each cheek tinged with a lovely pink	I'm not sure I understand you fully.
dialogue	train	xnone#0	his eyes sparkled, as his cheek flushed with pleasure	I'm not sure I understand you fully.
dialogue	train	i#11	and at that moment I thought him as beautiful as the stranger	You say and at that moment you thought him as beautiful as the stranger?
dialogue	train	different#0	She appeared affected by different feelings	How is it different?
dialogue	val	xnone#0	She did not appear to understand him, but smiled	I'm not sure I understand you fully.
dialogue	train	xnone#0	He assisted her to dismount, and dismissing her guide, conducted her into the cottage	I'm not sure I understand you fully.
dialogue	val	xnone#0	Felix seemed peculiarly happy and with smiles of delight welcomed his Arabian	I'm not sure I understand you fully.
dialogue	train	xnone#0	The stranger learned about twenty words at the first lesson	I'm not sure I understand you fully.
dialogue	train	i#11	most of them, indeed, were those which I had before understood, but I profited by the others	You say most of them indeed was those which you had before understood but you profited by the others?
dialogue	train	xnone#0	As night came on, Agatha and the Arabian retired early	I'm not sure I understand you fully.
dialogue	train	what#0	When they separated Felix kissed the hand of the stranger and said, ‘Good night sweet Safie	Why do you ask?
dialogue	train	i#11	I ardently desired to understand them, and bent every faculty towards that purpose, but found it utterly impossible	You say you ardently desired to understand them and bent every faculty towards that purpose but found it utterly impossible?
dialogue	train	what#0	When she had finished, she gave the guitar to Agatha, who at first declined it	Why do you ask?
dialogue	train	always#0	Safie was always gay and happy	Can you think of a specific example?
dialogue	train	xnone#0	the sun became warmer, the nights clear and balmy	I'm not sure I understand you fully.
dialogue	train	my#2	My days were spent in close attention, that I might more speedily master the language	Your days was spent in close attention that you might more speedily master the language?
dialogue	train	xnone#0	The book from which Felix instructed Safie was Volney’s _Ruins of Empires	I'm not sure I understand you fully.
dialogue	train	different#0	it gave me an insight into the manners, governments, and religions of the different nations of the earth	How is it different?
dialogue	val	xnone#0	These wonderful narrations inspired me with strange feelings	I'm not sure I understand you fully.
dialogue	train	xnone#0	Was man, indeed, at once so powerful, so virtuous and magnificent, yet so vicious and base	I'm not sure I understand you fully.
dialogue	train	xnone#0	To be a great and virtuous man appeared the highest honour that can befall a sensitive being	I'm not sure I understand you fully.
dialogue	val	xnone#0	Every conversation of the cottagers now opened new wonders to me	I'm not sure I understand you fully.
dialogue	train	xnone#0	The words induced me to turn towards myself	I'm not sure I understand you fully.
dialogue	train	was#0	And what was I	What if you were ?
dialogue	train	was#1	I was, besides, endued with a figure hideously deformed and loathsome	Were you really?
dialogue	val	alike#0	I was not even of the same nature as man	In what way?
dialogue	val	was#1	I was more agile than they and could subsist upon coarser diet	Were you really?
dialogue	train	my#2	I bore the extremes of heat and cold with less injury to my frame	Your frame?
dialogue	train	my#2	my stature far exceeded theirs	Your stature far exceeded theirs?
dialogue	train	what#0	When I looked around I saw and heard of none like me	Why do you ask?
dialogue	train	i#7	I cannot describe to you the agony that these reflections inflicted upon me	How do you think that you can't describe to I the agony that these reflections inflicted upon you?
dialogue	val	i#11	I tried to dispel them, but sorrow only increased with knowledge	You say you tried to dispel them but sorrow only increased with knowledge?
dialogue	train	what#0	Of what a strange nature is knowledge	Why do you ask?
dialogue	val	what#0	It clings to the mind when it has once seized on it like a lichen on the rock	Why do you ask?
dialogue	train	xnone#0	The gentle words of Agatha and the animated smiles of the charming Arabian were not for me	I'm not sure I understand you fully.
dialogue	train	xnone#0	Miserable, unhappy wretch	I'm not sure I understand you fully.
dialogue	train	xnone#0	Other lessons were impressed upon me even more deeply	I'm not sure I understand you fully.
dialogue	train	my#2	But where were my friends and relations	Your friends and relations?
dialogue	val	my#1	No father had watched my infant days, no mother had blessed me with smiles and caresses	Tell me more about your family.
dialogue	train	my#2	From my earliest remembrance I had been as I then was in height and proportion	Your earliest remembrance you had been as you then was in height and proportion?
dialogue	train	i#11	I had never yet seen a being resembling me or who claimed any intercourse with me	You say you had never yet seen a being resembling you or who claimed any intercourse with you?
dialogue	train	was#0	What was I	What if you were ?
dialogue	train	xnone#0	The question again recurred, to be answered only with groans	I'm not sure I understand you fully.
dialogue	train	my#2	Some time elapsed before I learned the history of my friends	Your friends?
dialogue	train	name#0	The name of the old man was De Lacey	I am not interested in names.
dialogue	train	xnone#0	The father of Safie had been the cause of their ruin	I'm not sure I understand you fully.
dialogue	train	xnone#0	He was seized and cast into prison the very day that Safie arrived from Constantinople to join him	I'm not sure I understand you fully.
dialogue	val	xnone#0	He was tried and condemned to death	I'm not sure I understand you fully.
dialogue	train	xnone#0	The injustice of his sentence was very flagrant	I'm not sure I understand you fully.
dialogue	train	xnone#0	all Paris was indignant	I'm not sure I understand you fully.
dialogue	train	xnone#0	Felix had accidentally been present at the trial	I'm not sure I understand you fully.
dialogue	train	what#0	his horror and indignation were uncontrollable when he heard the decision of the court	Why do you ask?
dialogue	train	xnone#0	He made, at that moment, a solemn vow to deliver him and then looked around for the means	I'm not sure I understand you fully.
dialogue	train	xnone#0	Felix visited the grate at night and made known to the prisoner his intentions in his favour	I'm not sure I understand you fully.
dialogue	train	xnone#0	and the letters were often in the hands of Felix or Agatha	I'm not sure I understand you fully.
dialogue	train	i#10	Before I depart I will give them to you	Perhaps in your fantasies we depart you will give them to each other.
dialogue	train	my#2	they will prove the truth of my tale	Your tale?
dialogue	train	xnone#0	Safie related that her mother was a Christian Arab, seized and made a slave by the Turks	I'm not sure I understand you fully.
dialogue	train	what#0	recommended by her beauty, she had won the heart of the father of Safie, who married her	Why do you ask?
dialogue	train	name#0	Felix had procured passports in the name of his father, sister, and himself	I am not interested in names.
dialogue	train	xnone#0	and Felix remained with them in expectation of that event	I'm not sure I understand you fully.
dialogue	train	xnone#0	They conversed with one another through the means of an interpreter, and sometimes with the interpretation of looks	I'm not sure I understand you fully.
dialogue	train	xnone#0	and Safie sang to him the divine airs of her native country	I'm not sure I understand you fully.
dialogue	train	xnone#0	His plans were facilitated by the news which arrived from Paris	I'm not sure I understand you fully.
dialogue	train	xnone#0	The plot of Felix was quickly discovered, and De Lacey and Agatha were thrown into prison	I'm not sure I understand you fully.
dialogue	train	dream#0	The news reached Felix and roused him from his dream of pleasure	What does that dream suggest to you?
dialogue	val	xnone#0	This idea was torture to him	I'm not sure I understand you fully.
dialogue	train	xnone#0	He did not succeed	I'm not sure I understand you fully.
dialogue	train	what#0	They found a miserable asylum in the cottage in Germany, where I discovered them	Why do you ask?
dialogue	train	xnone#0	The arrival of the Arabian now infused new life into his soul	I'm not sure I understand you fully.
dialogue	train	xnone#0	The generous nature of Safie was outraged by this command	I'm not sure I understand you fully.
dialogue	val	xnone#0	she attempted to expostulate with her father, but he left her angrily, reiterating his tyrannical mandate	I'm not sure I understand you fully.
dialogue	train	xnone#0	A residence in Turkey was abhorrent to her	I'm not sure I understand you fully.
dialogue	val	alike#0	her religion and her feelings were alike averse to it	In what way?
dialogue	train	xnone#0	She hesitated some time, but at length she formed her determination	I'm not sure I understand you fully.
dialogue	train	xnone#0	She fell, however, into good hands	I'm not sure I understand you fully.
dialogue	train	my#2	Such was the history of my beloved cottagers	Your beloved cottagers?
dialogue	train	xnone#0	It impressed me deeply	I'm not sure I understand you fully.
dialogue	val	my#2	I eagerly seized the prize and returned with it to my hovel	Your hovel?
dialogue	train	i#11	Fortunately the books were written in the language, the elements of which I had acquired at the cottage	You say fortunately the books was written in the language the elements of which you had acquired at the cottage?
dialogue	train	xnone#0	they consisted of _Paradise Lost_, a volume of _Plutarch’s Lives_, and the _Sorrows of Werter	I'm not sure I understand you fully.
dialogue	val	xnone#0	The possession of these treasures gave me extreme delight	I'm not sure I understand you fully.
dialogue	val	i#10	I can hardly describe to you the effect of these books	Perhaps in your fantasies we can hardly describe to each other.
dialogue	train	i#11	But I thought Werter himself a more divine being than I had ever beheld or imagined	You say but you thought werter himself a more divine being than you had ever beheld or imagined?
dialogue	train	no#0	his character contained no pretension, but it sank deep	Are you saying no just to be negative?
dialogue	train	xnone#0	The disquisitions upon death and suicide were calculated to fill me with wonder	I'm not sure I understand you fully.
dialogue	train	my#2	As I read, however, I applied much personally to my own feelings and condition	Your own feelings and condition?
dialogue	train	was#1	I sympathised with and partly understood them, but I was unformed in mind	Were you really?
dialogue	train	was#1	I was dependent on none and related to none	Were you really?
dialogue	train	my#2	The path of my departure was free,’ and there was none to lament my annihilation	Your departure was free and there was none to lament your annihilation?
dialogue	train	my#2	My person was hideous and my stature gigantic	Your person was hideous and your stature gigantic?
dialogue	train	what#0	What did this mean	Why do you ask?
dialogue	val	was#0	Who was I	What if you were ?
dialogue	train	i#11	Whence did I come	You say whence did you come?
dialogue	val	my#2	What was my destination	Your destination?
dialogue	train	was#1	These questions continually recurred, but I was unable to solve them	Were you really?
dialogue	train	different#0	This book had a far different effect upon me from the _Sorrows of Werter	How is it different?
dialogue	train	i#11	I learned from Werter’s imaginations despondency and gloom, but Plutarch taught me high thoughts	You say you learned from werters imaginations despondency and gloom but plutarch taught you high thoughts?
dialogue	train	my#2	Many things I read surpassed my understanding and experience	Your understanding and experience?
dialogue	val	i#11	I had a very confused knowledge of kingdoms, wide extents of country, mighty rivers, and boundless seas	You say you had a very confused knowledge of kingdoms wide extents of country mighty rivers and boundless seas?
dialogue	val	was#1	But I was perfectly unacquainted with towns and large assemblages of men	Were you really?
dialogue	train	i#11	I read of men concerned in public affairs, governing or massacring their species	You say you read of men concerned in public affairs governing or massacring their species?
dialogue	train	my#2	The patriarchal lives of my protectors caused these impressions to take a firm hold on my mind	Your protectors caused these impressions to take a firm hold on your mind?
dialogue	val	different#0	But _Paradise Lost_ excited different and far deeper emotions	How is it different?
dialogue	val	my#2	I often referred the several situations, as their similarity struck me, to my own	Your own?
dialogue	train	was#1	Like Adam, I was apparently united by no link to any other being in existence	Were you really?
dialogue	train	different#0	but his state was far different from mine in every other respect	How is it different?
dialogue	train	xnone#0	Another circumstance strengthened and confirmed these feelings	I'm not sure I understand you fully.
dialogue	train	my#2	It was your journal of the four months that preceded my creation	Your creation?
dialogue	train	you#3	You minutely described in these papers every step you took in the progress of your work	We were discussing you -- not me.
dialogue	train	xnone#0	this history was mingled with accounts of domestic occurrences	I'm not sure I understand you fully.
dialogue	train	you#3	You doubtless recollect these papers	We were discussing you -- not me.
dialogue	train	are#1	Here they are	Did you think they might not be ?
dialogue	train	my#2	Everything is related in them which bears reference to my accursed origin	Your accursed origin?
dialogue	train	xnone#0	the whole detail of that series of disgusting circumstances which produced it is set in view	I'm not sure I understand you fully.
dialogue	train	i#11	I sickened as I read	You say you sickened as you read?
dialogue	train	what#0	Hateful day when I received life	Why do you ask?
dialogue	train	i#11	I exclaimed in agony	You say you exclaimed in agony?
dialogue	train	what#0	Why did you form a monster so hideous that even _you_ turned from me in disgust	Why do you ask?
dialogue	train	xnone#0	God, in pity, made man beautiful and alluring, after his own image	I'm not sure I understand you fully.
dialogue	train	my#2	but my form is a filthy type of yours, more horrid even from the very resemblance	Your form is a filthy type of yours more horrid even from the very resemblance?
dialogue	train	i#6	Satan had his companions, fellow devils, to admire and encourage him, but I am solitary and abhorred	Is it because you are solitary and abhorred that you came to me?
dialogue	train	my#2	These were the reflections of my hours of despondency and solitude	Your hours of despondency and solitude?
dialogue	train	what#0	Could they turn from their door one, however monstrous, who solicited their compassion and friendship	Why do you ask?
dialogue	train	xnone#0	Several changes, in the meantime, took place in the cottage	I'm not sure I understand you fully.
dialogue	train	xnone#0	Felix and Agatha spent more time in amusement and conversation, and were assisted in their labours by servants	I'm not sure I understand you fully.
dialogue	train	xnone#0	They did not appear rich, but they were contented and happy	I'm not sure I understand you fully.
dialogue	val	xnone#0	their feelings were serene and peaceful, while mine became every day more tumultuous	I'm not sure I understand you fully.
dialogue	train	was#1	Increase of knowledge only discovered to me more clearly what a wretched outcast I was	Were you really?
dialogue	train	xnone#0	their angelic countenances breathed smiles of consolation	I'm not sure I understand you fully.
dialogue	val	dream#0	But it was all a dream	What does that dream suggest to you?
dialogue	train	my#2	no Eve soothed my sorrows nor shared my thoughts	Your sorrows nor shared your thoughts?
dialogue	train	was#1	I was alone	Were you really?
dialogue	val	i#11	I remembered Adam’s supplication to his Creator	You say you remembered adams supplication to his creator?
dialogue	val	what#0	But where was mine	Why do you ask?
dialogue	train	my#2	He had abandoned me, and in the bitterness of my heart I cursed him	Your heart you cursed him?
dialogue	val	xnone#0	Autumn passed thus	I'm not sure I understand you fully.
dialogue	train	i#11	Yet I did not heed the bleakness of the weather	You say yet you did not heed the bleakness of the weather?
dialogue	train	was#1	I was better fitted by my conformation for the endurance of cold than heat	Were you really?
dialogue	train	what#0	when those deserted me, I turned with more attention towards the cottagers	Why do you ask?
dialogue	train	xnone#0	Their happiness was not decreased by the absence of summer	I'm not sure I understand you fully.
dialogue	train	xnone#0	They loved and sympathised with one another	I'm not sure I understand you fully.
dialogue	train	xnone#0	and their joys, depending on each other, were not interrupted by the casualties that took place around them	I'm not sure I understand you fully.
dialogue	train	my#2	The more I saw of them, the greater became my desire to claim their protection and kindness	Your desire to claim their protection and kindness?
dialogue	val	my#2	my heart yearned to be known and loved by these amiable creatures	Your heart yearned to be known and loved by these amiable creatures?
dialogue	train	my#2	to see their sweet looks directed towards me with affection was the utmost limit of my ambition	Your ambition?
everyday	train	no#0	no cap that was wild	Are you saying no just to be negative?
everyday	train	xnone#0	bro is cooked	I'm not sure I understand you fully.
everyday	train	xnone#0	it is giving main character energy	I'm not sure I understand you fully.
everyday	train	xnone#0	this slaps	I'm not sure I understand you fully.
everyday	train	xnone#0	lowkey stressed about tomorrow	I'm not sure I understand you fully.
everyday	train	xnone#0	highkey tired of this	I'm not sure I understand you fully.
everyday	train	i#6	i am so done with today	Is it because you are so done with today that you came to me?
everyday	train	xnone#0	big yikes	I'm not sure I understand you fully.
everyday	train	xnone#0	that is a vibe	I'm not sure I understand you fully.
everyday	train	xnone#0	we move	I'm not sure I understand you fully.
everyday	train	xnone#0	not me crying at a commercial	I'm not sure I understand you fully.
everyday	train	i#11	i feel seen	You say you feel seen?
everyday	train	xnone#0	the algorithm hates me	I'm not sure I understand you fully.
everyday	train	my#2	my screen time is embarrassing	Your screen time is embarrassing?
everyday	train	my#2	my inbox is on fire	Your inbox is on fire?
everyday	train	xnone#0	the build is red again	I'm not sure I understand you fully.
everyday	val	xnone#0	prod went down at 3am	I'm not sure I understand you fully.
everyday	train	xnone#0	the standup ran over an hour	I'm not sure I understand you fully.
everyday	train	my#2	my manager wants it by friday	Your manager wants it by friday?
everyday	train	xnone#0	the deadline moved up again	I'm not sure I understand you fully.
everyday	train	are#1	we are pivoting again	Did you think they might not be pivoting again?
everyday	train	i#11	i got another rejection email	You say you got another rejection email?
everyday	train	i#11	i have imposter syndrome	You say you have imposter syndrome?
everyday	train	my#2	my code review got torn apart	Your code review got torn apart?
everyday	train	everyone#0	nobody reads my documentation	Really, nobody?
everyday	train	xnone#0	the meeting could have been an email	I'm not sure I understand you fully.
everyday	train	my#2	my laptop fan sounds like a jet	Your laptop fan sounds like a jet?
everyday	train	xnone#0	the wifi keeps dropping	I'm not sure I understand you fully.
everyday	train	i#11	i spent all day debugging a typo	You say you spent all day debugging a typo?
everyday	train	i#11	i pushed to main by accident	You say you pushed to main by accident?
everyday	train	my#2	my roommate never does the dishes	Your roommate never does the dishes?
everyday	train	my#2	my neighbor plays music all night	Your neighbor plays music all night?
everyday	train	my#1	my sister borrowed my car without asking	Tell me more about your family.
everyday	train	my#1	my dad keeps sending me articles	Tell me more about your family.
everyday	train	my#1	my mom asks when i will get married	Tell me more about your family.
everyday	train	my#1	my brother never calls back	Tell me more about your family.
everyday	train	my#2	my grandmother is in the hospital	Your grandmother is in the hospital?
everyday	train	my#2	my parents are visiting next week	Your parents are visiting next week?
everyday	val	my#2	my son will not do his homework	Your son will not do his homework?
everyday	train	my#2	my daughter is starting college	Your daughter is starting college?
everyday	train	my#2	my husband forgot our anniversary	Your husband forgot our anniversary?
everyday	train	my#1	my wife wants to move	Tell me more about your family.
everyday	train	my#2	my partner and i keep fighting	Your partner and you keep fighting?
everyday	train	my#2	i think my friend is avoiding me	Your friend is avoiding you?
everyday	train	i#11	i feel left out	You say you feel left out?
everyday	train	i#11	i feel invisible at parties	You say you feel invisible at parties?
everyday	val	everyone#0	i feel like nobody gets me	Really, nobody?
everyday	train	i#11	i feel great today actually	You say you feel great today actually?
everyday	train	i#11	i feel better than last week	You say you feel better than last week?
everyday	train	i#6	i am proud of myself	Is it because you are proud of yourself that you came to me?
everyday	train	i#6	i am worried about money	Is it because you are worried about money that you came to me?
everyday	train	i#6	i am scared of the future	Is it because you are scared of the future that you came to me?
everyday	train	i#6	i am tired all the time	Is it because you are tired all the time that you came to me?
everyday	train	my#2	i am happy with my new job	Your new job?
everyday	train	i#6	i am nervous about the interview	Is it because you are nervous about the interview that you came to me?
everyday	train	i#1	i am sick of waiting	I am sorry to hear that you are sick.
everyday	val	was#1	i was so embarrassed	Were you really?
everyday	train	was#1	i was fired yesterday	Were you really?
everyday	train	was#1	i was up all night	Were you really?
everyday	train	was#1	i was thinking about my childhood	Were you really?
everyday	train	remember#0	i remember when things were simpler	Do you often think of what things was simpler?
everyday	train	remember#0	i remember my first day of school	Do you often think of your first day of school?
everyday	train	dreamed#0	i dreamed i was late for an exam	Really, you was late for an exam?
everyday	train	dream#0	i had a dream about falling	What does that dream suggest to you?
everyday	train	my#2	i keep dreaming about my old house	Your old house?
everyday	train	i#0	i want a vacation so badly	What would it mean to you if you got a vacation so badly?
everyday	train	my#2	i want to quit my job	Your job?
everyday	train	i#0	i want someone to understand me	What would it mean to you if you got someone to understand you?
everyday	train	i#0	i need a hug	What would it mean to you if you got a hug?
everyday	train	i#0	i need more sleep	What would it mean to you if you got more sleep?
everyday	val	my#2	i need to get my life together	Your life together?
everyday	train	i#4	i wish i could start over	Do you really think so?
everyday	val	my#1	i wish my father were still here	Tell me more about your family.
everyday	train	i#7	i cannot focus on anything	How do you think that you can't focus on anything?
everyday	train	i#7	i cannot stop thinking about it	How do you think that you can't stop thinking about it?
everyday	val	i#7	i cannot afford rent	How do you think that you can't afford rent?
everyday	val	i#11	i do not want to talk about it	You say you do not want to talk about it?
everyday	train	i#11	i do not trust anyone	You say you do not trust anyone?
everyday	train	i#11	i do not know what to do anymore	You say you do not know what to do anymore?
everyday	train	i#4	i think i am burned out	Do you really think so?
everyday	train	everyone#0	i think everyone is judging me	Really, everyone?
everyday	train	i#11	i believe things will get better	You say you believe things will get better?
everyday	train	everyone#0	everyone else seems to have it figured out	Really, everyone?
everyday	train	everyone#0	everybody is busy all the time	Really, everybody?
everyday	train	everyone#0	nobody texts me first	Really, nobody?
everyday	train	my#2	no one asked for my opinion	Your opinion?
everyday	val	always#0	i always say the wrong thing	Can you think of a specific example?
everyday	train	always#0	i always end up alone	Can you think of a specific example?
everyday	train	my#2	it is always my fault	Your fault?
everyday	val	alike#0	people are all the same	In what way?
everyday	train	alike#0	they are all the same to me	In what way?
everyday	train	my#2	you remind me of my teacher	Your teacher?
everyday	train	my#1	you sound like my mother	Tell me more about your family.
everyday	train	computer#0	you are a very strange machine	Do computers worry you?
everyday	train	are#0	are you even listening	Why are you interested in whether I am even listening or not?
everyday	train	can#0	can you hear me	You believe I can hear you don't you?
everyday	val	can#0	can you keep a secret	You believe I can keep a secret don't you?
everyday	train	can#1	can i ask you something	Whether or not you can ask I something depends on you more than me.
everyday	train	what#0	what is wrong with me	Why do you ask?
everyday	train	what#0	what would you do	Why do you ask?
everyday	train	what#0	why does this keep happening	Why do you ask?
everyday	train	why#1	why can't i be happy	Do you think you should be able to be happy?
everyday	train	why#0	why don't you understand	Do you believe I don't understand?
everyday	train	what#0	how do i fix this	Why do you ask?
everyday	train	what#0	when will it get better	Why do you ask?
everyday	train	what#0	who am i really	Why do you ask?
everyday	train	what#0	where do i even start	Why do you ask?
everyday	val	xnone#0	is it normal to feel this way	I'm not sure I understand you fully.
everyday	train	xnone#0	does anyone care	I'm not sure I understand you fully.
everyday	train	because#0	because i said so	Is that the real reason?
everyday	train	because#0	because it hurts	Is that the real reason?
everyday	train	everyone#0	because nobody else will	Really, nobody?
everyday	train	if#0	if only i had listened	Do you think its likely that only you had listened?
everyday	val	if#0	if i fail again i will give up	Do you think its likely that you fail again you will give up?
everyday	val	my#2	perhaps it is my fault	Your fault?
everyday	train	perhaps#0	perhaps you are right	You don't seem quite certain.
everyday	train	perhaps#0	maybe tomorrow will be better	You don't seem quite certain.
everyday	train	perhaps#0	maybe i am overthinking this	You don't seem quite certain.
everyday	train	yes#0	certainly not	You seem to be quite positive.
everyday	train	yes#0	yes exactly	You seem to be quite positive.
everyday	train	yes#0	yes i think so	You seem to be quite positive.
everyday	train	no#0	no not really	Are you saying no just to be negative?
everyday	train	sorry#0	sorry i am rambling	Please don't apologise.
everyday	train	sorry#0	sorry about earlier	Please don't apologise.
everyday	train	i#11	i apologize for being rude	You say you apologise for being rude?
everyday	train	hello#0	hello again	How do you do. Please state your problem.
everyday	train	hello#0	hi there doctor	How do you do. Please state your problem.
everyday	train	xnone#0	good evening	I'm not sure I understand you fully.
everyday	train	xnone#0	thanks for listening	I'm not sure I understand you fully.
everyday	val	xnone#0	bye for now	I'm not sure I understand you fully.
everyday	train	xnone#0	goodbye doctor	I'm not sure I understand you fully.
everyday	val	name#0	my name is sam	I am not interested in names.
everyday	train	xnone#0	call me alex	I'm not sure I understand you fully.
everyday	val	name#0	what is your name	I am not interested in names.
everyday	train	computer#0	the coffee machine is broken again	Do computers worry you?
everyday	train	computer#0	computers make me anxious	Do computers worry you?
everyday	train	computer#0	i think machines will replace us	Do computers worry you?
everyday	train	computer#0	my computer crashed and i lost everything	Do computers worry you?
everyday	train	computer#0	do you think computers can feel	Do computers worry you?
everyday	train	xnone#0	this app keeps crashing	I'm not sure I understand you fully.
everyday	train	my#2	my phone is always dying	Your phone is always dying?
everyday	train	xnone#0	the printer jammed again	I'm not sure I understand you fully.
everyday	train	i#11	i ate cereal for dinner	You say you ate cereal for dinner?
everyday	train	xnone#0	it is raining again	I'm not sure I understand you fully.
everyday	train	xnone#0	the bus was late	I'm not sure I understand you fully.
everyday	train	xnone#0	the traffic was terrible	I'm not sure I understand you fully.
everyday	train	i#11	i watched a documentary about octopuses	You say you watched a documentary about octopuses?
everyday	train	i#11	i started learning the guitar	You say you started learning the guitar?
everyday	train	i#11	i went for a long walk	You say you went for a long walk?
everyday	train	i#11	i baked bread today	You say you baked bread today?
everyday	train	my#2	the cat knocked my plant over	Your plant over?
everyday	train	my#2	my dog chewed my shoes	Your dog chewed your shoes?
everyday	train	my#2	my goldfish died	Your goldfish died?
everyday	train	my#2	my best friend moved to another city	Your best friend moved to another city?
everyday	train	my#2	i lost my wallet	Your wallet?
everyday	train	i#11	i miss how things used to be	You say you miss what things used to be?
everyday	train	xnone#0	it feels like everything is falling apart	I'm not sure I understand you fully.
everyday	train	xnone#0	life is pretty good right now	I'm not sure I understand you fully.
everyday	train	are#1	things are finally looking up	Did you think they might not be finally looking up?
everyday	train	my#2	i passed my driving test	Your driving test?
everyday	train	i#11	i got the job	You say you got the job?
everyday	train	xnone#0	we won the game	I'm not sure I understand you fully.
everyday	train	i#11	i finished the marathon	You say you finished the marathon?
everyday	train	i#6	i am getting married	Is it because you are getting married that you came to me?
everyday	train	are#1	we are having a baby	Did you think they might not be having a baby?
everyday	train	my#2	my house is different now	Your house is different now?
everyday	train	different#0	it is different this time	How is it different?
everyday	train	alike#0	we are alike in a lot of ways	In what way?
everyday	val	alike#0	she is like my mother	In what way?
everyday	train	alike#0	he was like a brother to me	In what way?
everyday	train	i#11	honestly i have no idea	You say honestly you have no idea?
everyday	train	xnone#0	whatever	I'm not sure I understand you fully.
everyday	train	xnone#0	ok	I'm not sure I understand you fully.
everyday	train	xnone#0	cool	I'm not sure I understand you fully.
everyday	train	xnone#0	fine	I'm not sure I understand you fully.
everyday	train	xnone#0	sure	I'm not sure I understand you fully.
everyday	train	xnone#0	hmm	I'm not sure I understand you fully.
everyday	train	xnone#0	idk	I'm not sure I understand you fully.
everyday	train	xnone#0	lmao	I'm not sure I understand you fully.
everyday	train	xnone#0	brb	I'm not sure I understand you fully.
frames	train	hello#0	hi	How do you do. Please state your problem.
frames	train	xnone#0	hey	I'm not sure I understand you fully.
frames	train	xnone#0	good morning	I'm not sure I understand you fully.
frames	train	xnone#0	good afternoon	I'm not sure I understand you fully.
frames	train	xnone#0	greetings	I'm not sure I understand you fully.
frames	train	xnone#0	howdy	I'm not sure I understand you fully.
frames	train	hello#0	hello eliza	How do you do. Please state your problem.
frames	train	xnone#0	hey eliza	I'm not sure I understand you fully.
frames	train	xnone#0	good morning eliza	I'm not sure I understand you fully.
frames	train	xnone#0	good afternoon eliza	I'm not sure I understand you fully.
frames	train	xnone#0	greetings eliza	I'm not sure I understand you fully.
frames	train	xnone#0	howdy eliza	I'm not sure I understand you fully.
frames	train	hello#0	hello there	How do you do. Please state your problem.
frames	train	hello#0	hi there	How do you do. Please state your problem.
frames	train	xnone#0	hey there	I'm not sure I understand you fully.
frames	train	xnone#0	good morning there	I'm not sure I understand you fully.
frames	train	xnone#0	good afternoon there	I'm not sure I understand you fully.
frames	train	xnone#0	greetings there	I'm not sure I understand you fully.
frames	train	xnone#0	howdy there	I'm not sure I understand you fully.
frames	val	hello#0	hello doctor	How do you do. Please state your problem.
frames	val	hello#0	hi doctor	How do you do. Please state your problem.
frames	train	xnone#0	hey doctor	I'm not sure I understand you fully.
frames	train	xnone#0	good morning doctor	I'm not sure I understand you fully.
frames	train	xnone#0	good afternoon doctor	I'm not sure I understand you fully.
frames	train	xnone#0	greetings doctor	I'm not sure I understand you fully.
frames	train	xnone#0	howdy doctor	I'm not sure I understand you fully.
frames	train	hello#0	well hello there	How do you do. Please state your problem.
frames	train	hello#0	well hi there	How do you do. Please state your problem.
frames	train	xnone#0	well hey there	I'm not sure I understand you fully.
frames	train	xnone#0	well good morning there	I'm not sure I understand you fully.
frames	train	xnone#0	well good afternoon there	I'm not sure I understand you fully.
frames	train	xnone#0	well greetings there	I'm not sure I understand you fully.
frames	train	xnone#0	well howdy there	I'm not sure I understand you fully.
frames	train	hello#0	hi again	How do you do. Please state your problem.
frames	train	xnone#0	hey again	I'm not sure I understand you fully.
frames	train	xnone#0	good morning again	I'm not sure I understand you fully.
frames	train	xnone#0	good afternoon again	I'm not sure I understand you fully.
frames	train	xnone#0	greetings again	I'm not sure I understand you fully.
frames	train	xnone#0	howdy again	I'm not sure I understand you fully.
frames	train	my#1	my father never listens to me	Tell me more about your family.
frames	train	my#1	my mom never listens to me	Tell me more about your family.
frames	train	my#1	my dad never listens to me	Tell me more about your family.
frames	train	my#1	my sister never listens to me	Tell me more about your family.
frames	train	my#1	my brother never listens to me	Tell me more about your family.
frames	train	my#2	my parents never listens to me	Your parents never listens to you?
frames	val	my#1	my wife never listens to me	Tell me more about your family.
frames	train	my#2	my husband never listens to me	Your husband never listens to you?
frames	train	my#2	my son never listens to me	Your son never listens to you?
frames	train	my#2	my daughter never listens to me	Your daughter never listens to you?
frames	train	my#2	my grandmother never listens to me	Your grandmother never listens to you?
frames	train	my#2	my girlfriend never listens to me	Your girlfriend never listens to you?
frames	train	my#2	my boyfriend never listens to me	Your boyfriend never listens to you?
frames	train	my#1	i argued with my mother today	Tell me more about your family.
frames	train	my#1	i argued with my father today	Tell me more about your family.
frames	val	my#1	i argued with my mom today	Tell me more about your family.
frames	train	my#1	i argued with my dad today	Tell me more about your family.
frames	train	my#1	i argued with my sister today	Tell me more about your family.
frames	val	my#1	i argued with my brother today	Tell me more about your family.
frames	train	my#2	i argued with my parents today	Your parents today?
frames	val	my#1	i argued with my wife today	Tell me more about your family.
frames	train	my#2	i argued with my husband today	Your husband today?
frames	train	my#2	i argued with my son today	Your son today?
frames	train	my#2	i argued with my daughter today	Your daughter today?
frames	train	my#2	i argued with my grandmother today	Your grandmother today?
frames	train	my#2	i argued with my girlfriend today	Your girlfriend today?
frames	train	my#2	i argued with my boyfriend today	Your boyfriend today?
frames	train	my#1	do you think my mother loves me?	Tell me more about your family.
frames	train	my#1	do you think my father loves me?	Tell me more about your family.
frames	train	my#1	do you think my mom loves me?	Tell me more about your family.
frames	train	my#1	do you think my dad loves me?	Tell me more about your family.
frames	train	my#1	do you think my sister loves me?	Tell me more about your family.
frames	train	my#1	do you think my brother loves me?	Tell me more about your family.
frames	train	my#2	do you think my parents loves me?	Your parents loves you?
frames	train	my#1	do you think my wife loves me?	Tell me more about your family.
frames	train	my#2	do you think my husband loves me?	Your husband loves you?
frames	train	my#2	do you think my son loves me?	Your son loves you?
frames	train	my#2	do you think my daughter loves me?	Your daughter loves you?
frames	train	my#2	do you think my grandmother loves me?	Your grandmother loves you?
frames	train	my#2	do you think my girlfriend loves me?	Your girlfriend loves you?
frames	train	my#2	do you think my boyfriend loves me?	Your boyfriend loves you?
frames	train	my#1	my mother is always on my case	Tell me more about your family.
frames	train	my#1	my father is always on my case	Tell me more about your family.
frames	train	my#1	my mom is always on my case	Tell me more about your family.
frames	train	my#1	my dad is always on my case	Tell me more about your family.
frames	train	my#1	my sister is always on my case	Tell me more about your family.
frames	train	my#1	my brother is always on my case	Tell me more about your family.
frames	train	my#2	my parents is always on my case	Your parents is always on your case?
frames	train	my#1	my wife is always on my case	Tell me more about your family.
frames	train	my#2	my husband is always on my case	Your husband is always on your case?
frames	train	my#2	my son is always on my case	Your son is always on your case?
frames	val	my#2	my daughter is always on my case	Your daughter is always on your case?
frames	val	my#2	my grandmother is always on my case	Your grandmother is always on your case?
frames	train	my#2	my girlfriend is always on my case	Your girlfriend is always on your case?
frames	train	my#2	my boyfriend is always on my case	Your boyfriend is always on your case?
frames	train	my#1	i really miss my mother	Tell me more about your family.
frames	train	my#1	i really miss my father	Tell me more about your family.
frames	train	my#1	i really miss my mom	Tell me more about your family.
frames	train	my#1	i really miss my dad	Tell me more about your family.
frames	train	my#1	i really miss my sister	Tell me more about your family.
frames	train	my#1	i really miss my brother	Tell me more about your family.
frames	train	my#2	i really miss my parents	Your parents?
frames	train	my#1	i really miss my wife	Tell me more about your family.
frames	train	my#2	i really miss my husband	Your husband?
frames	train	my#2	i really miss my son	Your son?
frames	train	my#2	i really miss my daughter	Your daughter?
frames	val	my#2	i really miss my grandmother	Your grandmother?
frames	train	my#2	i really miss my girlfriend	Your girlfriend?
frames	train	my#2	i really miss my boyfriend	Your boyfriend?
frames	train	my#1	you remind me of my mother	Tell me more about your family.
frames	train	my#1	you remind me of my father	Tell me more about your family.
frames	train	my#1	you remind me of my mom	Tell me more about your family.
frames	train	my#1	you remind me of my dad	Tell me more about your family.
frames	train	my#1	you remind me of my sister	Tell me more about your family.
frames	train	my#1	you remind me of my brother	Tell me more about your family.
frames	train	my#2	you remind me of my parents	Your parents?
frames	train	my#1	you remind me of my wife	Tell me more about your family.
frames	train	my#2	you remind me of my husband	Your husband?
frames	train	my#2	you remind me of my son	Your son?
frames	train	my#2	you remind me of my daughter	Your daughter?
frames	val	my#2	you remind me of my grandmother	Your grandmother?
frames	train	my#2	you remind me of my girlfriend	Your girlfriend?
frames	train	my#2	you remind me of my boyfriend	Your boyfriend?
frames	train	i#11	i feel anxious	You say you feel anxious?
frames	val	i#11	i feel lonely	You say you feel lonely?
frames	train	i#11	i feel depressed	You say you feel depressed?
frames	train	i#11	i feel miserable	You say you feel miserable?
frames	train	i#11	i feel empty	You say you feel empty?
frames	val	i#11	i feel angry	You say you feel angry?
frames	train	i#11	i feel tired	You say you feel tired?
frames	train	i#11	i feel scared	You say you feel scared?
frames	train	i#11	i feel hopeless	You say you feel hopeless?
frames	train	i#11	i feel stressed	You say you feel stressed?
frames	train	i#11	i feel afraid	You say you feel afraid?
frames	train	i#11	i feel happy	You say you feel happy?
frames	train	i#11	i feel great	You say you feel great?
frames	train	i#11	i feel better	You say you feel better?
frames	train	i#11	i feel excited	You say you feel excited?
frames	train	i#11	i feel relieved	You say you feel relieved?
frames	train	i#11	i feel hopeful	You say you feel hopeful?
frames	train	i#11	i have been so sad lately	You say you have been so sad lately?
frames	train	i#11	i have been so anxious lately	You say you have been so anxious lately?
frames	val	i#11	i have been so lonely lately	You say you have been so lonely lately?
frames	train	i#11	i have been so depressed lately	You say you have been so depressed lately?
frames	train	i#11	i have been so miserable lately	You say you have been so miserable lately?
frames	train	i#11	i have been so empty lately	You say you have been so empty lately?
frames	train	i#11	i have been so angry lately	You say you have been so angry lately?
frames	train	i#11	i have been so tired lately	You say you have been so tired lately?
frames	train	i#11	i have been so scared lately	You say you have been so scared lately?
frames	train	i#11	i have been so hopeless lately	You say you have been so hopeless lately?
frames	train	i#11	i have been so stressed lately	You say you have been so stressed lately?
frames	train	i#11	i have been so afraid lately	You say you have been so afraid lately?
frames	train	i#11	i have been so happy lately	You say you have been so happy lately?
frames	train	i#11	i have been so great lately	You say you have been so great lately?
frames	train	i#11	i have been so better lately	You say you have been so better lately?
frames	train	i#11	i have been so excited lately	You say you have been so excited lately?
frames	train	i#11	i have been so relieved lately	You say you have been so relieved lately?
frames	train	i#11	i have been so hopeful lately	You say you have been so hopeful lately?
frames	train	you#3	do you ever feel sad?	We were discussing you -- not me.
frames	train	you#3	do you ever feel anxious?	We were discussing you -- not me.
frames	train	you#3	do you ever feel lonely?	We were discussing you -- not me.
frames	train	you#3	do you ever feel depressed?	We were discussing you -- not me.
frames	train	you#3	do you ever feel miserable?	We were discussing you -- not me.
frames	train	you#3	do you ever feel empty?	We were discussing you -- not me.
frames	train	you#3	do you ever feel angry?	We were discussing you -- not me.
frames	val	you#3	do you ever feel tired?	We were discussing you -- not me.
frames	train	you#3	do you ever feel scared?	We were discussing you -- not me.
frames	train	you#3	do you ever feel hopeless?	We were discussing you -- not me.
frames	train	you#3	do you ever feel stressed?	We were discussing you -- not me.
frames	train	you#3	do you ever feel afraid?	We were discussing you -- not me.
frames	val	you#3	do you ever feel happy?	We were discussing you -- not me.
frames	train	you#3	do you ever feel great?	We were discussing you -- not me.
frames	train	you#3	do you ever feel better?	We were discussing you -- not me.
frames	val	you#3	do you ever feel excited?	We were discussing you -- not me.
frames	train	you#3	do you ever feel relieved?	We were discussing you -- not me.
frames	train	you#3	do you ever feel hopeful?	We were discussing you -- not me.
frames	train	i#1	i am sad today	I am sorry to hear that you are sad.
frames	train	i#6	i am anxious today	Is it because you are anxious today that you came to me?
frames	train	i#6	i am lonely today	Is it because you are lonely today that you came to me?
frames	train	i#1	i am depressed today	I am sorry to hear that you are depressed.
frames	val	i#6	i am miserable today	Is it because you are miserable today that you came to me?
frames	train	i#6	i am empty today	Is it because you are empty today that you came to me?
frames	train	i#6	i am angry today	Is it because you are angry today that you came to me?
frames	train	i#6	i am tired today	Is it because you are tired today that you came to me?
frames	val	i#6	i am scared today	Is it because you are scared today that you came to me?
frames	train	i#6	i am hopeless today	Is it because you are hopeless today that you came to me?
frames	train	i#6	i am stressed today	Is it because you are stressed today that you came to me?
frames	val	i#6	i am afraid today	Is it because you are afraid today that you came to me?
frames	train	i#2	i am happy today	How have I helped you to be happy?
frames	train	i#6	i am great today	Is it because you are great today that you came to me?
frames	train	i#2	i am better today	How have I helped you to be better?
frames	val	i#6	i am excited today	Is it because you are excited today that you came to me?
frames	train	i#6	i am relieved today	Is it because you are relieved today that you came to me?
frames	train	i#6	i am hopeful today	Is it because you are hopeful today that you came to me?
frames	train	xnone#0	everything makes me sad	I'm not sure I understand you fully.
frames	train	xnone#0	everything makes me anxious	I'm not sure I understand you fully.
frames	train	xnone#0	everything makes me lonely	I'm not sure I understand you fully.
frames	train	xnone#0	everything makes me depressed	I'm not sure I understand you fully.
frames	train	xnone#0	everything makes me miserable	I'm not sure I understand you fully.
frames	val	xnone#0	everything makes me empty	I'm not sure I understand you fully.
frames	train	xnone#0	everything makes me angry	I'm not sure I understand you fully.
frames	train	xnone#0	everything makes me tired	I'm not sure I understand you fully.
frames	train	xnone#0	everything makes me scared	I'm not sure I understand you fully.
frames	train	xnone#0	everything makes me hopeless	I'm not sure I understand you fully.
frames	train	xnone#0	everything makes me stressed	I'm not sure I understand you fully.
frames	val	xnone#0	everything makes me afraid	I'm not sure I understand you fully.
frames	train	xnone#0	everything makes me happy	I'm not sure I understand you fully.
frames	train	xnone#0	everything makes me great	I'm not sure I understand you fully.
frames	train	xnone#0	everything makes me better	I'm not sure I understand you fully.
frames	train	xnone#0	everything makes me excited	I'm not sure I understand you fully.
frames	train	xnone#0	everything makes me relieved	I'm not sure I understand you fully.
frames	train	xnone#0	everything makes me hopeful	I'm not sure I understand you fully.
frames	train	i#1	i think i am sad	I am sorry to hear that you are sad.
frames	train	i#4	i think i am anxious	Do you really think so?
frames	train	i#4	i think i am lonely	Do you really think so?
frames	train	i#4	i think i am miserable	Do you really think so?
frames	train	i#4	i think i am empty	Do you really think so?
frames	train	i#4	i think i am angry	Do you really think so?
frames	train	i#4	i think i am tired	Do you really think so?
frames	train	i#4	i think i am scared	Do you really think so?
frames	train	i#4	i think i am hopeless	Do you really think so?
frames	train	i#4	i think i am stressed	Do you really think so?
frames	train	i#4	i think i am afraid	Do you really think so?
frames	train	i#2	i think i am happy	How have I helped you to be happy?
frames	train	i#4	i think i am great	Do you really think so?
frames	train	i#2	i think i am better	How have I helped you to be better?
frames	train	i#4	i think i am excited	Do you really think so?
frames	train	i#4	i think i am relieved	Do you really think so?
frames	train	i#4	i think i am hopeful	Do you really think so?
frames	train	i#0	i want a vacation	What would it mean to you if you got a vacation?
frames	train	i#0	i want more money	What would it mean to you if you got more money?
frames	train	i#0	i want some peace	What would it mean to you if you got some peace?
frames	train	i#0	i want a fresh start	What would it mean to you if you got a fresh start?
frames	train	i#0	i want someone to talk to	What would it mean to you if you got someone to talk to?
frames	train	i#0	i want help	What would it mean to you if you got help?
frames	train	i#0	i want a break	What would it mean to you if you got a break?
frames	train	i#0	i want a better life	What would it mean to you if you got a better life?
frames	train	i#4	i wish i had a vacation	Do you really think so?
frames	train	i#4	i wish i had more money	Do you really think so?
frames	train	i#4	i wish i had some peace	Do you really think so?
frames	val	i#4	i wish i had a fresh start	Do you really think so?
frames	train	i#4	i wish i had someone to talk to	Do you really think so?
frames	train	i#4	i wish i had help	Do you really think so?
frames	train	i#4	i wish i had a break	Do you really think so?
frames	train	i#4	i wish i had to be happy	Do you really think so?
frames	train	i#4	i wish i had a better life	Do you really think so?
frames	train	i#0	all i need is a vacation	What would it mean to you if you got is a vacation?
frames	val	i#0	all i need is more money	What would it mean to you if you got is more money?
frames	val	i#0	all i need is some peace	What would it mean to you if you got is some peace?
frames	train	i#0	all i need is a fresh start	What would it mean to you if you got is a fresh start?
frames	train	i#0	all i need is someone to talk to	What would it mean to you if you got is someone to talk to?
frames	val	i#0	all i need is help	What would it mean to you if you got is help?
frames	train	i#0	all i need is a break	What would it mean to you if you got is a break?
frames	train	i#0	all i need is to be happy	What would it mean to you if you got is to be happy?
frames	train	i#0	all i need is a better life	What would it mean to you if you got is a better life?
frames	train	you#3	do you think i will ever get a vacation	We were discussing you -- not me.
frames	train	you#3	do you think i will ever get more money	We were discussing you -- not me.
frames	train	you#3	do you think i will ever get some peace	We were discussing you -- not me.
frames	train	you#3	do you think i will ever get a fresh start	We were discussing you -- not me.
frames	val	you#3	do you think i will ever get someone to talk to	We were discussing you -- not me.
frames	train	you#3	do you think i will ever get help	We were discussing you -- not me.
frames	train	you#3	do you think i will ever get a break	We were discussing you -- not me.
frames	train	you#3	do you think i will ever get to be happy	We were discussing you -- not me.
frames	train	you#3	do you think i will ever get a better life	We were discussing you -- not me.
frames	train	i#11	i would really like a vacation	You say you would really like a vacation?
frames	train	i#11	i would really like more money	You say you would really like more money?
frames	train	i#11	i would really like some peace	You say you would really like some peace?
frames	train	i#11	i would really like a fresh start	You say you would really like a fresh start?
frames	train	i#11	i would really like someone to talk to	You say you would really like someone to talk to?
frames	train	i#11	i would really like help	You say you would really like help?
frames	train	i#11	i would really like a break	You say you would really like a break?
frames	train	i#11	i would really like to be happy	You say you would really like to be happy?
frames	train	i#11	i would really like a better life	You say you would really like a better life?
frames	train	i#11	someday i hope for a vacation	You say someday you hope for a vacation?
frames	train	i#11	someday i hope for more money	You say someday you hope for more money?
frames	train	i#11	someday i hope for some peace	You say someday you hope for some peace?
frames	train	i#11	someday i hope for a fresh start	You say someday you hope for a fresh start?
frames	train	i#11	someday i hope for someone to talk to	You say someday you hope for someone to talk to?
frames	train	i#11	someday i hope for help	You say someday you hope for help?
frames	train	i#11	someday i hope for a break	You say someday you hope for a break?
frames	train	i#11	someday i hope for to be happy	You say someday you hope for to be happy?
frames	train	i#11	someday i hope for a better life	You say someday you hope for a better life?
frames	train	dream#0	i had a dream about being chased	What does that dream suggest to you?
frames	train	dream#0	i had a dream about the ocean	What does that dream suggest to you?
frames	train	dream#0	i had a dream about my old school	What does that dream suggest to you?
frames	train	dream#0	i had a dream about flying	What does that dream suggest to you?
frames	train	dream#0	i had a dream about a dark house	What does that dream suggest to you?
frames	train	dream#0	i had a dream about my teeth falling out	What does that dream suggest to you?
frames	train	dream#0	i had a dream about a storm	What does that dream suggest to you?
frames	val	dreamed#0	last night i dreamt about falling	Really, about falling?
frames	train	dreamed#0	last night i dreamt about being chased	Really, about being chased?
frames	train	dreamed#0	last night i dreamt about the ocean	Really, about the ocean?
frames	train	dreamed#0	last night i dreamt about my old school	Really, about your old school?
frames	train	dreamed#0	last night i dreamt about flying	Really, about flying?
frames	train	dreamed#0	last night i dreamt about a dark house	Really, about a dark house?
frames	train	dreamed#0	last night i dreamt about my teeth falling out	Really, about your teeth falling out?
frames	train	dreamed#0	last night i dreamt about a storm	Really, about a storm?
frames	train	i#11	i keep having nightmares about falling	You say you keep having nightmares about falling?
frames	train	i#11	i keep having nightmares about being chased	You say you keep having nightmares about being chased?
frames	train	i#11	i keep having nightmares about the ocean	You say you keep having nightmares about the ocean?
frames	train	my#2	i keep having nightmares about my old school	Your old school?
frames	train	i#11	i keep having nightmares about flying	You say you keep having nightmares about flying?
frames	train	i#11	i keep having nightmares about a dark house	You say you keep having nightmares about a dark house?
frames	train	my#2	i keep having nightmares about my teeth falling out	Your teeth falling out?
frames	train	i#11	i keep having nightmares about a storm	You say you keep having nightmares about a storm?
frames	train	dream#0	do you think my dream about falling means anything?	What does that dream suggest to you?
frames	train	dream#0	do you think my dream about being chased means anything?	What does that dream suggest to you?
frames	train	dream#0	do you think my dream about the ocean means anything?	What does that dream suggest to you?
frames	train	dream#0	do you think my dream about my old school means anything?	What does that dream suggest to you?
frames	train	dream#0	do you think my dream about flying means anything?	What does that dream suggest to you?
frames	train	dream#0	do you think my dream about a dark house means anything?	What does that dream suggest to you?
frames	train	dream#0	do you think my dream about my teeth falling out means anything?	What does that dream suggest to you?
frames	train	dream#0	do you think my dream about a storm means anything?	What does that dream suggest to you?
frames	train	dream#0	in my dream there was falling	What does that dream suggest to you?
frames	train	dream#0	in my dream there was being chased	What does that dream suggest to you?
frames	train	dream#0	in my dream there was the ocean	What does that dream suggest to you?
frames	train	dream#0	in my dream there was my old school	What does that dream suggest to you?
frames	train	dream#0	in my dream there was flying	What does that dream suggest to you?
frames	train	dream#0	in my dream there was a dark house	What does that dream suggest to you?
frames	train	dream#0	in my dream there was my teeth falling out	What does that dream suggest to you?
frames	train	dream#0	in my dream there was a storm	What does that dream suggest to you?
frames	train	dream#0	you were in my dream about falling	What does that dream suggest to you?
frames	train	dream#0	you were in my dream about being chased	What does that dream suggest to you?
frames	train	dream#0	you were in my dream about the ocean	What does that dream suggest to you?
frames	train	dream#0	you were in my dream about my old school	What does that dream suggest to you?
frames	train	dream#0	you were in my dream about flying	What does that dream suggest to you?
frames	train	dream#0	you were in my dream about a dark house	What does that dream suggest to you?
frames	train	dream#0	you were in my dream about my teeth falling out	What does that dream suggest to you?
frames	train	dream#0	you were in my dream about a storm	What does that dream suggest to you?
frames	train	computer#0	computers scare me	Do computers worry you?
frames	train	computer#0	machines scare me	Do computers worry you?
frames	train	xnone#0	robots scare me	I'm not sure I understand you fully.
frames	train	xnone#0	programs scare me	I'm not sure I understand you fully.
frames	train	xnone#0	algorithms scare me	I'm not sure I understand you fully.
frames	train	xnone#0	chatbots scare me	I'm not sure I understand you fully.
frames	train	computer#0	a computer scare me	Do computers worry you?
frames	train	computer#0	a machine scare me	Do computers worry you?
frames	val	xnone#0	a robot scare me	I'm not sure I understand you fully.
frames	train	xnone#0	a program scare me	I'm not sure I understand you fully.
frames	train	computer#0	i do not trust computers	Do computers worry you?
frames	val	computer#0	i do not trust machines	Do computers worry you?
frames	train	i#11	i do not trust robots	You say you do not trust robots?
frames	train	i#11	i do not trust programs	You say you do not trust programs?
frames	train	i#11	i do not trust algorithms	You say you do not trust algorithms?
frames	train	i#11	i do not trust chatbots	You say you do not trust chatbots?
frames	train	computer#0	i do not trust a computer	Do computers worry you?
frames	train	computer#0	i do not trust a machine	Do computers worry you?
frames	train	i#11	i do not trust a robot	You say you do not trust a robot?
frames	train	i#11	i do not trust a program	You say you do not trust a program?
frames	train	computer#0	are you one of those computers?	Do computers worry you?
frames	train	computer#0	are you one of those machines?	Do computers worry you?
frames	train	are#0	are you one of those robots?	Why are you interested in whether I am one of those robots or not?
frames	train	are#0	are you one of those programs?	Why are you interested in whether I am one of those programs or not?
frames	train	are#0	are you one of those algorithms?	Why are you interested in whether I am one of those algorithms or not?
frames	train	are#0	are you one of those chatbots?	Why are you interested in whether I am one of those chatbots or not?
frames	train	computer#0	are you one of those a computer?	Do computers worry you?
frames	train	computer#0	are you one of those a machine?	Do computers worry you?
frames	train	are#0	are you one of those a robot?	Why are you interested in whether I am one of those a robot or not?
frames	train	are#0	are you one of those a program?	Why are you interested in whether I am one of those a program or not?
frames	train	computer#0	do you think computers can think	Do computers worry you?
frames	val	computer#0	do you think machines can think	Do computers worry you?
frames	train	you#3	do you think robots can think	We were discussing you -- not me.
frames	train	you#3	do you think programs can think	We were discussing you -- not me.
frames	train	you#3	do you think algorithms can think	We were discussing you -- not me.
frames	train	you#3	do you think chatbots can think	We were discussing you -- not me.
frames	train	computer#0	do you think a computer can think	Do computers worry you?
frames	train	computer#0	do you think a machine can think	Do computers worry you?
frames	val	you#3	do you think a robot can think	We were discussing you -- not me.
frames	val	you#3	do you think a program can think	We were discussing you -- not me.
frames	train	computer#0	are you really computers?	Do computers worry you?
frames	train	computer#0	are you really machines?	Do computers worry you?
frames	train	are#0	are you really robots?	Why are you interested in whether I am really robots or not?
frames	train	are#0	are you really programs?	Why are you interested in whether I am really programs or not?
frames	train	are#0	are you really algorithms?	Why are you interested in whether I am really algorithms or not?
frames	train	are#0	are you really chatbots?	Why are you interested in whether I am really chatbots or not?
frames	val	computer#0	are you really a computer?	Do computers worry you?
frames	train	computer#0	are you really a machine?	Do computers worry you?
frames	train	are#0	are you really a robot?	Why are you interested in whether I am really a robot or not?
frames	train	are#0	are you really a program?	Why are you interested in whether I am really a program or not?
frames	train	computer#0	i think computers are taking over	Do computers worry you?
frames	train	computer#0	i think machines are taking over	Do computers worry you?
frames	train	i#11	i think robots are taking over	You say you think robots are taking over?
frames	train	i#11	i think programs are taking over	You say you think programs are taking over?
frames	train	i#11	i think algorithms are taking over	You say you think algorithms are taking over?
frames	train	i#11	i think chatbots are taking over	You say you think chatbots are taking over?
frames	train	computer#0	i think a computer are taking over	Do computers worry you?
frames	val	computer#0	i think a machine are taking over	Do computers worry you?
frames	train	i#11	i think a robot are taking over	You say you think a robot are taking over?
frames	train	i#11	i think a program are taking over	You say you think a program are taking over?
frames	val	xnone#0	yeah	I'm not sure I understand you fully.
frames	train	xnone#0	yep	I'm not sure I understand you fully.
frames	train	xnone#0	absolutely	I'm not sure I understand you fully.
frames	train	xnone#0	correct	I'm not sure I understand you fully.
frames	train	i#11	i do	You say you do?
frames	train	xnone#0	that is true	I'm not sure I understand you fully.
frames	train	xnone#0	uh huh	I'm not sure I understand you fully.
frames	train	i#11	yeah i think so	You say yeah you think so?
frames	train	i#11	yep i think so	You say yep you think so?
frames	train	i#11	sure i think so	You say sure you think so?
frames	train	i#11	absolutely i think so	You say absolutely you think so?
frames	train	i#11	correct i think so	You say correct you think so?
frames	train	i#11	i do i think so	You say you do you think so?
frames	train	i#11	that is true i think so	You say that is true you think so?
frames	train	i#11	uh huh i think so	You say uh huh you think so?
frames	train	yes#0	yes that is right	You seem to be quite positive.
frames	train	xnone#0	yeah that is right	I'm not sure I understand you fully.
frames	train	xnone#0	yep that is right	I'm not sure I understand you fully.
frames	train	xnone#0	sure that is right	I'm not sure I understand you fully.
frames	val	xnone#0	absolutely that is right	I'm not sure I understand you fully.
frames	train	xnone#0	correct that is right	I'm not sure I understand you fully.
frames	train	i#11	i do that is right	You say you do that is right?
frames	train	xnone#0	that is true that is right	I'm not sure I understand you fully.
frames	train	xnone#0	uh huh that is right	I'm not sure I understand you fully.
frames	train	yes#0	oh yes	You seem to be quite positive.
frames	train	xnone#0	oh yeah	I'm not sure I understand you fully.
frames	val	xnone#0	oh yep	I'm not sure I understand you fully.
frames	train	xnone#0	oh sure	I'm not sure I understand you fully.
frames	train	xnone#0	oh absolutely	I'm not sure I understand you fully.
frames	train	xnone#0	oh correct	I'm not sure I understand you fully.
frames	val	i#11	oh i do	You say oh you do?
frames	train	xnone#0	oh that is true	I'm not sure I understand you fully.
frames	train	xnone#0	oh uh huh	I'm not sure I understand you fully.
frames	train	xnone#0	yeah of course	I'm not sure I understand you fully.
frames	train	xnone#0	yep of course	I'm not sure I understand you fully.
frames	train	xnone#0	sure of course	I'm not sure I understand you fully.
frames	val	xnone#0	absolutely of course	I'm not sure I understand you fully.
frames	train	xnone#0	correct of course	I'm not sure I understand you fully.
frames	train	i#11	i do of course	You say you do of course?
frames	train	xnone#0	that is true of course	I'm not sure I understand you fully.
frames	val	xnone#0	uh huh of course	I'm not sure I understand you fully.
frames	val	yes#0	yes i agree	You seem to be quite positive.
frames	train	i#11	yeah i agree	You say yeah you agree?
frames	train	i#11	yep i agree	You say yep you agree?
frames	train	i#11	sure i agree	You say sure you agree?
frames	train	i#11	absolutely i agree	You say absolutely you agree?
frames	train	i#11	correct i agree	You say correct you agree?
frames	train	i#11	i do i agree	You say you do you agree?
frames	train	i#11	that is true i agree	You say that is true you agree?
frames	val	i#11	uh huh i agree	You say uh huh you agree?
frames	train	xnone#0	nope	I'm not sure I understand you fully.
frames	train	xnone#0	nah	I'm not sure I understand you fully.
frames	train	xnone#0	not really	I'm not sure I understand you fully.
frames	train	no#0	no way	Are you saying no just to be negative?
frames	val	xnone#0	definitely not	I'm not sure I understand you fully.
frames	train	i#11	i do not	You say you do not?
frames	train	xnone#0	never	I'm not sure I understand you fully.
frames	train	xnone#0	nope not really	I'm not sure I understand you fully.
frames	train	xnone#0	nah not really	I'm not sure I understand you fully.
frames	train	xnone#0	not really not really	I'm not sure I understand you fully.
frames	train	no#0	no way not really	Are you saying no just to be negative?
frames	train	xnone#0	definitely not not really	I'm not sure I understand you fully.
frames	train	i#11	i do not not really	You say you do not not really?
frames	train	xnone#0	never not really	I'm not sure I understand you fully.
frames	train	no#0	no i do not think so	Are you saying no just to be negative?
frames	train	i#11	nope i do not think so	You say nope you do not think so?
frames	train	i#11	nah i do not think so	You say nah you do not think so?
frames	train	i#11	not really i do not think so	You say not really you do not think so?
frames	train	no#0	no way i do not think so	Are you saying no just to be negative?
frames	train	i#11	definitely not i do not think so	You say definitely not you do not think so?
frames	train	i#11	i do not i do not think so	You say you do not you do not think so?
frames	train	i#11	never i do not think so	You say never you do not think so?
frames	train	no#0	oh no	Are you saying no just to be negative?
frames	train	xnone#0	oh nope	I'm not sure I understand you fully.
frames	train	xnone#0	oh nah	I'm not sure I understand you fully.
frames	train	xnone#0	oh not really	I'm not sure I understand you fully.
frames	train	no#0	oh no way	Are you saying no just to be negative?
frames	train	xnone#0	oh definitely not	I'm not sure I understand you fully.
frames	train	i#11	oh i do not	You say oh you do not?
frames	train	xnone#0	oh never	I'm not sure I understand you fully.
frames	train	no#0	no never	Are you saying no just to be negative?
frames	train	xnone#0	nope never	I'm not sure I understand you fully.
frames	train	xnone#0	nah never	I'm not sure I understand you fully.
frames	train	xnone#0	not really never	I'm not sure I understand you fully.
frames	train	no#0	no way never	Are you saying no just to be negative?
frames	train	xnone#0	definitely not never	I'm not sure I understand you fully.
frames	train	i#11	i do not never	You say you do not never?
frames	train	xnone#0	never never	I'm not sure I understand you fully.
frames	train	no#0	no i disagree	Are you saying no just to be negative?
frames	val	i#11	nope i disagree	You say nope you disagree?
frames	train	i#11	nah i disagree	You say nah you disagree?
frames	train	i#11	not really i disagree	You say not really you disagree?
frames	train	no#0	no way i disagree	Are you saying no just to be negative?
frames	train	i#11	definitely not i disagree	You say definitely not you disagree?
frames	train	i#11	i do not i disagree	You say you do not you disagree?
frames	val	i#11	never i disagree	You say never you disagree?
frames	train	perhaps#0	perhaps	You don't seem quite certain.
frames	train	what#0	who knows	Why do you ask?
frames	train	i#11	i have no idea	You say you have no idea?
frames	train	i#7	i cannot say	How do you think that you can't say?
frames	val	xnone#0	hard to say	I'm not sure I understand you fully.
frames	train	i#8	i don't know i guess	Don't you really know you guess?
frames	train	i#11	not sure i guess	You say not sure you guess?
frames	train	perhaps#0	maybe i guess	You don't seem quite certain.
frames	train	perhaps#0	perhaps i guess	You don't seem quite certain.
frames	train	what#0	who knows i guess	Why do you ask?
frames	train	i#11	i have no idea i guess	You say you have no idea you guess?
frames	train	i#7	i cannot say i guess	How do you think that you can't say you guess?
frames	train	i#11	hard to say i guess	You say hard to say you guess?
frames	val	i#8	hmm i don't know	Don't you really know?
frames	train	xnone#0	hmm not sure	I'm not sure I understand you fully.
frames	train	perhaps#0	hmm maybe	You don't seem quite certain.
frames	train	perhaps#0	hmm perhaps	You don't seem quite certain.
frames	train	what#0	hmm who knows	Why do you ask?
frames	train	i#11	hmm i have no idea	You say hmm you have no idea?
frames	train	i#7	hmm i cannot say	How do you think that you can't say?
frames	train	xnone#0	hmm hard to say	I'm not sure I understand you fully.
frames	train	i#8	honestly i don't know	Don't you really know?
frames	train	xnone#0	honestly not sure	I'm not sure I understand you fully.
frames	train	perhaps#0	honestly maybe	You don't seem quite certain.
frames	train	perhaps#0	honestly perhaps	You don't seem quite certain.
frames	train	what#0	honestly who knows	Why do you ask?
frames	train	i#7	honestly i cannot say	How do you think that you can't say?
frames	train	xnone#0	honestly hard to say	I'm not sure I understand you fully.
frames	train	what#0	not sure what to say	Why do you ask?
frames	train	perhaps#0	maybe what to say	You don't seem quite certain.
frames	train	perhaps#0	perhaps what to say	You don't seem quite certain.
frames	train	what#0	who knows what to say	Why do you ask?
frames	train	i#11	i have no idea what to say	You say you have no idea what to say?
frames	train	i#7	i cannot say what to say	How do you think that you can't say what to say?
frames	train	what#0	hard to say what to say	Why do you ask?
frames	train	xnone#0	well not sure	I'm not sure I understand you fully.
frames	val	perhaps#0	well maybe	You don't seem quite certain.
frames	train	perhaps#0	well perhaps	You don't seem quite certain.
frames	train	what#0	well who knows	Why do you ask?
frames	train	i#11	well i have no idea	You say well you have no idea?
frames	train	i#7	well i cannot say	How do you think that you can't say?
frames	train	xnone#0	well hard to say	I'm not sure I understand you fully.
frames	train	what#0	why do you say that	Why do you ask?
frames	train	what#0	why do you mean	Why do you ask?
frames	train	what#0	why do you know	Why do you ask?
frames	train	what#0	why do you think so	Why do you ask?
frames	train	what#0	why do you help	Why do you ask?
frames	train	what#0	why do you feel	Why do you ask?
frames	train	what#0	why do you do that	Why do you ask?
frames	train	what#0	why do you understand	Why do you ask?
frames	train	what#0	why do you care	Why do you ask?
frames	train	what#0	what do you mean by say that?	Why do you ask?
frames	train	what#0	what do you mean by mean?	Why do you ask?
frames	train	what#0	what do you mean by know?	Why do you ask?
frames	train	what#0	what do you mean by think so?	Why do you ask?
frames	train	what#0	what do you mean by help?	Why do you ask?
frames	train	what#0	what do you mean by feel?	Why do you ask?
frames	train	what#0	what do you mean by do that?	Why do you ask?
frames	train	what#0	what do you mean by understand?	Why do you ask?
frames	train	what#0	what do you mean by care?	Why do you ask?
frames	train	what#0	how do you say that	Why do you ask?
frames	train	what#0	how do you mean	Why do you ask?
frames	train	what#0	how do you know	Why do you ask?
frames	train	what#0	how do you think so	Why do you ask?
frames	train	what#0	how do you help	Why do you ask?
frames	train	what#0	how do you feel	Why do you ask?
frames	train	what#0	how do you do that	Why do you ask?
frames	train	what#0	how do you understand	Why do you ask?
frames	train	what#0	how do you care	Why do you ask?
frames	train	can#0	can you say that?	You believe I can say that don't you?
frames	train	can#0	can you mean?	You believe I can mean don't you?
frames	train	can#0	can you know?	You believe I can know don't you?
frames	train	can#0	can you think so?	You believe I can think so don't you?
frames	train	can#0	can you help?	You believe I can help don't you?
frames	train	can#0	can you feel?	You believe I can feel don't you?
frames	train	can#0	can you do that?	You believe I can do that don't you?
frames	train	can#0	can you understand?	You believe I can understand don't you?
frames	train	can#0	can you care?	You believe I can care don't you?
frames	train	what#0	what should i say that	Why do you ask?
frames	train	what#0	what should i mean	Why do you ask?
frames	train	what#0	what should i know	Why do you ask?
frames	train	what#0	what should i think so	Why do you ask?
frames	train	what#0	what should i help	Why do you ask?
frames	train	what#0	what should i feel	Why do you ask?
frames	train	what#0	what should i do that	Why do you ask?
frames	train	what#0	what should i understand	Why do you ask?
frames	train	what#0	what should i care	Why do you ask?
frames	train	what#0	why would you say that?	Why do you ask?
frames	train	what#0	why would you mean?	Why do you ask?
frames	train	what#0	why would you know?	Why do you ask?
frames	train	what#0	why would you think so?	Why do you ask?
frames	train	what#0	why would you help?	Why do you ask?
frames	train	what#0	why would you feel?	Why do you ask?
frames	train	what#0	why would you do that?	Why do you ask?
frames	train	what#0	why would you understand?	Why do you ask?
frames	train	what#0	why would you care?	Why do you ask?
frames	train	everyone#0	everyone ignores me	Really, everyone?
frames	train	everyone#0	everyone leaves	Really, everyone?
frames	train	everyone#0	everyone lets me down	Really, everyone?
frames	train	everyone#0	everyone messes things up	Really, everyone?
frames	train	everyone#0	everyone understands me	Really, everyone?
frames	train	everyone#0	everyone cares	Really, everyone?
frames	train	everyone#0	everyone laughs at me	Really, everyone?
frames	val	everyone#0	everyone forgets about me	Really, everyone?
frames	train	everyone#0	nobody ignores me	Really, nobody?
frames	train	everyone#0	nobody hates me	Really, nobody?
frames	train	everyone#0	nobody leaves	Really, nobody?
frames	train	everyone#0	nobody lets me down	Really, nobody?
frames	train	everyone#0	nobody messes things up	Really, nobody?
frames	val	everyone#0	nobody understands me	Really, nobody?
frames	train	everyone#0	nobody cares	Really, nobody?
frames	train	everyone#0	nobody laughs at me	Really, nobody?
frames	train	everyone#0	nobody forgets about me	Really, nobody?
frames	train	always#0	i always ignores me	Can you think of a specific example?
frames	train	always#0	i always hates me	Can you think of a specific example?
frames	train	always#0	i always leaves	Can you think of a specific example?
frames	train	always#0	i always lets me down	Can you think of a specific example?
frames	train	always#0	i always messes things up	Can you think of a specific example?
frames	train	always#0	i always understands me	Can you think of a specific example?
frames	train	always#0	i always cares	Can you think of a specific example?
frames	train	always#0	i always laughs at me	Can you think of a specific example?
frames	train	always#0	i always forgets about me	Can you think of a specific example?
frames	train	always#0	people always ignores me	Can you think of a specific example?
frames	train	always#0	people always hates me	Can you think of a specific example?
frames	train	always#0	people always leaves	Can you think of a specific example?
frames	train	always#0	people always lets me down	Can you think of a specific example?
frames	train	always#0	people always messes things up	Can you think of a specific example?
frames	train	always#0	people always understands me	Can you think of a specific example?
frames	train	always#0	people always cares	Can you think of a specific example?
frames	train	always#0	people always laughs at me	Can you think of a specific example?
frames	train	always#0	people always forgets about me	Can you think of a specific example?
frames	train	no#0	no one ever ignores me	Are you saying no just to be negative?
frames	train	no#0	no one ever hates me	Are you saying no just to be negative?
frames	train	no#0	no one ever leaves	Are you saying no just to be negative?
frames	val	no#0	no one ever lets me down	Are you saying no just to be negative?
frames	train	no#0	no one ever messes things up	Are you saying no just to be negative?
frames	train	no#0	no one ever understands me	Are you saying no just to be negative?
frames	val	no#0	no one ever cares	Are you saying no just to be negative?
frames	train	no#0	no one ever laughs at me	Are you saying no just to be negative?
frames	train	no#0	no one ever forgets about me	Are you saying no just to be negative?
frames	train	everyone#0	everybody ignores me	Really, everybody?
frames	train	everyone#0	everybody hates me	Really, everybody?
frames	train	everyone#0	everybody leaves	Really, everybody?
frames	train	everyone#0	everybody lets me down	Really, everybody?
frames	train	everyone#0	everybody messes things up	Really, everybody?
frames	train	everyone#0	everybody understands me	Really, everybody?
frames	train	everyone#0	everybody cares	Really, everybody?
frames	train	everyone#0	everybody laughs at me	Really, everybody?
frames	train	everyone#0	everybody forgets about me	Really, everybody?
frames	train	you#1	you are stupid	What makes you think I am stupid?
frames	train	you#1	you are useless	What makes you think I am useless?
frames	train	you#1	you are annoying	What makes you think I am annoying?
frames	train	you#1	you are pointless	What makes you think I am pointless?
frames	train	you#1	you are dumb	What makes you think I am dumb?
frames	train	you#1	you are a waste of time	What makes you think I am a waste of time?
frames	train	you#1	you are ridiculous	What makes you think I am ridiculous?
frames	train	you#1	you are boring	What makes you think I am boring?
frames	train	xnone#0	this is useless	I'm not sure I understand you fully.
frames	train	xnone#0	this is annoying	I'm not sure I understand you fully.
frames	train	xnone#0	this is pointless	I'm not sure I understand you fully.
frames	val	xnone#0	this is dumb	I'm not sure I understand you fully.
frames	train	xnone#0	this is a waste of time	I'm not sure I understand you fully.
frames	train	xnone#0	this is ridiculous	I'm not sure I understand you fully.
frames	train	xnone#0	this is boring	I'm not sure I understand you fully.
frames	train	xnone#0	that was stupid	I'm not sure I understand you fully.
frames	train	xnone#0	that was useless	I'm not sure I understand you fully.
frames	train	xnone#0	that was annoying	I'm not sure I understand you fully.
frames	train	xnone#0	that was pointless	I'm not sure I understand you fully.
frames	val	xnone#0	that was dumb	I'm not sure I understand you fully.
frames	train	xnone#0	that was a waste of time	I'm not sure I understand you fully.
frames	train	xnone#0	that was ridiculous	I'm not sure I understand you fully.
frames	train	xnone#0	that was boring	I'm not sure I understand you fully.
frames	train	you#1	you are being stupid	What makes you think I am being stupid?
frames	train	you#1	you are being useless	What makes you think I am being useless?
frames	train	you#1	you are being annoying	What makes you think I am being annoying?
frames	train	you#1	you are being pointless	What makes you think I am being pointless?
frames	val	you#1	you are being dumb	What makes you think I am being dumb?
frames	train	you#1	you are being a waste of time	What makes you think I am being a waste of time?
frames	train	you#1	you are being ridiculous	What makes you think I am being ridiculous?
frames	train	you#1	you are being boring	What makes you think I am being boring?
frames	train	xnone#0	this conversation is stupid	I'm not sure I understand you fully.
frames	train	xnone#0	this conversation is useless	I'm not sure I understand you fully.
frames	train	xnone#0	this conversation is annoying	I'm not sure I understand you fully.
frames	train	xnone#0	this conversation is pointless	I'm not sure I understand you fully.
frames	val	xnone#0	this conversation is dumb	I'm not sure I understand you fully.
frames	train	xnone#0	this conversation is a waste of time	I'm not sure I understand you fully.
frames	train	xnone#0	this conversation is ridiculous	I'm not sure I understand you fully.
frames	train	xnone#0	this conversation is boring	I'm not sure I understand you fully.
frames	train	you#3	you do not understand	We were discussing you -- not me.
frames	train	you#3	you never listen	We were discussing you -- not me.
frames	train	xnone#0	shut up	I'm not sure I understand you fully.
frames	train	sorry#0	so sorry	Please don't apologise.
frames	train	i#11	i apologize	You say you apologise?
frames	train	my#2	my apologies	Your apologies?
frames	train	xnone#0	forgive me	I'm not sure I understand you fully.
frames	train	xnone#0	pardon me	I'm not sure I understand you fully.
frames	train	sorry#0	sorry about that	Please don't apologise.
frames	train	sorry#0	so sorry about that	Please don't apologise.
frames	train	i#11	i apologize about that	You say you apologise about that?
frames	train	my#2	my apologies about that	Your apologies about that?
frames	train	xnone#0	forgive me about that	I'm not sure I understand you fully.
frames	train	xnone#0	pardon me about that	I'm not sure I understand you fully.
frames	val	i#6	i am sorry	Is it because you are sorry that you came to me?
frames	train	i#6	i am so sorry	Is it because you are so sorry that you came to me?
frames	train	i#6	i am i apologize	Is it because you are you apologise that you came to me?
frames	train	my#2	i am my apologies	Your apologies?
frames	train	i#6	i am forgive me	Is it because you are forgive you that you came to me?
frames	train	i#6	i am pardon me	Is it because you are pardon you that you came to me?
frames	train	sorry#0	sorry for being rude	Please don't apologise.
frames	train	sorry#0	so sorry for being rude	Please don't apologise.
frames	train	my#2	my apologies for being rude	Your apologies for being rude?
frames	train	xnone#0	forgive me for being rude	I'm not sure I understand you fully.
frames	train	xnone#0	pardon me for being rude	I'm not sure I understand you fully.
frames	train	sorry#0	oh sorry	Please don't apologise.
frames	train	sorry#0	oh so sorry	Please don't apologise.
frames	train	i#11	oh i apologize	You say oh you apologise?
frames	train	my#2	oh my apologies	Your apologies?
frames	train	xnone#0	oh forgive me	I'm not sure I understand you fully.
frames	val	xnone#0	oh pardon me	I'm not sure I understand you fully.
frames	train	sorry#0	sorry again	Please don't apologise.
frames	train	sorry#0	so sorry again	Please don't apologise.
frames	train	i#11	i apologize again	You say you apologise again?
frames	val	my#2	my apologies again	Your apologies again?
frames	train	xnone#0	forgive me again	I'm not sure I understand you fully.
frames	val	xnone#0	pardon me again	I'm not sure I understand you fully.
frames	train	xnone#0	thanks	I'm not sure I understand you fully.
frames	train	xnone#0	bye	I'm not sure I understand you fully.
frames	train	you#3	see you later	We were discussing you -- not me.
frames	train	i#11	i have to go	You say you have to go?
frames	train	xnone#0	take care	I'm not sure I understand you fully.
frames	train	you#3	thank you for listening	We were discussing you -- not me.
frames	train	xnone#0	goodbye for listening	I'm not sure I understand you fully.
frames	val	xnone#0	bye for listening	I'm not sure I understand you fully.
frames	train	you#3	see you later for listening	We were discussing you -- not me.
frames	train	i#11	i have to go for listening	You say you have to go for listening?
frames	train	xnone#0	take care for listening	I'm not sure I understand you fully.
frames	train	you#3	ok thank you	We were discussing you -- not me.
frames	train	xnone#0	ok thanks	I'm not sure I understand you fully.
frames	train	xnone#0	ok goodbye	I'm not sure I understand you fully.
frames	train	xnone#0	ok bye	I'm not sure I understand you fully.
frames	train	you#3	ok see you later	We were discussing you -- not me.
frames	train	i#11	ok i have to go	You say ok you have to go?
frames	val	xnone#0	ok take care	I'm not sure I understand you fully.
frames	train	you#3	thank you doctor	We were discussing you -- not me.
frames	train	xnone#0	thanks doctor	I'm not sure I understand you fully.
frames	train	xnone#0	bye doctor	I'm not sure I understand you fully.
frames	train	you#3	see you later doctor	We were discussing you -- not me.
frames	train	i#11	i have to go doctor	You say you have to go doctor?
frames	train	xnone#0	take care doctor	I'm not sure I understand you fully.
frames	train	you#3	thank you eliza	We were discussing you -- not me.
frames	train	xnone#0	thanks eliza	I'm not sure I understand you fully.
frames	train	xnone#0	goodbye eliza	I'm not sure I understand you fully.
frames	train	xnone#0	bye eliza	I'm not sure I understand you fully.
frames	train	you#3	see you later eliza	We were discussing you -- not me.
frames	train	i#11	i have to go eliza	You say you have to go eliza?
frames	train	xnone#0	take care eliza	I'm not sure I understand you fully.
frames	train	you#3	well thank you	We were discussing you -- not me.
frames	train	xnone#0	well thanks	I'm not sure I understand you fully.
frames	train	xnone#0	well goodbye	I'm not sure I understand you fully.
frames	train	xnone#0	well bye	I'm not sure I understand you fully.
frames	train	you#3	well see you later	We were discussing you -- not me.
frames	train	i#11	well i have to go	You say well you have to go?
frames	train	xnone#0	well take care	I'm not sure I understand you fully.
frames	train	my#2	my job is stressing me out	Your job is stressing you out?
frames	train	my#2	my boss is stressing me out	Your boss is stressing you out?
frames	train	my#2	my work is stressing me out	Your work is stressing you out?
frames	train	my#2	my career is stressing me out	Your career is stressing you out?
frames	train	my#2	my manager is stressing me out	Your manager is stressing you out?
frames	train	my#2	my coworkers is stressing me out	Your coworkers is stressing you out?
frames	train	my#2	my exams is stressing me out	Your exams is stressing you out?
frames	train	my#2	my classes is stressing me out	Your classes is stressing you out?
frames	train	my#2	my deadline is stressing me out	Your deadline is stressing you out?
frames	train	my#2	my promotion is stressing me out	Your promotion is stressing you out?
frames	train	my#2	i hate my job	Your job?
frames	train	my#2	i hate my boss	Your boss?
frames	train	my#2	i hate my work	Your work?
frames	train	my#2	i hate my career	Your career?
frames	train	my#2	i hate my manager	Your manager?
frames	train	my#2	i hate my coworkers	Your coworkers?
frames	train	my#2	i hate my exams	Your exams?
frames	val	my#2	i hate my classes	Your classes?
frames	train	my#2	i hate my deadline	Your deadline?
frames	train	my#2	i hate my promotion	Your promotion?
frames	val	my#2	i might lose my job	Your job?
frames	train	my#2	i might lose my boss	Your boss?
frames	train	my#2	i might lose my work	Your work?
frames	val	my#2	i might lose my career	Your career?
frames	train	my#2	i might lose my manager	Your manager?
frames	train	my#2	i might lose my coworkers	Your coworkers?
frames	train	my#2	i might lose my exams	Your exams?
frames	train	my#2	i might lose my classes	Your classes?
frames	train	my#2	i might lose my deadline	Your deadline?
frames	train	my#2	i might lose my promotion	Your promotion?
frames	train	my#2	my job is too demanding	Your job is too demanding?
frames	train	my#2	my boss is too demanding	Your boss is too demanding?
frames	train	my#2	my work is too demanding	Your work is too demanding?
frames	train	my#2	my career is too demanding	Your career is too demanding?
frames	train	my#2	my manager is too demanding	Your manager is too demanding?
frames	train	my#2	my coworkers is too demanding	Your coworkers is too demanding?
frames	train	my#2	my exams is too demanding	Your exams is too demanding?
frames	train	my#2	my classes is too demanding	Your classes is too demanding?
frames	train	my#2	my deadline is too demanding	Your deadline is too demanding?
frames	train	my#2	my promotion is too demanding	Your promotion is too demanding?
frames	train	my#2	i worry about my job	Your job?
frames	train	my#2	i worry about my boss	Your boss?
frames	train	my#2	i worry about my work	Your work?
frames	train	my#2	i worry about my career	Your career?
frames	train	my#2	i worry about my manager	Your manager?
frames	train	my#2	i worry about my coworkers	Your coworkers?
frames	train	my#2	i worry about my exams	Your exams?
frames	train	my#2	i worry about my classes	Your classes?
frames	train	my#2	i worry about my deadline	Your deadline?
frames	train	my#2	i worry about my promotion	Your promotion?
frames	train	my#2	do you think i should quit my job	Your job?
frames	train	my#2	do you think i should quit my boss	Your boss?
frames	train	my#2	do you think i should quit my work	Your work?
frames	val	my#2	do you think i should quit my career	Your career?
frames	train	my#2	do you think i should quit my manager	Your manager?
frames	train	my#2	do you think i should quit my coworkers	Your coworkers?
frames	train	my#2	do you think i should quit my exams	Your exams?
frames	train	my#2	do you think i should quit my classes	Your classes?
frames	train	my#2	do you think i should quit my deadline	Your deadline?
frames	train	my#2	do you think i should quit my promotion	Your promotion?
frames	train	my#2	i love my job	Your job?
frames	train	my#2	i love my boss	Your boss?
frames	train	my#2	i love my work	Your work?
frames	train	my#2	i love my career	Your career?
frames	train	my#2	i love my manager	Your manager?
frames	train	my#2	i love my coworkers	Your coworkers?
frames	val	my#2	i love my exams	Your exams?
frames	train	my#2	i love my classes	Your classes?
frames	val	my#2	i love my deadline	Your deadline?
frames	val	my#2	i love my promotion	Your promotion?
frames	train	my#2	my job is going great	Your job is going great?
frames	train	my#2	my boss is going great	Your boss is going great?
frames	train	my#2	my work is going great	Your work is going great?
frames	train	my#2	my career is going great	Your career is going great?
frames	train	my#2	my manager is going great	Your manager is going great?
frames	train	my#2	my coworkers is going great	Your coworkers is going great?
frames	train	my#2	my exams is going great	Your exams is going great?
frames	train	my#2	my classes is going great	Your classes is going great?
frames	train	my#2	my deadline is going great	Your deadline is going great?
frames	train	my#2	my promotion is going great	Your promotion is going great?
frames	train	my#2	my dog died	Your dog died?
frames	val	my#2	my cat died	Your cat died?
frames	train	my#2	my pet died	Your pet died?
frames	train	my#2	my best friend died	Your best friend died?
frames	train	my#2	my friend died	Your friend died?
frames	train	my#2	my hamster died	Your hamster died?
frames	train	my#2	my horse died	Your horse died?
frames	train	my#2	i lost my dog	Your dog?
frames	train	my#2	i lost my cat	Your cat?
frames	train	my#2	i lost my pet	Your pet?
frames	val	my#2	i lost my best friend	Your best friend?
frames	train	my#2	i lost my friend	Your friend?
frames	train	my#2	i lost my goldfish	Your goldfish?
frames	train	my#2	i lost my hamster	Your hamster?
frames	train	my#2	i lost my horse	Your horse?
frames	train	my#2	i miss my dog so much	Your dog so much?
frames	train	my#2	i miss my cat so much	Your cat so much?
frames	train	my#2	i miss my pet so much	Your pet so much?
frames	train	my#2	i miss my best friend so much	Your best friend so much?
frames	train	my#2	i miss my friend so much	Your friend so much?
frames	train	my#2	i miss my goldfish so much	Your goldfish so much?
frames	train	my#2	i miss my hamster so much	Your hamster so much?
frames	train	my#2	i miss my horse so much	Your horse so much?
frames	train	my#2	my dog passed away	Your dog passed away?
frames	train	my#2	my cat passed away	Your cat passed away?
frames	val	my#2	my pet passed away	Your pet passed away?
frames	val	my#2	my best friend passed away	Your best friend passed away?
frames	val	my#2	my friend passed away	Your friend passed away?
frames	train	my#2	my goldfish passed away	Your goldfish passed away?
frames	train	my#2	my hamster passed away	Your hamster passed away?
frames	train	my#2	my horse passed away	Your horse passed away?
frames	train	my#2	i am grieving my dog	Your dog?
frames	train	my#2	i am grieving my cat	Your cat?
frames	train	my#2	i am grieving my pet	Your pet?
frames	train	my#2	i am grieving my best friend	Your best friend?
frames	train	my#2	i am grieving my friend	Your friend?
frames	val	my#2	i am grieving my goldfish	Your goldfish?
frames	train	my#2	i am grieving my hamster	Your hamster?
frames	train	my#2	i am grieving my horse	Your horse?
frames	train	my#2	my dog is gone	Your dog is gone?
frames	train	my#2	my cat is gone	Your cat is gone?
frames	train	my#2	my pet is gone	Your pet is gone?
frames	train	my#2	my best friend is gone	Your best friend is gone?
frames	train	my#2	my friend is gone	Your friend is gone?
frames	train	my#2	my goldfish is gone	Your goldfish is gone?
frames	train	my#2	my hamster is gone	Your hamster is gone?
frames	train	my#2	my horse is gone	Your horse is gone?
frames	train	xnone#0	the weather was the economy today	I'm not sure I understand you fully.
frames	train	xnone#0	the weather was sports today	I'm not sure I understand you fully.
frames	train	xnone#0	the weather was cooking today	I'm not sure I understand you fully.
frames	train	xnone#0	the weather was gardening today	I'm not sure I understand you fully.
frames	train	xnone#0	the weather was traffic today	I'm not sure I understand you fully.
frames	train	xnone#0	the weather was history today	I'm not sure I understand you fully.
frames	train	xnone#0	the weather was the moon today	I'm not sure I understand you fully.
frames	train	xnone#0	the weather was taxes today	I'm not sure I understand you fully.
frames	train	xnone#0	the weather was trains today	I'm not sure I understand you fully.
frames	train	xnone#0	the weather was pizza today	I'm not sure I understand you fully.
frames	train	xnone#0	the weather was the internet today	I'm not sure I understand you fully.
frames	train	xnone#0	the weather was music today	I'm not sure I understand you fully.
frames	train	i#11	i watched a movie about the economy	You say you watched a movie about the economy?
frames	train	i#11	i watched a movie about sports	You say you watched a movie about sports?
frames	train	i#11	i watched a movie about cooking	You say you watched a movie about cooking?
frames	train	i#11	i watched a movie about gardening	You say you watched a movie about gardening?
frames	train	i#11	i watched a movie about traffic	You say you watched a movie about traffic?
frames	train	i#11	i watched a movie about history	You say you watched a movie about history?
frames	train	i#11	i watched a movie about the moon	You say you watched a movie about the moon?
frames	train	i#11	i watched a movie about taxes	You say you watched a movie about taxes?
frames	val	i#11	i watched a movie about trains	You say you watched a movie about trains?
frames	train	i#11	i watched a movie about pizza	You say you watched a movie about pizza?
frames	val	i#11	i watched a movie about the internet	You say you watched a movie about the internet?
frames	train	i#11	i watched a movie about music	You say you watched a movie about music?
frames	train	xnone#0	we talked about the economy at lunch	I'm not sure I understand you fully.
frames	train	xnone#0	we talked about sports at lunch	I'm not sure I understand you fully.
frames	train	xnone#0	we talked about cooking at lunch	I'm not sure I understand you fully.
frames	train	xnone#0	we talked about gardening at lunch	I'm not sure I understand you fully.
frames	train	xnone#0	we talked about traffic at lunch	I'm not sure I understand you fully.
frames	train	xnone#0	we talked about history at lunch	I'm not sure I understand you fully.
frames	train	xnone#0	we talked about the moon at lunch	I'm not sure I understand you fully.
frames	train	xnone#0	we talked about taxes at lunch	I'm not sure I understand you fully.
frames	train	xnone#0	we talked about trains at lunch	I'm not sure I understand you fully.
frames	train	xnone#0	we talked about pizza at lunch	I'm not sure I understand you fully.
frames	train	xnone#0	we talked about the internet at lunch	I'm not sure I understand you fully.
frames	train	xnone#0	we talked about music at lunch	I'm not sure I understand you fully.
frames	train	xnone#0	the news was all about the economy	I'm not sure I understand you fully.
frames	train	xnone#0	the news was all about sports	I'm not sure I understand you fully.
frames	train	xnone#0	the news was all about cooking	I'm not sure I understand you fully.
frames	val	xnone#0	the news was all about gardening	I'm not sure I understand you fully.
frames	train	xnone#0	the news was all about traffic	I'm not sure I understand you fully.
frames	train	xnone#0	the news was all about history	I'm not sure I understand you fully.
frames	train	xnone#0	the news was all about the moon	I'm not sure I understand you fully.
frames	train	xnone#0	the news was all about taxes	I'm not sure I understand you fully.
frames	train	xnone#0	the news was all about trains	I'm not sure I understand you fully.
frames	train	xnone#0	the news was all about pizza	I'm not sure I understand you fully.
frames	train	xnone#0	the news was all about the internet	I'm not sure I understand you fully.
frames	train	xnone#0	the news was all about music	I'm not sure I understand you fully.
frames	train	you#3	did you know about the economy?	We were discussing you -- not me.
frames	train	you#3	did you know about sports?	We were discussing you -- not me.
frames	train	you#3	did you know about cooking?	We were discussing you -- not me.
frames	train	you#3	did you know about gardening?	We were discussing you -- not me.
frames	train	you#3	did you know about traffic?	We were discussing you -- not me.
frames	train	you#3	did you know about history?	We were discussing you -- not me.
frames	train	you#3	did you know about the moon?	We were discussing you -- not me.
frames	train	you#3	did you know about taxes?	We were discussing you -- not me.
frames	train	you#3	did you know about trains?	We were discussing you -- not me.
frames	train	you#3	did you know about pizza?	We were discussing you -- not me.
frames	train	you#3	did you know about the internet?	We were discussing you -- not me.
frames	train	you#3	did you know about music?	We were discussing you -- not me.
frames	train	what#0	what do you think of the economy	Why do you ask?
frames	train	what#0	what do you think of sports	Why do you ask?
frames	train	what#0	what do you think of cooking	Why do you ask?
frames	train	what#0	what do you think of gardening	Why do you ask?
frames	train	what#0	what do you think of traffic	Why do you ask?
frames	train	what#0	what do you think of history	Why do you ask?
frames	train	what#0	what do you think of the moon	Why do you ask?
frames	train	what#0	what do you think of taxes	Why do you ask?
frames	train	what#0	what do you think of trains	Why do you ask?
frames	train	what#0	what do you think of pizza	Why do you ask?
frames	train	what#0	what do you think of the internet	Why do you ask?
frames	val	what#0	what do you think of music	Why do you ask?
frames	train	xnone#0	qwerty	I'm not sure I understand you fully.
frames	train	xnone#0	zzz	I'm not sure I understand you fully.
frames	train	xnone#0	hmm ok	I'm not sure I understand you fully.
frames	train	xnone#0	hahaha	I'm not sure I understand you fully.
frames	train	xnone#0	this is sparta	I'm not sure I understand you fully.
frames	train	xnone#0	much wow	I'm not sure I understand you fully.
frames	train	xnone#0	yolo	I'm not sure I understand you fully.
frames	val	what#0	it is what it is	Why do you ask?
frames	train	xnone#0	big mood	I'm not sure I understand you fully.
frames	val	xnone#0	that was fun	I'm not sure I understand you fully.
frames	val	xnone#0	life is good	I'm not sure I understand you fully.
frames	val	are#1	things are going well	Did you think they might not be going well?
frames	train	i#11	i had a great day	You say you had a great day?
frames	val	xnone#0	haha that is funny	I'm not sure I understand you fully.
frames	train	xnone#0	nice	I'm not sure I understand you fully.
frames	train	xnone#0	ugh	I'm not sure I understand you fully.
frames	train	xnone#0	this day is the worst	I'm not sure I understand you fully.
frames	train	hello#0	hello how is your day?	How do you do. Please state your problem.
frames	train	hello#0	hi how is your day?	How do you do. Please state your problem.
frames	train	what#0	hey how is your day?	Why do you ask?
frames	val	what#0	good morning how is your day?	Why do you ask?
frames	train	what#0	good afternoon how is your day?	Why do you ask?
frames	train	what#0	greetings how is your day?	Why do you ask?
frames	train	what#0	howdy how is your day?	Why do you ask?
frames	train	hello#0	oh hello	How do you do. Please state your problem.
frames	train	hello#0	oh hi	How do you do. Please state your problem.
frames	train	xnone#0	oh hey	I'm not sure I understand you fully.
frames	train	xnone#0	oh good morning	I'm not sure I understand you fully.
frames	train	xnone#0	oh good afternoon	I'm not sure I understand you fully.
frames	train	xnone#0	oh greetings	I'm not sure I understand you fully.
frames	train	xnone#0	oh howdy	I'm not sure I understand you fully.
frames	train	my#1	i cannot talk to my mother anymore	Tell me more about your family.
frames	train	my#1	i cannot talk to my father anymore	Tell me more about your family.
frames	train	my#1	i cannot talk to my mom anymore	Tell me more about your family.
frames	val	my#1	i cannot talk to my dad anymore	Tell me more about your family.
frames	train	my#1	i cannot talk to my sister anymore	Tell me more about your family.
frames	train	my#1	i cannot talk to my brother anymore	Tell me more about your family.
frames	train	my#2	i cannot talk to my parents anymore	Your parents anymore?
frames	val	my#1	i cannot talk to my wife anymore	Tell me more about your family.
frames	train	my#2	i cannot talk to my husband anymore	Your husband anymore?
frames	train	my#2	i cannot talk to my son anymore	Your son anymore?
frames	train	my#2	i cannot talk to my daughter anymore	Your daughter anymore?
frames	val	my#2	i cannot talk to my grandmother anymore	Your grandmother anymore?
frames	train	my#2	i cannot talk to my girlfriend anymore	Your girlfriend anymore?
frames	train	my#2	i cannot talk to my boyfriend anymore	Your boyfriend anymore?
frames	train	my#1	my mother and i had a fight	Tell me more about your family.
frames	train	my#1	my father and i had a fight	Tell me more about your family.
frames	train	my#1	my mom and i had a fight	Tell me more about your family.
frames	train	my#1	my dad and i had a fight	Tell me more about your family.
frames	val	my#1	my sister and i had a fight	Tell me more about your family.
frames	train	my#1	my brother and i had a fight	Tell me more about your family.
frames	train	my#2	my parents and i had a fight	Your parents and you had a fight?
frames	train	my#1	my wife and i had a fight	Tell me more about your family.
frames	train	my#2	my husband and i had a fight	Your husband and you had a fight?
frames	train	my#2	my son and i had a fight	Your son and you had a fight?
frames	train	my#2	my daughter and i had a fight	Your daughter and you had a fight?
frames	train	my#2	my grandmother and i had a fight	Your grandmother and you had a fight?
frames	train	my#2	my girlfriend and i had a fight	Your girlfriend and you had a fight?
frames	train	my#2	my boyfriend and i had a fight	Your boyfriend and you had a fight?
frames	train	always#0	why am i always so sad	Can you think of a specific example?
frames	train	always#0	why am i always so anxious	Can you think of a specific example?
frames	val	always#0	why am i always so lonely	Can you think of a specific example?
frames	train	always#0	why am i always so depressed	Can you think of a specific example?
frames	train	always#0	why am i always so miserable	Can you think of a specific example?
frames	train	always#0	why am i always so empty	Can you think of a specific example?
frames	train	always#0	why am i always so angry	Can you think of a specific example?
frames	train	always#0	why am i always so tired	Can you think of a specific example?
frames	train	always#0	why am i always so scared	Can you think of a specific example?
frames	train	always#0	why am i always so hopeless	Can you think of a specific example?
frames	train	always#0	why am i always so stressed	Can you think of a specific example?
frames	train	always#0	why am i always so afraid	Can you think of a specific example?
frames	train	always#0	why am i always so happy	Can you think of a specific example?
frames	train	always#0	why am i always so great	Can you think of a specific example?
frames	train	always#0	why am i always so better	Can you think of a specific example?
frames	train	always#0	why am i always so excited	Can you think of a specific example?
frames	train	always#0	why am i always so relieved	Can you think of a specific example?
frames	train	always#0	why am i always so hopeful	Can you think of a specific example?
frames	train	i#11	i just feel sad again	You say you just feel sad again?
frames	train	i#11	i just feel anxious again	You say you just feel anxious again?
frames	train	i#11	i just feel lonely again	You say you just feel lonely again?
frames	val	i#11	i just feel depressed again	You say you just feel depressed again?
frames	train	i#11	i just feel miserable again	You say you just feel miserable again?
frames	train	i#11	i just feel empty again	You say you just feel empty again?
frames	train	i#11	i just feel angry again	You say you just feel angry again?
frames	train	i#11	i just feel tired again	You say you just feel tired again?
frames	train	i#11	i just feel scared again	You say you just feel scared again?
frames	train	i#11	i just feel hopeless again	You say you just feel hopeless again?
frames	train	i#11	i just feel stressed again	You say you just feel stressed again?
frames	train	i#11	i just feel afraid again	You say you just feel afraid again?
frames	train	i#11	i just feel happy again	You say you just feel happy again?
frames	train	i#11	i just feel great again	You say you just feel great again?
frames	val	i#11	i just feel better again	You say you just feel better again?
frames	val	i#11	i just feel excited again	You say you just feel excited again?
frames	train	i#11	i just feel relieved again	You say you just feel relieved again?
frames	train	i#11	i just feel hopeful again	You say you just feel hopeful again?
frames	train	i#11	i keep hoping for a vacation	You say you keep hoping for a vacation?
frames	train	i#11	i keep hoping for more money	You say you keep hoping for more money?
frames	train	i#11	i keep hoping for some peace	You say you keep hoping for some peace?
frames	train	i#11	i keep hoping for a fresh start	You say you keep hoping for a fresh start?
frames	train	i#11	i keep hoping for someone to talk to	You say you keep hoping for someone to talk to?
frames	train	i#11	i keep hoping for help	You say you keep hoping for help?
frames	train	i#11	i keep hoping for a break	You say you keep hoping for a break?
frames	train	i#11	i keep hoping for to be happy	You say you keep hoping for to be happy?
frames	val	i#11	i keep hoping for a better life	You say you keep hoping for a better life?
frames	train	what#0	what i need is a vacation	Why do you ask?
frames	train	what#0	what i need is more money	Why do you ask?
frames	train	what#0	what i need is some peace	Why do you ask?
frames	val	what#0	what i need is a fresh start	Why do you ask?
frames	train	what#0	what i need is someone to talk to	Why do you ask?
frames	train	what#0	what i need is help	Why do you ask?
frames	val	what#0	what i need is a break	Why do you ask?
frames	train	what#0	what i need is to be happy	Why do you ask?
frames	train	what#0	what i need is a better life	Why do you ask?
frames	train	dream#0	i had a strange dream about falling	What does that dream suggest to you?
frames	train	dream#0	i had a strange dream about being chased	What does that dream suggest to you?
frames	val	dream#0	i had a strange dream about the ocean	What does that dream suggest to you?
frames	train	dream#0	i had a strange dream about my old school	What does that dream suggest to you?
frames	train	dream#0	i had a strange dream about flying	What does that dream suggest to you?
frames	train	dream#0	i had a strange dream about a dark house	What does that dream suggest to you?
frames	train	dream#0	i had a strange dream about my teeth falling out	What does that dream suggest to you?
frames	train	dream#0	i had a strange dream about a storm	What does that dream suggest to you?
frames	train	my#2	my nightmares are about falling	Your nightmares are about falling?
frames	val	my#2	my nightmares are about being chased	Your nightmares are about being chased?
frames	train	my#2	my nightmares are about the ocean	Your nightmares are about the ocean?
frames	train	my#2	my nightmares are about my old school	Your nightmares are about your old school?
frames	train	my#2	my nightmares are about flying	Your nightmares are about flying?
frames	train	my#2	my nightmares are about a dark house	Your nightmares are about a dark house?
frames	train	my#2	my nightmares are about my teeth falling out	Your nightmares are about your teeth falling out?
frames	train	my#2	my nightmares are about a storm	Your nightmares are about a storm?
frames	train	computer#0	i spend all day with computers	Do computers worry you?
frames	train	computer#0	i spend all day with machines	Do computers worry you?
frames	train	i#11	i spend all day with robots	You say you spend all day with robots?
frames	train	i#11	i spend all day with programs	You say you spend all day with programs?
frames	train	i#11	i spend all day with algorithms	You say you spend all day with algorithms?
frames	train	i#11	i spend all day with chatbots	You say you spend all day with chatbots?
frames	train	computer#0	i spend all day with a computer	Do computers worry you?
frames	train	computer#0	i spend all day with a machine	Do computers worry you?
frames	train	i#11	i spend all day with a robot	You say you spend all day with a robot?
frames	train	i#11	i spend all day with a program	You say you spend all day with a program?
frames	train	computer#0	can computers really understand people?	Do computers worry you?
frames	train	computer#0	can machines really understand people?	Do computers worry you?
frames	train	xnone#0	can robots really understand people?	I'm not sure I understand you fully.
frames	train	xnone#0	can programs really understand people?	I'm not sure I understand you fully.
frames	train	xnone#0	can algorithms really understand people?	I'm not sure I understand you fully.
frames	train	xnone#0	can chatbots really understand people?	I'm not sure I understand you fully.
frames	train	computer#0	can a computer really understand people?	Do computers worry you?
frames	train	computer#0	can a machine really understand people?	Do computers worry you?
frames	train	xnone#0	can a robot really understand people?	I'm not sure I understand you fully.
frames	train	xnone#0	can a program really understand people?	I'm not sure I understand you fully.
frames	train	yes#0	yes definitely	You seem to be quite positive.
frames	train	xnone#0	yeah definitely	I'm not sure I understand you fully.
frames	train	xnone#0	yep definitely	I'm not sure I understand you fully.
frames	train	xnone#0	sure definitely	I'm not sure I understand you fully.
frames	train	xnone#0	absolutely definitely	I'm not sure I understand you fully.
frames	train	xnone#0	correct definitely	I'm not sure I understand you fully.
frames	train	i#11	i do definitely	You say you do definitely?
frames	train	xnone#0	that is true definitely	I'm not sure I understand you fully.
frames	train	xnone#0	uh huh definitely	I'm not sure I understand you fully.
frames	train	yes#0	well yes	You seem to be quite positive.
frames	train	xnone#0	well yeah	I'm not sure I understand you fully.
frames	val	xnone#0	well yep	I'm not sure I understand you fully.
frames	train	xnone#0	well sure	I'm not sure I understand you fully.
frames	train	xnone#0	well absolutely	I'm not sure I understand you fully.
frames	train	xnone#0	well correct	I'm not sure I understand you fully.
frames	train	i#11	well i do	You say well you do?
frames	train	xnone#0	well that is true	I'm not sure I understand you fully.
frames	train	xnone#0	well uh huh	I'm not sure I understand you fully.
frames	train	no#0	no not at all	Are you saying no just to be negative?
frames	train	xnone#0	nope not at all	I'm not sure I understand you fully.
frames	train	xnone#0	nah not at all	I'm not sure I understand you fully.
frames	train	xnone#0	not really not at all	I'm not sure I understand you fully.
frames	train	no#0	no way not at all	Are you saying no just to be negative?
frames	train	xnone#0	definitely not not at all	I'm not sure I understand you fully.
frames	train	i#11	i do not not at all	You say you do not not at all?
frames	train	xnone#0	never not at all	I'm not sure I understand you fully.
frames	train	no#0	well no	Are you saying no just to be negative?
frames	train	xnone#0	well nope	I'm not sure I understand you fully.
frames	train	xnone#0	well nah	I'm not sure I understand you fully.
frames	train	xnone#0	well not really	I'm not sure I understand you fully.
frames	train	no#0	well no way	Are you saying no just to be negative?
frames	train	xnone#0	well definitely not	I'm not sure I understand you fully.
frames	train	i#11	well i do not	You say well you do not?
frames	train	xnone#0	well never	I'm not sure I understand you fully.
frames	val	i#6	i am i don't know	Is it because you are you dont know that you came to me?
frames	train	i#6	i am not sure	Is it because you are not sure that you came to me?
frames	train	i#6	i am maybe	Is it because you are perhaps that you came to me?
frames	train	i#6	i am perhaps	Is it because you are perhaps that you came to me?
frames	train	i#6	i am who knows	Is it because you are who knows that you came to me?
frames	train	i#6	i am i have no idea	Is it because you are you have no idea that you came to me?
frames	train	i#6	i am i cannot say	Is it because you are you cannot say that you came to me?
frames	train	i#6	i am hard to say	Is it because you are hard to say that you came to me?
frames	train	i#8	i don't know really	Don't you really know really?
frames	train	xnone#0	not sure really	I'm not sure I understand you fully.
frames	train	perhaps#0	maybe really	You don't seem quite certain.
frames	train	perhaps#0	perhaps really	You don't seem quite certain.
frames	train	what#0	who knows really	Why do you ask?
frames	val	i#11	i have no idea really	You say you have no idea really?
frames	train	i#7	i cannot say really	How do you think that you can't say really?
frames	train	xnone#0	hard to say really	I'm not sure I understand you fully.
frames	train	you#3	do you really say that?	We were discussing you -- not me.
frames	train	you#3	do you really mean?	We were discussing you -- not me.
frames	train	you#3	do you really know?	We were discussing you -- not me.
frames	train	you#3	do you really think so?	We were discussing you -- not me.
frames	train	you#3	do you really help?	We were discussing you -- not me.
frames	train	you#3	do you really feel?	We were discussing you -- not me.
frames	train	you#3	do you really do that?	We were discussing you -- not me.
frames	train	you#3	do you really understand?	We were discussing you -- not me.
frames	val	you#3	do you really care?	We were discussing you -- not me.
frames	train	what#0	how can you say that	Why do you ask?
frames	train	what#0	how can you mean	Why do you ask?
frames	train	what#0	how can you know	Why do you ask?
frames	train	what#0	how can you think so	Why do you ask?
frames	train	what#0	how can you help	Why do you ask?
frames	train	what#0	how can you feel	Why do you ask?
frames	val	what#0	how can you do that	Why do you ask?
frames	train	what#0	how can you understand	Why do you ask?
frames	val	what#0	how can you care	Why do you ask?
frames	val	always#0	they always ignores me	Can you think of a specific example?
frames	train	always#0	they always hates me	Can you think of a specific example?
frames	train	always#0	they always leaves	Can you think of a specific example?
frames	train	always#0	they always lets me down	Can you think of a specific example?
frames	train	always#0	they always messes things up	Can you think of a specific example?
frames	train	always#0	they always understands me	Can you think of a specific example?
frames	train	always#0	they always cares	Can you think of a specific example?
frames	val	always#0	they always laughs at me	Can you think of a specific example?
frames	train	always#0	they always forgets about me	Can you think of a specific example?
frames	train	everyone#0	nobody ever ignores me	Really, nobody?
frames	train	everyone#0	nobody ever hates me	Really, nobody?
frames	train	everyone#0	nobody ever leaves	Really, nobody?
frames	val	everyone#0	nobody ever lets me down	Really, nobody?
frames	train	everyone#0	nobody ever messes things up	Really, nobody?
frames	train	everyone#0	nobody ever understands me	Really, nobody?
frames	train	everyone#0	nobody ever cares	Really, nobody?
frames	train	everyone#0	nobody ever laughs at me	Really, nobody?
frames	val	everyone#0	nobody ever forgets about me	Really, nobody?
frames	train	you#1	you are so stupid	What makes you think I am so stupid?
frames	train	you#1	you are so useless	What makes you think I am so useless?
frames	train	you#1	you are so annoying	What makes you think I am so annoying?
frames	train	you#1	you are so pointless	What makes you think I am so pointless?
frames	train	you#1	you are so dumb	What makes you think I am so dumb?
frames	train	you#1	you are so a waste of time	What makes you think I am so a waste of time?
frames	train	you#1	you are so ridiculous	What makes you think I am so ridiculous?
frames	train	you#1	you are so boring	What makes you think I am so boring?
frames	train	xnone#0	honestly this is stupid	I'm not sure I understand you fully.
frames	train	xnone#0	honestly this is useless	I'm not sure I understand you fully.
frames	train	xnone#0	honestly this is annoying	I'm not sure I understand you fully.
frames	train	xnone#0	honestly this is pointless	I'm not sure I understand you fully.
frames	train	xnone#0	honestly this is dumb	I'm not sure I understand you fully.
frames	train	xnone#0	honestly this is a waste of time	I'm not sure I understand you fully.
frames	train	xnone#0	honestly this is ridiculous	I'm not sure I understand you fully.
frames	train	xnone#0	honestly this is boring	I'm not sure I understand you fully.
frames	val	my#2	sorry my fault	Your fault?
frames	val	my#2	so sorry my fault	Your fault?
frames	train	my#2	i apologize my fault	Your fault?
frames	train	my#2	my apologies my fault	Your apologies your fault?
frames	train	my#2	forgive me my fault	Your fault?
frames	train	my#2	pardon me my fault	Your fault?
frames	train	sorry#0	well sorry	Please don't apologise.
frames	train	sorry#0	well so sorry	Please don't apologise.
frames	train	i#11	well i apologize	You say well you apologise?
frames	train	my#2	well my apologies	Your apologies?
frames	train	xnone#0	well forgive me	I'm not sure I understand you fully.
frames	train	xnone#0	well pardon me	I'm not sure I understand you fully.
frames	train	you#3	thank you for your help	We were discussing you -- not me.
frames	train	your#0	thanks for your help	Why are you concerned over my help?
frames	train	your#0	goodbye for your help	Why are you concerned over my help?
frames	val	your#0	bye for your help	Why are you concerned over my help?
frames	train	you#3	see you later for your help	We were discussing you -- not me.
frames	train	i#11	i have to go for your help	You say you have to go for my help?
frames	train	your#0	take care for your help	Why are you concerned over my help?
frames	train	you#3	alright thank you	We were discussing you -- not me.
frames	val	xnone#0	alright thanks	I'm not sure I understand you fully.
frames	train	xnone#0	alright goodbye	I'm not sure I understand you fully.
frames	val	xnone#0	alright bye	I'm not sure I understand you fully.
frames	train	you#3	alright see you later	We were discussing you -- not me.
frames	train	i#11	alright i have to go	You say alright you have to go?
frames	train	xnone#0	alright take care	I'm not sure I understand you fully.
frames	train	my#2	i have problems at my job	Your job?
frames	train	my#2	i have problems at my boss	Your boss?
frames	train	my#2	i have problems at my work	Your work?
frames	train	my#2	i have problems at my career	Your career?
frames	train	my#2	i have problems at my manager	Your manager?
frames	val	my#2	i have problems at my coworkers	Your coworkers?
frames	train	my#2	i have problems at my exams	Your exams?
frames	train	my#2	i have problems at my classes	Your classes?
frames	train	my#2	i have problems at my deadline	Your deadline?
frames	train	my#2	i have problems at my promotion	Your promotion?
frames	val	my#2	my job makes me miserable	Your job makes you miserable?
frames	train	my#2	my boss makes me miserable	Your boss makes you miserable?
frames	train	my#2	my work makes me miserable	Your work makes you miserable?
frames	train	my#2	my career makes me miserable	Your career makes you miserable?
frames	train	my#2	my manager makes me miserable	Your manager makes you miserable?
frames	train	my#2	my coworkers makes me miserable	Your coworkers makes you miserable?
frames	train	my#2	my exams makes me miserable	Your exams makes you miserable?
frames	train	my#2	my classes makes me miserable	Your classes makes you miserable?
frames	val	my#2	my deadline makes me miserable	Your deadline makes you miserable?
frames	val	my#2	my promotion makes me miserable	Your promotion makes you miserable?
frames	train	my#2	i cannot get over losing my dog	Your dog?
frames	train	my#2	i cannot get over losing my cat	Your cat?
frames	train	my#2	i cannot get over losing my pet	Your pet?
frames	train	my#2	i cannot get over losing my best friend	Your best friend?
frames	train	my#2	i cannot get over losing my friend	Your friend?
frames	train	my#2	i cannot get over losing my goldfish	Your goldfish?
frames	train	my#2	i cannot get over losing my hamster	Your hamster?
frames	train	my#2	i cannot get over losing my horse	Your horse?
frames	train	my#2	since my dog died i feel empty	Your dog died you feel empty?
frames	train	my#2	since my cat died i feel empty	Your cat died you feel empty?
frames	train	my#2	since my pet died i feel empty	Your pet died you feel empty?
frames	train	my#2	since my best friend died i feel empty	Your best friend died you feel empty?
frames	train	my#2	since my friend died i feel empty	Your friend died you feel empty?
frames	train	my#2	since my goldfish died i feel empty	Your goldfish died you feel empty?
frames	train	my#2	since my hamster died i feel empty	Your hamster died you feel empty?
frames	val	my#2	since my horse died i feel empty	Your horse died you feel empty?
frames	train	xnone#0	someone mentioned the economy yesterday	I'm not sure I understand you fully.
frames	train	xnone#0	someone mentioned sports yesterday	I'm not sure I understand you fully.
frames	train	xnone#0	someone mentioned cooking yesterday	I'm not sure I understand you fully.
frames	train	xnone#0	someone mentioned gardening yesterday	I'm not sure I understand you fully.
frames	train	xnone#0	someone mentioned traffic yesterday	I'm not sure I understand you fully.
frames	train	xnone#0	someone mentioned history yesterday	I'm not sure I understand you fully.
frames	train	xnone#0	someone mentioned the moon yesterday	I'm not sure I understand you fully.
frames	train	xnone#0	someone mentioned taxes yesterday	I'm not sure I understand you fully.
frames	train	xnone#0	someone mentioned trains yesterday	I'm not sure I understand you fully.
frames	val	xnone#0	someone mentioned pizza yesterday	I'm not sure I understand you fully.
frames	train	xnone#0	someone mentioned the internet yesterday	I'm not sure I understand you fully.
frames	train	xnone#0	someone mentioned music yesterday	I'm not sure I understand you fully.
frames	train	i#11	i saw a video about the economy	You say you saw a video about the economy?
frames	train	i#11	i saw a video about sports	You say you saw a video about sports?
frames	train	i#11	i saw a video about cooking	You say you saw a video about cooking?
frames	train	i#11	i saw a video about gardening	You say you saw a video about gardening?
frames	train	i#11	i saw a video about traffic	You say you saw a video about traffic?
frames	train	i#11	i saw a video about history	You say you saw a video about history?
frames	train	i#11	i saw a video about the moon	You say you saw a video about the moon?
frames	val	i#11	i saw a video about taxes	You say you saw a video about taxes?
frames	train	i#11	i saw a video about trains	You say you saw a video about trains?
frames	train	i#11	i saw a video about pizza	You say you saw a video about pizza?
frames	train	i#11	i saw a video about the internet	You say you saw a video about the internet?
frames	train	i#11	i saw a video about music	You say you saw a video about music?
