gutenberg-11	and what is the use of a book
gutenberg-11	without pictures or conversations
gutenberg-11	I shall be late
gutenberg-11	after such a fall as this, I shall think nothing of tumbling down stairs
gutenberg-11	How brave they’ll all think me at home
gutenberg-11	Why, I wouldn’t say anything about it, even if I fell off the top of the house
gutenberg-11	I wonder how many miles I’ve fallen by this time
gutenberg-11	I must be getting somewhere near the centre of the earth
gutenberg-11	Let me see: that would be four thousand miles down, I think
gutenberg-11	yes, that’s about the right distance—but then I wonder what Latitude or Longitude I’ve got to
gutenberg-11	I wonder if I shall fall right _through_ the earth
gutenberg-11	How funny it’ll seem to come out among the people that walk with their heads downward
gutenberg-11	The Antipathies, I think
gutenberg-11	but I shall have to ask them what the name of the country is, you know
gutenberg-11	Please, Ma’am, is this New Zealand or Australia
gutenberg-11	And what an ignorant little girl she’ll think me for asking
gutenberg-11	No, it’ll never do to ask: perhaps I shall see it written up somewhere
gutenberg-11	Dinah’ll miss me very much to-night, I should think
gutenberg-11	I hope they’ll remember her saucer of milk at tea-time
gutenberg-11	Dinah my dear
gutenberg-11	I wish you were down here with me
gutenberg-11	But do cats eat bats, I wonder
gutenberg-11	Do cats eat bats
gutenberg-11	Do bats eat cats
gutenberg-11	Now, Dinah, tell me the truth: did you ever eat a bat
gutenberg-11	Oh my ears and whiskers, how late it’s getting
gutenberg-11	and even if my head would go through
gutenberg-11	it would be of very little use without my shoulders
gutenberg-11	Oh, how I wish I could shut up like a telescope
gutenberg-11	I think I could, if I only knew how to begin
gutenberg-11	which certainly was not here before
gutenberg-11	No, I’ll look first
gutenberg-11	and see whether it’s marked ‘_poison_’ or not
gutenberg-11	What a curious feeling
gutenberg-11	I must be shutting up like a telescope
gutenberg-11	for it might end, you know
gutenberg-11	in my going out altogether, like a candle
gutenberg-11	I wonder what I should be like then
gutenberg-11	Come, there’s no use in crying like that
gutenberg-11	I advise you to leave off this minute
gutenberg-11	But it’s no use now
gutenberg-11	to pretend to be two people
gutenberg-11	Why, there’s hardly enough of me left to make _one_ respectable person
gutenberg-11	Well, I’ll eat it
gutenberg-11	and if it makes me grow larger, I can reach the key
gutenberg-11	and if it makes me grow smaller, I can creep under the door
gutenberg-11	so either way I’ll get into the garden, and I don’t care which happens
gutenberg-11	Curiouser and curiouser
gutenberg-11	now I’m opening out like the largest telescope that ever was
gutenberg-11	I’m sure _I_ shan’t be able
gutenberg-11	but I must be kind to them
gutenberg-11	or perhaps they won’t walk the way I want to go
gutenberg-11	Let me see: I’ll give them a new pair of boots every Christmas
gutenberg-11	They must go by the carrier
gutenberg-11	and how funny it’ll seem, sending presents to one’s own feet
gutenberg-11	And how odd the directions will look
gutenberg-11	Alice’s Right Foot, Esq
gutenberg-11	Hearthrug, near the Fender,_ (_with Alice’s love
gutenberg-11	Oh dear, what nonsense I’m talking
gutenberg-11	You ought to be ashamed of yourself
gutenberg-11	a great girl like you
gutenberg-11	to go on crying in this way
gutenberg-11	Stop this moment, I tell you
gutenberg-11	the Duchess, the Duchess
gutenberg-11	won’t she be savage if I’ve kept her waiting
gutenberg-11	If you please, sir
gutenberg-11	How queer everything is to-day
gutenberg-11	And yesterday things went on just as usual
gutenberg-11	I wonder if I’ve been changed in the night
gutenberg-11	Let me think: was I the same when I got up this morning
gutenberg-11	I almost think I can remember feeling a little different
gutenberg-11	But if I’m not the same, the next question is, Who in the world am I
gutenberg-11	Ah, _that’s_ the great puzzle
gutenberg-11	I’m sure I’m not Ada
gutenberg-11	for her hair goes in such long ringlets, and mine doesn’t go in ringlets at all
gutenberg-11	and I’m sure I can’t be Mabel, for I know all sorts of things, and she, oh
gutenberg-11	she knows such a very little
gutenberg-11	Besides, _she’s_ she, and _I’m_ I, and—oh dear, how puzzling it all is
gutenberg-11	I’ll try if I know all the things I used to know
gutenberg-11	I shall never get to twenty at that rate
gutenberg-11	However, the Multiplication Table doesn’t signify: let’s try Geography
gutenberg-11	I must have been changed for Mabel
gutenberg-11	I’ll try and say ‘_How doth the little
gutenberg-11	I’m sure those are not the right words
gutenberg-11	ever so many lessons to learn
gutenberg-11	No, I’ve made up my mind about it
gutenberg-11	if I’m Mabel, I’ll stay down here
gutenberg-11	It’ll be no use their putting their heads down and saying ‘Come up again, dear
gutenberg-11	I shall only look up and say ‘Who am I then
gutenberg-11	I do wish they _would_ put their heads down
gutenberg-11	I am so _very_ tired of being all alone here
gutenberg-11	How _can_ I have done that
gutenberg-11	I must be growing small again
gutenberg-11	That _was_ a narrow escape
gutenberg-11	and now for the garden
gutenberg-11	and things are worse than ever
gutenberg-11	for I never was so small as this before, never
gutenberg-11	And I declare it’s too bad, that it is
gutenberg-11	and in that case I can go back by railway
gutenberg-11	I wish I hadn’t cried so much
gutenberg-11	I shall be punished for it now, I suppose, by being drowned in my own tears
gutenberg-11	That _will_ be a queer thing, to be sure
gutenberg-11	However, everything is queer to-day
gutenberg-11	Would it be of any use, now
gutenberg-11	to speak to this mouse
gutenberg-11	O Mouse, do you know the way out of this pool
gutenberg-11	I am very tired of swimming about here, O Mouse
gutenberg-11	A mouse—of a mouse—to a mouse—a mouse—O mouse
gutenberg-11	Perhaps it doesn’t understand English
gutenberg-11	I daresay it’s a French mouse, come over with William the Conqueror
gutenberg-11	Où est ma chatte
gutenberg-11	Oh, I beg your pardon
gutenberg-11	I quite forgot you didn’t like cats
gutenberg-11	Not like cats
gutenberg-11	Would _you_ like cats if you were me
gutenberg-11	Well, perhaps not
gutenberg-11	don’t be angry about it
gutenberg-11	She is such a dear quiet thing
gutenberg-11	We won’t talk about her any more if you’d rather not
gutenberg-11	As if _I_ would talk on such a subject
gutenberg-11	Our family always _hated_ cats: nasty, low, vulgar things
gutenberg-11	Don’t let me hear the name again
gutenberg-11	I won’t indeed
gutenberg-11	Are you—are you fond—of—of dogs
gutenberg-11	There is such a nice little dog near our house I should like to show you
gutenberg-11	A little bright-eyed terrier, you know, with oh, such long curly brown hair
gutenberg-11	He says it kills all the rats and—oh dear
gutenberg-11	I’m afraid I’ve offended it again
gutenberg-11	Do come back again, and we won’t talk about cats or dogs either, if you don’t like them
gutenberg-11	I am older than you, and must know better
gutenberg-11	Sit down, all of you, and listen to me
gutenberg-11	I’ll_ soon make you dry enough
gutenberg-11	are you all ready
gutenberg-11	This is the driest thing I know
gutenberg-11	Silence all round, if you please
gutenberg-11	Edwin and Morcar, the earls of Mercia and Northumbria
gutenberg-11	I beg your pardon
gutenberg-11	Did you speak
gutenberg-11	I thought you did
gutenberg-11	of course you know what ‘it’ means
gutenberg-11	I know what ‘it’ means well enough, when _I_ find a thing
gutenberg-11	it’s generally a frog or a worm
gutenberg-11	The question is, what did the archbishop find
gutenberg-11	found it advisable to go with Edgar Atheling to meet William and offer him the crown
gutenberg-11	William’s conduct at first was moderate
gutenberg-11	But the insolence of his Normans—’ How are you getting on now, my dear
gutenberg-11	As wet as ever
gutenberg-11	it doesn’t seem to dry me at all
gutenberg-11	In that case
gutenberg-11	I move that the meeting adjourn, for the immediate adoption of more energetic remedies
gutenberg-11	What I was going to say
gutenberg-11	was, that the best thing to get us dry would be a Caucus-race
gutenberg-11	What _is_ a Caucus-race
gutenberg-11	the best way to explain it is to do it
gutenberg-11	the exact shape doesn’t matter
gutenberg-11	One, two, three, and away
gutenberg-11	The race is over
gutenberg-11	But who has won
gutenberg-11	Everybody_ has won, and all must have prizes
gutenberg-11	But who is to give the prizes
gutenberg-11	Why, _she_, of course
gutenberg-11	But she must have a prize herself, you know
gutenberg-11	What else have you got in your pocket
gutenberg-11	Only a thimble
gutenberg-11	Hand it over here
gutenberg-11	We beg your acceptance of this elegant thimble
gutenberg-11	You promised to tell me your history, you know
gutenberg-11	and why it is you hate—C and D
gutenberg-11	Mine is a long and a sad tale
gutenberg-11	It _is_ a long tail, certainly
gutenberg-11	but why do you call it sad
gutenberg-11	Come, I’ll take no denial
gutenberg-11	We must have a trial: For really this morning I’ve nothing to do
gutenberg-11	You are not attending
gutenberg-11	What are you thinking of
gutenberg-11	you had got to the fifth bend, I think
gutenberg-11	I had _not
gutenberg-11	Oh, do let me help to undo it
gutenberg-11	I shall do nothing of the sort
gutenberg-11	You insult me by talking such nonsense
gutenberg-11	I didn’t mean it
gutenberg-11	But you’re so easily offended, you know
gutenberg-11	Please come back and finish your story
gutenberg-11	Yes, please do
gutenberg-11	What a pity it wouldn’t stay
gutenberg-11	Ah, my dear
gutenberg-11	Let this be a lesson to you never to lose _your_ temper
gutenberg-11	Hold your tongue, Ma
gutenberg-11	You’re enough to try the patience of an oyster
gutenberg-11	I wish I had our Dinah here, I know I do
gutenberg-11	She’d soon fetch it back
gutenberg-11	And who is Dinah, if I might venture to ask the question
gutenberg-11	Dinah’s our cat
gutenberg-11	And she’s such a capital one for catching mice you can’t think
gutenberg-11	And oh, I wish you could see her after the birds
gutenberg-11	Why, she’ll eat a little bird as soon as look at it
gutenberg-11	I really must be getting home
gutenberg-11	the night-air doesn’t suit my throat
gutenberg-11	Come away, my dears
gutenberg-11	It’s high time you were all in bed
gutenberg-11	I wish I hadn’t mentioned Dinah
gutenberg-11	Nobody seems to like her, down here, and I’m sure she’s the best cat in the world
gutenberg-11	Oh, my dear Dinah
gutenberg-11	I wonder if I shall ever see you any more
gutenberg-11	Oh my dear paws
gutenberg-11	Oh my fur and whiskers
gutenberg-11	She’ll get me executed, as sure as ferrets are ferrets
gutenberg-11	Where _can_ I have dropped them, I wonder
gutenberg-11	Why, Mary Ann, what _are_ you doing out here
gutenberg-11	Run home this moment, and fetch me a pair of gloves and a fan
gutenberg-11	He took me for his housemaid
gutenberg-11	How surprised he’ll be when he finds out who I am
gutenberg-11	But I’d better take him his fan and gloves—that is, if I can find them
gutenberg-11	How queer it seems
gutenberg-11	to be going messages for a rabbit
gutenberg-11	I suppose Dinah’ll be sending me on messages next
gutenberg-11	Come here directly, and get ready for your walk
gutenberg-11	Coming in a minute, nurse
gutenberg-11	But I’ve got to see that the mouse doesn’t get out
gutenberg-11	Only I don’t think
gutenberg-11	that they’d let Dinah stop in the house if it began ordering people about like that
gutenberg-11	I know _something_ interesting is sure to happen
gutenberg-11	whenever I eat or drink anything
gutenberg-11	so I’ll just see what this bottle does
gutenberg-11	Now I can do no more, whatever happens
gutenberg-11	What _will_ become of me
gutenberg-11	It was much pleasanter at home
gutenberg-11	when one wasn’t always growing larger and smaller, and being ordered about by mice and rabbits
gutenberg-11	I do wonder what _can_ have happened to me
gutenberg-11	There ought to be a book written about me, that there ought
gutenberg-11	And when I grow up, I’ll write one—but I’m grown up now
gutenberg-11	at least there’s no room to grow up any more _here
gutenberg-11	shall I _never_ get any older than I am now
gutenberg-11	That’ll be a comfort, one way—never to be an old woman—but then—always to have lessons to learn
gutenberg-11	Oh, I shouldn’t like _that
gutenberg-11	Oh, you foolish Alice
gutenberg-11	How can you learn lessons in here
gutenberg-11	Why, there’s hardly room for _you_, and no room at all for any lesson-books
gutenberg-11	Fetch me my gloves this moment
gutenberg-11	Then I’ll go round and get in at the window
gutenberg-11	That_ you won’t
gutenberg-11	Where are you
gutenberg-11	Sure then I’m here
gutenberg-11	Digging for apples, yer honour
gutenberg-11	Digging for apples, indeed
gutenberg-11	Come and help me out of _this
gutenberg-11	Now tell me, Pat, what’s that in the window
gutenberg-11	Sure, it’s an arm, yer honour
gutenberg-11	An arm, you goose
gutenberg-11	Who ever saw one that size
gutenberg-11	Why, it fills the whole window
gutenberg-11	Sure, it does, yer honour: but it’s an arm for all that
gutenberg-11	Well, it’s got no business there, at any rate: go and take it away
gutenberg-11	Sure, I don’t like it, yer honour, at all, at all
gutenberg-11	Do as I tell you, you coward
gutenberg-11	What a number of cucumber-frames there must be
gutenberg-11	I wonder what they’ll do next
gutenberg-11	As for pulling me out of the window, I only wish they _could
gutenberg-11	I’m sure _I_ don’t want to stay in here any longer
gutenberg-11	Where’s the other ladder
gutenberg-11	Why, I hadn’t to bring but one
gutenberg-11	Bill’s got the other—Bill
gutenberg-11	fetch it here, lad
gutenberg-11	Here, put ’em up at this corner—No, tie ’em together first—they don’t reach half high enough yet—Oh
gutenberg-11	they’ll do well enough
gutenberg-11	don’t be particular—Here, Bill
gutenberg-11	catch hold of this rope—Will the roof bear
gutenberg-11	Mind that loose slate—Oh, it’s coming down
gutenberg-11	Now, who did that
gutenberg-11	It was Bill, I fancy—Who’s to go down the chimney
gutenberg-11	Nay, _I_ shan’t
gutenberg-11	You_ do it
gutenberg-11	That_ I won’t, then
gutenberg-11	Bill’s to go down—Here, Bill
gutenberg-11	the master says you’re to go down the chimney
gutenberg-11	So Bill’s got to come down the chimney, has he
gutenberg-11	Shy, they seem to put everything upon Bill
gutenberg-11	I wouldn’t be in Bill’s place for a good deal: this fireplace is narrow, to be sure
gutenberg-11	but I _think_ I can kick a little
gutenberg-11	This is Bill
gutenberg-11	There goes Bill
gutenberg-11	Catch him, you by the hedge
gutenberg-11	Hold up his head—Brandy now—Don’t choke him—How was it, old fellow
gutenberg-11	What happened to you
gutenberg-11	Tell us all about it
gutenberg-11	Well, I hardly know—No more, thank ye
gutenberg-11	So you did, old fellow
gutenberg-11	We must burn the house down
gutenberg-11	If you do, I’ll set Dinah at you
gutenberg-11	I wonder what they _will_ do next
gutenberg-11	If they had any sense, they’d take the roof off
gutenberg-11	A barrowful will do, to begin with
gutenberg-11	A barrowful of _what
gutenberg-11	I’ll put a stop to this
gutenberg-11	You’d better not do that again
gutenberg-11	If I eat one of these cakes
gutenberg-11	it’s sure to make _some_ change in my size
gutenberg-11	and as it can’t possibly make me larger, it must make me smaller, I suppose
gutenberg-11	The first thing I’ve got to do
gutenberg-11	is to grow to my right size again
gutenberg-11	and the second thing is to find my way into that lovely garden
gutenberg-11	I think that will be the best plan
gutenberg-11	Poor little thing
gutenberg-11	And yet what a dear little puppy it was
gutenberg-11	I’d nearly forgotten that I’ve got to grow up again
gutenberg-11	Let me see—how _is_ it to be managed
gutenberg-11	I suppose I ought to eat or drink something or other
gutenberg-11	but the great question is, what
gutenberg-11	Who are _you
gutenberg-11	What do you mean by that
gutenberg-11	I can’t explain _myself_, I’m afraid, sir
gutenberg-11	because I’m not myself, you see
gutenberg-11	I don’t see
gutenberg-11	I’m afraid I can’t put it more clearly
gutenberg-11	for I can’t understand it myself to begin with
gutenberg-11	and being so many different sizes in a day is very confusing
gutenberg-11	Well, perhaps you haven’t found it so yet
gutenberg-11	Not a bit
gutenberg-11	Well, perhaps your feelings may be different
gutenberg-11	all I know is, it would feel very queer to _me
gutenberg-11	I think, you ought to tell me who _you_ are, first
gutenberg-11	I’ve something important to say
gutenberg-11	Keep your temper
gutenberg-11	Is that all
gutenberg-11	So you think you’re changed, do you
gutenberg-11	I’m afraid I am, sir
gutenberg-11	I can’t remember things as I used—and I don’t keep the same size for ten minutes together
gutenberg-11	Can’t remember _what_ things
gutenberg-11	Well, I’ve tried to say “How doth the little busy bee
gutenberg-11	Repeat, ‘_You are old, Father William
gutenberg-11	You are old, Father William
gutenberg-11	And your hair has become very white
gutenberg-11	And yet you incessantly stand on your head— Do you think, at your age, it is right
gutenberg-11	In my youth
gutenberg-11	I feared it might injure the brain
gutenberg-11	But, now that I’m perfectly sure I have none, Why, I do it again and again
gutenberg-11	You are old
gutenberg-11	as I mentioned before, And have grown most uncommonly fat
gutenberg-11	Yet you turned a back-somersault in at the door— Pray, what is the reason of that
gutenberg-11	and your jaws are too weak For anything tougher than suet
gutenberg-11	I took to the law, And argued each case with my wife
gutenberg-11	And the muscular strength, which it gave to my jaw, Has lasted the rest of my life
gutenberg-11	one would hardly suppose That your eye was as steady as ever
gutenberg-11	Yet you balanced an eel on the end of your nose— What made you so awfully clever
gutenberg-11	I have answered three questions, and that is enough
gutenberg-11	don’t give yourself airs
gutenberg-11	Do you think I can listen all day to such stuff
gutenberg-11	Be off, or I’ll kick you down stairs
gutenberg-11	That is not said right
gutenberg-11	Not _quite_ right, I’m afraid
gutenberg-11	some of the words have got altered
gutenberg-11	It is wrong from beginning to end
gutenberg-11	What size do you want to be
gutenberg-11	Oh, I’m not particular as to size
gutenberg-11	only one doesn’t like changing so often, you know
gutenberg-11	I _don’t_ know
gutenberg-11	Are you content now
gutenberg-11	Well, I should like to be a _little_ larger, sir, if you wouldn’t mind
gutenberg-11	three inches is such a wretched height to be
gutenberg-11	It is a very good height indeed
gutenberg-11	But I’m not used to it
gutenberg-11	I wish the creatures wouldn’t be so easily offended
gutenberg-11	You’ll get used to it in time
gutenberg-11	One side will make you grow taller, and the other side will make you grow shorter
gutenberg-11	One side of _what
gutenberg-11	The other side of _what
gutenberg-11	Of the mushroom
gutenberg-11	And now which is which
gutenberg-11	Come, my head’s free at last
gutenberg-11	What _can_ all that green stuff be
gutenberg-11	And where _have_ my shoulders got to
gutenberg-11	And oh, my poor hands, how is it I can’t see you
gutenberg-11	I’m _not_ a serpent
gutenberg-11	Let me alone
gutenberg-11	Serpent, I say again
gutenberg-11	I’ve tried every way, and nothing seems to suit them
gutenberg-11	I haven’t the least idea what you’re talking about
gutenberg-11	I’ve tried the roots of trees, and I’ve tried banks, and I’ve tried hedges
gutenberg-11	but those serpents
gutenberg-11	There’s no pleasing them
gutenberg-11	As if it wasn’t trouble enough hatching the eggs
gutenberg-11	but I must be on the look-out for serpents night and day
gutenberg-11	Why, I haven’t had a wink of sleep these three weeks
gutenberg-11	I’m very sorry you’ve been annoyed
gutenberg-11	And just as I’d taken the highest tree in the wood
gutenberg-11	But I’m _not_ a serpent, I tell you
gutenberg-11	I’m a—I’m a
gutenberg-11	What_ are you
gutenberg-11	I can see you’re trying to invent something
gutenberg-11	I—I’m a little girl
gutenberg-11	A likely story indeed
gutenberg-11	You’re a serpent
gutenberg-11	and there’s no use denying it
gutenberg-11	I suppose you’ll be telling me next that you never tasted an egg
gutenberg-11	I _have_ tasted eggs, certainly
gutenberg-11	but little girls eat eggs quite as much as serpents do, you know
gutenberg-11	I don’t believe it
gutenberg-11	but if they do, why then they’re a kind of serpent, that’s all I can say
gutenberg-11	You’re looking for eggs, I know _that_ well enough
gutenberg-11	and what does it matter to me whether you’re a little girl or a serpent
gutenberg-11	It matters a good deal to _me
gutenberg-11	but I’m not looking for eggs, as it happens
gutenberg-11	and if I was, I shouldn’t want _yours_: I don’t like them raw
gutenberg-11	Well, be off, then
gutenberg-11	Come, there’s half my plan done now
gutenberg-11	How puzzling all these changes are
gutenberg-11	I’m never sure what I’m going to be, from one minute to another
gutenberg-11	Whoever lives there
gutenberg-11	it’ll never do to come upon them _this_ size: why, I should frighten them out of their wits
gutenberg-11	For the Duchess
gutenberg-11	An invitation from the Queen to play croquet
gutenberg-11	From the Queen
gutenberg-11	An invitation for the Duchess to play croquet
gutenberg-11	There’s no sort of use in knocking
gutenberg-11	and that for two reasons
gutenberg-11	First, because I’m on the same side of the door as you are
gutenberg-11	secondly, because they’re making such a noise inside, no one could possibly hear you
gutenberg-11	how am I to get in
gutenberg-11	There might be some sense in your knocking
gutenberg-11	if we had the door between us
gutenberg-11	For instance, if you were _inside_, you might knock, and I could let you out, you know
gutenberg-11	But perhaps he can’t help it
gutenberg-11	his eyes are so _very_ nearly at the top of his head
gutenberg-11	But at any rate he might answer questions
gutenberg-11	I shall sit here
gutenberg-11	or next day, maybe
gutenberg-11	Are_ you to get in at all
gutenberg-11	That’s the first question, you know
gutenberg-11	It’s really dreadful
gutenberg-11	the way all the creatures argue
gutenberg-11	It’s enough to drive one crazy
gutenberg-11	on and off, for days and days
gutenberg-11	But what am _I_ to do
gutenberg-11	Anything you like
gutenberg-11	Oh, there’s no use in talking to him
gutenberg-11	he’s perfectly idiotic
gutenberg-11	There’s certainly too much pepper in that soup
gutenberg-11	Please would you tell me
gutenberg-11	why your cat grins like that
gutenberg-11	It’s a Cheshire cat
gutenberg-11	and that’s why
gutenberg-11	I didn’t know that Cheshire cats always grinned
gutenberg-11	in fact, I didn’t know that cats _could_ grin
gutenberg-11	They all can
gutenberg-11	and most of ’em do
gutenberg-11	I don’t know of any that do
gutenberg-11	You don’t know much
gutenberg-11	and that’s a fact
gutenberg-11	Oh, _please_ mind what you’re doing
gutenberg-11	Oh, there goes his _precious_ nose
gutenberg-11	If everybody minded their own business
gutenberg-11	the world would go round a deal faster than it does
gutenberg-11	Which would _not_ be an advantage
gutenberg-11	Just think of what work it would make with the day and night
gutenberg-11	You see the earth takes twenty-four hours to turn round on its axis
gutenberg-11	Talking of axes
gutenberg-11	chop off her head
gutenberg-11	Twenty-four hours, I _think
gutenberg-11	or is it twelve
gutenberg-11	Oh, don’t bother _me
gutenberg-11	I never could abide figures
gutenberg-11	I speak severely to my boy, I beat him when he sneezes
gutenberg-11	For he can thoroughly enjoy The pepper when he pleases
gutenberg-11	you may nurse it a bit, if you like
gutenberg-11	I must go and get ready to play croquet with the Queen
gutenberg-11	just like a star-fish
gutenberg-11	If I don’t take this child away with me
gutenberg-11	they’re sure to kill it in a day or two: wouldn’t it be murder to leave it behind
gutenberg-11	that’s not at all a proper way of expressing yourself
gutenberg-11	But perhaps it was only sobbing
gutenberg-11	If you’re going to turn into a pig, my dear
gutenberg-11	I’ll have nothing more to do with you
gutenberg-11	Now, what am I to do with this creature when I get it home
gutenberg-11	If it had grown up
gutenberg-11	it would have made a dreadfully ugly child: but it makes rather a handsome pig, I think
gutenberg-11	if one only knew the right way to change them
gutenberg-11	Come, it’s pleased so far
gutenberg-11	Would you tell me, please, which way I ought to go from here
gutenberg-11	That depends a good deal on where you want to get to
gutenberg-11	I don’t much care where
gutenberg-11	Then it doesn’t matter which way you go
gutenberg-11	so long as I get _somewhere
gutenberg-11	Oh, you’re sure to do that
gutenberg-11	if you only walk long enough
gutenberg-11	What sort of people live about here
gutenberg-11	In _that_ direction
gutenberg-11	lives a Hatter: and in _that_ direction
gutenberg-11	lives a March Hare
gutenberg-11	Visit either you like: they’re both mad
gutenberg-11	But I don’t want to go among mad people
gutenberg-11	Oh, you can’t help that
gutenberg-11	we’re all mad here
gutenberg-11	How do you know I’m mad
gutenberg-11	You must be
gutenberg-11	or you wouldn’t have come here
gutenberg-11	And how do you know that you’re mad
gutenberg-11	To begin with
gutenberg-11	a dog’s not mad
gutenberg-11	You grant that
gutenberg-11	I suppose so
gutenberg-11	you see, a dog growls when it’s angry, and wags its tail when it’s pleased
gutenberg-11	Now _I_ growl when I’m pleased, and wag my tail when I’m angry
gutenberg-11	Therefore I’m mad
gutenberg-11	I_ call it purring, not growling
gutenberg-11	Call it what you like
gutenberg-11	Do you play croquet with the Queen to-day
gutenberg-11	I should like it very much
gutenberg-11	but I haven’t been invited yet
gutenberg-11	You’ll see me there
gutenberg-11	By-the-bye, what became of the baby
gutenberg-11	I’d nearly forgotten to ask
gutenberg-11	It turned into a pig
gutenberg-11	I thought it would
gutenberg-11	I’ve seen hatters before
gutenberg-11	Did you say pig, or fig
gutenberg-11	I said pig
gutenberg-11	and I wish you wouldn’t keep appearing and vanishing so suddenly: you make one quite giddy
gutenberg-11	I’ve often seen a cat without a grin
gutenberg-11	but a grin without a cat
gutenberg-11	It’s the most curious thing I ever saw in my life
gutenberg-11	Suppose it should be raving mad after all
gutenberg-11	I almost wish I’d gone to see the Hatter instead
gutenberg-11	Very uncomfortable for the Dormouse
gutenberg-11	only, as it’s asleep, I suppose it doesn’t mind
gutenberg-11	There’s _plenty_ of room
gutenberg-11	Have some wine
gutenberg-11	I don’t see any wine
gutenberg-11	There isn’t any
gutenberg-11	Then it wasn’t very civil of you to offer it
gutenberg-11	It wasn’t very civil of you to sit down without being invited
gutenberg-11	I didn’t know it was _your_ table
gutenberg-11	it’s laid for a great many more than three
gutenberg-11	Your hair wants cutting
gutenberg-11	You should learn not to make personal remarks
gutenberg-11	it’s very rude
gutenberg-11	Why is a raven like a writing-desk
gutenberg-11	Come, we shall have some fun now
gutenberg-11	I’m glad they’ve begun asking riddles
gutenberg-11	I believe I can guess that
gutenberg-11	Do you mean that you think you can find out the answer to it
gutenberg-11	Then you should say what you mean
gutenberg-11	at least—at least I mean what I say—that’s the same thing, you know
gutenberg-11	Not the same thing a bit
gutenberg-11	You might just as well say
gutenberg-11	that ‘I like what I get’ is the same thing as ‘I get what I like
gutenberg-11	that ‘I breathe when I sleep’ is the same thing as ‘I sleep when I breathe
gutenberg-11	It _is_ the same thing with you
gutenberg-11	What day of the month is it
gutenberg-11	Two days wrong
gutenberg-11	I told you butter wouldn’t suit the works
gutenberg-11	It was the _best_ butter
gutenberg-11	Yes, but some crumbs must have got in as well
gutenberg-11	you shouldn’t have put it in with the bread-knife
gutenberg-11	It was the _best_ butter, you know
gutenberg-11	What a funny watch
gutenberg-11	It tells the day of the month, and doesn’t tell what o’clock it is
gutenberg-11	Why should it
gutenberg-11	Does _your_ watch tell you what year it is
gutenberg-11	Of course not
gutenberg-11	but that’s because it stays the same year for such a long time together
gutenberg-11	Which is just the case with _mine
gutenberg-11	I don’t quite understand you
gutenberg-11	The Dormouse is asleep again
gutenberg-11	Of course, of course
gutenberg-11	just what I was going to remark myself
gutenberg-11	Have you guessed the riddle yet
gutenberg-11	No, I give it up
gutenberg-11	what’s the answer
gutenberg-11	I haven’t the slightest idea
gutenberg-11	I think you might do something better with the time
gutenberg-11	than waste it in asking riddles that have no answers
gutenberg-11	If you knew Time as well as I do
gutenberg-11	you wouldn’t talk about wasting _it
gutenberg-11	I don’t know what you mean
gutenberg-11	Of course you don’t
gutenberg-11	I dare say you never even spoke to Time
gutenberg-11	but I know I have to beat time when I learn music
gutenberg-11	that accounts for it
gutenberg-11	He won’t stand beating
gutenberg-11	Half-past one, time for dinner
gutenberg-11	I only wish it was
gutenberg-11	That would be grand, certainly
gutenberg-11	but then—I shouldn’t be hungry for it, you know
gutenberg-11	Not at first, perhaps
gutenberg-11	but you could keep it to half-past one as long as you liked
gutenberg-11	Is that the way _you_ manage
gutenberg-11	We quarrelled last March—just before _he_ went mad, you know
gutenberg-11	How I wonder what you’re at
gutenberg-11	You know the song, perhaps
gutenberg-11	I’ve heard something like it
gutenberg-11	It goes on, you know
gutenberg-11	in this way:— ‘Up above the world you fly, Like a tea-tray in the sky
gutenberg-11	Twinkle, twinkle, twinkle, twinkle
gutenberg-11	Well, I’d hardly finished the first verse
gutenberg-11	when the Queen jumped up and bawled out, ‘He’s murdering the time
gutenberg-11	Off with his head
gutenberg-11	How dreadfully savage
gutenberg-11	And ever since that
gutenberg-11	he won’t do a thing I ask
gutenberg-11	It’s always six o’clock now
gutenberg-11	Is that the reason so many tea-things are put out here
gutenberg-11	Yes, that’s it
gutenberg-11	it’s always tea-time, and we’ve no time to wash the things between whiles
gutenberg-11	Then you keep moving round, I suppose
gutenberg-11	as the things get used up
gutenberg-11	But what happens when you come to the beginning again
gutenberg-11	Suppose we change the subject
gutenberg-11	I’m getting tired of this
gutenberg-11	I vote the young lady tells us a story
gutenberg-11	I’m afraid I don’t know one
gutenberg-11	Then the Dormouse shall
gutenberg-11	Wake up, Dormouse
gutenberg-11	I wasn’t asleep
gutenberg-11	I heard every word you fellows were saying
gutenberg-11	Tell us a story
gutenberg-11	And be quick about it
gutenberg-11	or you’ll be asleep again before it’s done
gutenberg-11	Once upon a time there were three little sisters
gutenberg-11	and their names were Elsie, Lacie, and Tillie
gutenberg-11	and they lived at the bottom of a well
gutenberg-11	What did they live on
gutenberg-11	They lived on treacle
gutenberg-11	They couldn’t have done that, you know
gutenberg-11	they’d have been ill
gutenberg-11	So they were
gutenberg-11	But why did they live at the bottom of a well
gutenberg-11	Take some more tea
gutenberg-11	I’ve had nothing yet
gutenberg-11	so I can’t take more
gutenberg-11	You mean you can’t take _less
gutenberg-11	it’s very easy to take _more_ than nothing
gutenberg-11	Nobody asked _your_ opinion
gutenberg-11	Who’s making personal remarks now
gutenberg-11	Why did they live at the bottom of a well
gutenberg-11	It was a treacle-well
gutenberg-11	There’s no such thing
gutenberg-11	If you can’t be civil, you’d better finish the story for yourself
gutenberg-11	No, please go on
gutenberg-11	I won’t interrupt again
gutenberg-11	I dare say there may be _one
gutenberg-11	And so these three little sisters—they were learning to draw, you know
gutenberg-11	What did they draw
gutenberg-11	I want a clean cup
gutenberg-11	let’s all move one place on
gutenberg-11	But I don’t understand
gutenberg-11	Where did they draw the treacle from
gutenberg-11	You can draw water out of a water-well
gutenberg-11	so I should think you could draw treacle out of a treacle-well—eh, stupid
gutenberg-11	But they were _in_ the well
gutenberg-11	Of course they were
gutenberg-11	They were learning to draw
gutenberg-11	and they drew all manner of things—everything that begins with an M
gutenberg-11	Why with an M
gutenberg-11	Really, now you ask me
gutenberg-11	I don’t think
gutenberg-11	Then you shouldn’t talk
gutenberg-11	At any rate I’ll never go _there_ again
gutenberg-11	It’s the stupidest tea-party I ever was at in all my life
gutenberg-11	That’s very curious
gutenberg-11	But everything’s curious today
gutenberg-11	I think I may as well go in at once
gutenberg-11	Now, I’ll manage better this time
gutenberg-11	Look out now, Five
gutenberg-11	Don’t go splashing paint over me like that
gutenberg-11	I couldn’t help it
gutenberg-11	Seven jogged my elbow
gutenberg-11	That’s right, Five
gutenberg-11	Always lay the blame on others
gutenberg-11	You’d_ better not talk
gutenberg-11	I heard the Queen say only yesterday you deserved to be beheaded
gutenberg-11	That’s none of _your_ business, Two
gutenberg-11	Yes, it _is_ his business
gutenberg-11	and I’ll tell him—it was for bringing the cook tulip-roots instead of onions
gutenberg-11	Well, of all the unjust things
gutenberg-11	Would you tell me
gutenberg-11	why you are painting those roses
gutenberg-11	So you see, Miss, we’re doing our best, afore she comes, to
gutenberg-11	and besides, what would be the use of a procession
gutenberg-11	if people had all to lie down upon their faces, so that they couldn’t see it
gutenberg-11	Who is this
gutenberg-11	What’s your name, child
gutenberg-11	My name is Alice, so please your Majesty
gutenberg-11	Why, they’re only a pack of cards, after all
gutenberg-11	I needn’t be afraid of them
gutenberg-11	And who are _these
gutenberg-11	How should _I_ know
gutenberg-11	It’s no business of _mine
gutenberg-11	Off with her head
gutenberg-11	Consider, my dear: she is only a child
gutenberg-11	Turn them over
gutenberg-11	Leave off that
gutenberg-11	You make me giddy
gutenberg-11	What _have_ you been doing here
gutenberg-11	May it please your Majesty
gutenberg-11	we were trying
gutenberg-11	Off with their heads
gutenberg-11	You shan’t be beheaded
gutenberg-11	Are their heads off
gutenberg-11	Their heads are gone, if it please your Majesty
gutenberg-11	Can you play croquet
gutenberg-1342	loving by allowance
gutenberg-1342	loving with personal love
gutenberg-1342	he admires your_ Spectators _mightily
gutenberg-1342	the other side
gutenberg-1342	the accepted hells beneath
gutenberg-1342	metaphor has been exhausted in depicting the perfection of it, combined with the narrowness of her field
gutenberg-1342	Bennet was stirring the fire
gutenberg-1342	brought his coffee-cup back_ himself
gutenberg-1342	taller by the breadth of my nail
gutenberg-1342	metals, semi-metals, and distinguished philosophers
gutenberg-1342	My dear, do not give way to such gloomy thoughts
gutenberg-1342	Let us hope for better things
gutenberg-1342	Let us flatter ourselves that_ I _may be the survivor
gutenberg-1342	one of Mr
gutenberg-1342	impudent and mannish grown
gutenberg-1342	He came down to see the place
gutenberg-1342	I hope Mr
gutenberg-1342	Bingley will like it
gutenberg-1342	I’m the tallest
gutenberg-1342	He rode a black horse
gutenberg-1342	When the party entered
gutenberg-1342	She is tolerable
gutenberg-1342	Without once opening his lips
gutenberg-1342	The entreaties of several
gutenberg-1342	A note for Miss Bennet
gutenberg-1342	The apothecary came
gutenberg-1342	Covering a screen
gutenberg-1342	Bennet and her two youngest girls
gutenberg-1342	stay where you are
gutenberg-1342	Piling up the fire
gutenberg-1342	Protested that he never read novels
gutenberg-1342	The officers of the ----shire
gutenberg-1342	Delighted to see their dear friend again
gutenberg-1342	Such very superior dancing is not often seen
gutenberg-1342	To assure you in the most animated language
gutenberg-1342	They entered the breakfast-room
gutenberg-1342	Walked back with them
gutenberg-1342	So much love and eloquence
gutenberg-1342	Protested he must be entirely mistaken
gutenberg-1342	Whenever she spoke in a low voice
gutenberg-1342	Offended two or three young ladies
gutenberg-1342	Will you come and see me
gutenberg-1342	On the stairs
gutenberg-1342	At the door
gutenberg-1342	In conversation with the ladies
gutenberg-1342	you have given me a treasure
gutenberg-1342	He never failed to inform them
gutenberg-1342	The gentlemen accompanied him
gutenberg-1342	Accompanied by their aunt
gutenberg-1342	On looking up
gutenberg-1342	Hearing herself called
gutenberg-1342	Meeting accidentally in town
gutenberg-1342	His parting obeisance
gutenberg-1342	The elevation of his feelings
gutenberg-1342	They had forgotten to leave any message
gutenberg-1342	How nicely we are crammed in
gutenberg-1342	I am determined never to speak of it again
gutenberg-1342	When Colonel Miller’s regiment went away
gutenberg-1342	Conjecturing as to the date
gutenberg-1342	To make herself agreeable to all
gutenberg-1342	Engaged by the river
gutenberg-1342	I have not an instant to lose
gutenberg-1342	The first pleasing earnest of their welcome
gutenberg-1342	To whom I have related the affair
gutenberg-1342	But perhaps you would like to read it
gutenberg-1342	The spiteful old ladies
gutenberg-1342	With an affectionate smile
gutenberg-1342	I am sure she did not listen
gutenberg-1342	Darcy with him
gutenberg-1342	Jane happened to look round
gutenberg-1342	Long and her nieces
gutenberg-1342	Lizzy, my dear, I want to speak to you
gutenberg-1342	After a short survey
gutenberg-1342	But now it comes out
gutenberg-1342	The efforts of his aunt
gutenberg-1342	Unable to utter a syllable
gutenberg-1342	The obsequious civility
gutenberg-1342	My dear Mr
gutenberg-1342	have you heard that Netherfield Park is let at last
gutenberg-1342	But it is
gutenberg-1342	Long has just been here, and she told me all about it
gutenberg-1342	Do not you want to know who has taken it
gutenberg-1342	You_ want to tell me, and I have no objection to hearing it
gutenberg-1342	Why, my dear, you must know, Mrs
gutenberg-1342	Long says that Netherfield is taken by a young man of large fortune from the north of England
gutenberg-1342	What is his name
gutenberg-1342	Is he married or single
gutenberg-1342	Oh, single, my dear, to be sure
gutenberg-1342	A single man of large fortune
gutenberg-1342	four or five thousand a year
gutenberg-1342	What a fine thing for our girls
gutenberg-1342	how can it affect them
gutenberg-1342	how can you be so tiresome
gutenberg-1342	You must know that I am thinking of his marrying one of them
gutenberg-1342	Is that his design in settling here
gutenberg-1342	Nonsense, how can you talk so
gutenberg-1342	I see no occasion for that
gutenberg-1342	You and the girls may go--or you may send them by themselves, which perhaps will be still better
gutenberg-1342	for as you are as handsome as any of them, Mr
gutenberg-1342	Bingley might like you the best of the party
gutenberg-1342	My dear, you flatter me
gutenberg-1342	I certainly _have_ had my share of beauty, but I do not pretend to be anything extraordinary now
gutenberg-1342	When a woman has five grown-up daughters, she ought to give over thinking of her own beauty
gutenberg-1342	In such cases, a woman has not often much beauty to think of
gutenberg-1342	But, my dear, you must indeed go and see Mr
gutenberg-1342	Bingley when he comes into the neighbourhood
gutenberg-1342	It is more than I engage for, I assure you
gutenberg-1342	But consider your daughters
gutenberg-1342	Only think what an establishment it would be for one of them
gutenberg-1342	Sir William and Lady Lucas are determined to go, merely on that account
gutenberg-1342	for in general, you know, they visit no new comers
gutenberg-1342	Indeed you must go, for it will be impossible for _us_ to visit him, if you do not
gutenberg-1342	You are over scrupulous, surely
gutenberg-1342	I dare say Mr
gutenberg-1342	Bingley will be very glad to see you
gutenberg-1342	I desire you will do no such thing
gutenberg-1342	But you are always giving _her_ the preference
gutenberg-1342	They have none of them much to recommend them
gutenberg-1342	they are all silly and ignorant like other girls
gutenberg-1342	but Lizzy has something more of quickness than her sisters
gutenberg-1342	Bennet, how can you abuse your own children in such a way
gutenberg-1342	You take delight in vexing me
gutenberg-1342	You have no compassion on my poor nerves
gutenberg-1342	You mistake me, my dear
gutenberg-1342	I have a high respect for your nerves
gutenberg-1342	They are my old friends
gutenberg-1342	I have heard you mention them with consideration these twenty years at least
gutenberg-1342	Ah, you do not know what I suffer
gutenberg-1342	It will be no use to us, if twenty such should come, since you will not visit them
gutenberg-1342	Depend upon it, my dear, that when there are twenty, I will visit them all
gutenberg-1342	Bingley will like it, Lizzy
gutenberg-1342	We are not in a way to know _what_ Mr
gutenberg-1342	since we are not to visit
gutenberg-1342	But you forget, mamma
gutenberg-1342	that we shall meet him at the assemblies, and that Mrs
gutenberg-1342	Long has promised to introduce him
gutenberg-1342	I do not believe Mrs
gutenberg-1342	Long will do any such thing
gutenberg-1342	She has two nieces of her own
gutenberg-1342	She is a selfish, hypocritical woman, and I have no opinion of her
gutenberg-1342	No more have I
gutenberg-1342	and I am glad to find that you do not depend on her serving you
gutenberg-1342	Don’t keep coughing so, Kitty, for heaven’s sake
gutenberg-1342	Have a little compassion on my nerves
gutenberg-1342	You tear them to pieces
gutenberg-1342	Kitty has no discretion in her coughs
gutenberg-1342	she times them ill
gutenberg-1342	I do not cough for my own amusement
gutenberg-1342	When is your next ball to be, Lizzy
gutenberg-1342	Ay, so it is
gutenberg-1342	Long does not come back till the day before
gutenberg-1342	so, it will be impossible for her to introduce him, for she will not know him herself
gutenberg-1342	Then, my dear, you may have the advantage of your friend, and introduce Mr
gutenberg-1342	Bingley to _her
gutenberg-1342	Bennet, impossible, when I am not acquainted with him myself
gutenberg-1342	how can you be so teasing
gutenberg-1342	I honour your circumspection
gutenberg-1342	A fortnight’s acquaintance is certainly very little
gutenberg-1342	One cannot know what a man really is by the end of a fortnight
gutenberg-1342	But if _we_ do not venture, somebody else will
gutenberg-1342	and after all, Mrs
gutenberg-1342	Long and her nieces must stand their chance
gutenberg-1342	What can be the meaning of that emphatic exclamation
gutenberg-1342	Do you consider the forms of introduction, and the stress that is laid on them, as nonsense
gutenberg-1342	I cannot quite agree with you _there
gutenberg-1342	What say you, Mary
gutenberg-1342	For you are a young lady of deep reflection, I know, and read great books, and make extracts
gutenberg-1342	While Mary is adjusting her ideas
gutenberg-1342	let us return to Mr
gutenberg-1342	I am sick of Mr
gutenberg-1342	I am sorry to hear _that
gutenberg-1342	but why did you not tell me so before
gutenberg-1342	If I had known as much this morning, I certainly would not have called on him
gutenberg-1342	It is very unlucky
gutenberg-1342	but as I have actually paid the visit, we cannot escape the acquaintance now
gutenberg-1342	How good it was in you, my dear Mr
gutenberg-1342	But I knew I should persuade you at last
gutenberg-1342	I was sure you loved your girls too well to neglect such an acquaintance
gutenberg-1342	Well, how pleased I am
gutenberg-1342	Now, Kitty, you may cough as much as you choose
gutenberg-1342	What an excellent father you have, girls
gutenberg-1342	I do not know how you will ever make him amends for his kindness
gutenberg-1342	or me either, for that matter
gutenberg-1342	but for your sakes we would do anything
gutenberg-1342	Lydia, my love, though you _are_ the youngest, I dare say Mr
gutenberg-1342	Bingley will dance with you at the next ball
gutenberg-1342	I am not afraid
gutenberg-1342	for though I _am_ the youngest, I’m the tallest
gutenberg-1342	If I can but see one of my daughters happily settled at Netherfield
gutenberg-1342	and all the others equally well married, I shall have nothing to wish for
gutenberg-1342	I must have you dance
gutenberg-1342	I hate to see you standing about by yourself in this stupid manner
gutenberg-1342	You had much better dance
gutenberg-1342	I certainly shall not
gutenberg-1342	You know how I detest it, unless I am particularly acquainted with my partner
gutenberg-1342	At such an assembly as this, it would be insupportable
gutenberg-1342	I would not be so fastidious as you are
gutenberg-1342	for a kingdom
gutenberg-1342	and there are several of them, you see, uncommonly pretty
gutenberg-1342	You_ are dancing with the only handsome girl in the room
gutenberg-1342	Oh, she is the most beautiful creature I ever beheld
gutenberg-1342	Do let me ask my partner to introduce you
gutenberg-1342	Which do you mean
gutenberg-1342	She is tolerable: but not handsome enough to tempt _me
gutenberg-1342	Oh, my dear Mr
gutenberg-1342	we have had a most delightful evening, a most excellent ball
gutenberg-1342	I wish you had been there
gutenberg-1342	Jane was so admired, nothing could be like it
gutenberg-1342	Everybody said how well she looked
gutenberg-1342	Bingley thought her quite beautiful, and danced with her twice
gutenberg-1342	Only think of _that_, my dear: he actually danced with her twice
gutenberg-1342	and she was the only creature in the room that he asked a second time
gutenberg-1342	First of all, he asked Miss Lucas
gutenberg-1342	I was so vexed to see him stand up with her
gutenberg-1342	but, however, he did not admire her at all
gutenberg-1342	indeed, nobody can, you know
gutenberg-1342	and he seemed quite struck with Jane as she was going down the dance
gutenberg-1342	So he inquired who she was, and got introduced, and asked her for the two next
gutenberg-1342	If he had had any compassion for _me
gutenberg-1342	he would not have danced half so much
gutenberg-1342	For God’s sake, say no more of his partners
gutenberg-1342	O that he had sprained his ancle in the first dance
gutenberg-1342	Oh, my dear
gutenberg-1342	I am quite delighted with him
gutenberg-1342	He is so excessively handsome
gutenberg-1342	and his sisters are charming women
gutenberg-1342	I never in my life saw anything more elegant than their dresses
gutenberg-1342	I dare say the lace upon Mrs
gutenberg-1342	But I can assure you
gutenberg-1342	that Lizzy does not lose much by not suiting _his_ fancy
gutenberg-1342	for he is a most disagreeable, horrid man, not at all worth pleasing
gutenberg-1342	So high and so conceited, that there was no enduring him
gutenberg-1342	He walked here, and he walked there, fancying himself so very great
gutenberg-1342	Not handsome enough to dance with
gutenberg-1342	I wish you had been there, my dear, to have given him one of your set-downs
gutenberg-1342	I quite detest the man
gutenberg-1342	He is just what a young man ought to be
gutenberg-1342	sensible, good-humoured, lively
gutenberg-1342	and I never saw such happy manners
gutenberg-1342	so much ease, with such perfect good breeding
gutenberg-1342	He is also handsome
gutenberg-1342	which a young man ought likewise to be if he possibly can
gutenberg-1342	His character is thereby complete
gutenberg-1342	I was very much flattered by his asking me to dance a second time
gutenberg-1342	I did not expect such a compliment
gutenberg-1342	Did not you
gutenberg-1342	I_ did for you
gutenberg-1342	But that is one great difference between us
gutenberg-1342	Compliments always take _you_ by surprise, and _me_ never
gutenberg-1342	What could be more natural than his asking you again
gutenberg-1342	No thanks to his gallantry for that
gutenberg-1342	Well, he certainly is very agreeable, and I give you leave to like him
gutenberg-1342	You have liked many a stupider person
gutenberg-1342	Oh, you are a great deal too apt, you know, to like people in general
gutenberg-1342	You never see a fault in anybody
gutenberg-1342	All the world are good and agreeable in your eyes
gutenberg-1342	I never heard you speak ill of a human being in my life
gutenberg-1342	I would wish not to be hasty in censuring anyone
gutenberg-1342	but I always speak what I think
gutenberg-1342	I know you do: and it is _that_ which makes the wonder
gutenberg-1342	With _your_ good sense, to be so honestly blind to the follies and nonsense of others
gutenberg-1342	Affectation of candour is common enough
gutenberg-1342	one meets with it everywhere
gutenberg-1342	And so, you like this man’s sisters, too, do you
gutenberg-1342	Their manners are not equal to his
gutenberg-1342	Certainly not, at first
gutenberg-1342	but they are very pleasing women when you converse with them
gutenberg-1342	Miss Bingley is to live with her brother, and keep his house
gutenberg-1342	and I am much mistaken if we shall not find a very charming neighbour in her
gutenberg-1342	You_ began the evening well, Charlotte
gutenberg-1342	You_ were Mr
gutenberg-1342	Bingley’s first choice
gutenberg-1342	but he seemed to like his second better
gutenberg-1342	Oh, you mean Jane, I suppose, because he danced with her twice
gutenberg-1342	Perhaps you mean what I overheard between him and Mr
gutenberg-1342	Robinson: did not I mention it to you
gutenberg-1342	Upon my word
gutenberg-1342	My_ overhearings were more to the purpose than _yours_, Eliza
gutenberg-1342	Darcy is not so well worth listening to as his friend, is he
gutenberg-1342	to be only just _tolerable
gutenberg-1342	Are you quite sure, ma’am
gutenberg-1342	Is not there a little mistake
gutenberg-1342	I certainly saw Mr
gutenberg-1342	Darcy speaking to her
gutenberg-1342	Ay, because she asked him at last how he liked Netherfield, and he could not help answering her
gutenberg-1342	but she said he seemed very angry at being spoke to
gutenberg-1342	Miss Bingley told me
gutenberg-1342	that he never speaks much unless among his intimate acquaintance
gutenberg-1342	With _them_ he is remarkably agreeable
gutenberg-1342	I do not believe a word of it, my dear
gutenberg-1342	If he had been so very agreeable, he would have talked to Mrs
gutenberg-1342	But I can guess how it was
gutenberg-1342	Long does not keep a carriage, and had to come to the ball in a hack chaise
gutenberg-1342	I do not mind his not talking to Mrs
gutenberg-1342	but I wish he had danced with Eliza
gutenberg-1342	Another time, Lizzy
gutenberg-1342	I would not dance with _him_, if I were you
gutenberg-1342	I believe, ma’am, I may safely promise you _never_ to dance with him
gutenberg-1342	does not offend _me_ so much as pride often does, because there is an excuse for it
gutenberg-1342	If I may so express it, he has a _right_ to be proud
gutenberg-1342	That is very true
gutenberg-1342	and I could easily forgive _his_ pride, if he had not mortified _mine
gutenberg-1342	is a very common failing, I believe
gutenberg-1342	By all that I have ever read, I am convinced that it is very common indeed
gutenberg-1342	Vanity and pride are different things, though the words are often used synonymously
gutenberg-1342	A person may be proud without being vain
gutenberg-1342	Pride relates more to our opinion of ourselves
gutenberg-1342	vanity to what we would have others think of us
gutenberg-1342	If I were as rich as Mr
gutenberg-1342	I should not care how proud I was
gutenberg-1342	I would keep a pack of foxhounds, and drink a bottle of wine every day
gutenberg-1342	Then you would drink a great deal more than you ought
gutenberg-1342	and if I were to see you at it, I should take away your bottle directly
gutenberg-1342	It may, perhaps, be pleasant
gutenberg-1342	to be able to impose on the public in such a case
gutenberg-1342	but it is sometimes a disadvantage to be so very guarded
gutenberg-1342	and it will then be but poor consolation to believe the world equally in the dark
gutenberg-1342	We can all _begin_ freely--a slight preference is natural enough
gutenberg-1342	but there are very few of us who have heart enough to be really in love without encouragement
gutenberg-1342	In nine cases out of ten, a woman had better show _more_ affection than she feels
gutenberg-1342	Bingley likes your sister undoubtedly
gutenberg-1342	but he may never do more than like her, if she does not help him on
gutenberg-1342	But she does help him on, as much as her nature will allow
gutenberg-1342	Remember, Eliza, that he does not know Jane’s disposition as you do
gutenberg-1342	Perhaps he must, if he sees enough of her
gutenberg-1342	But though Bingley and Jane meet tolerably often, it is never for many hours together
gutenberg-1342	Jane should therefore make the most of every half hour in which she can command his attention
gutenberg-1342	Your plan is a good one
gutenberg-1342	where nothing is in question but the desire of being well married
gutenberg-1342	But these are not Jane’s feelings
gutenberg-1342	she is not acting by design
gutenberg-1342	As yet she cannot even be certain of the degree of her own regard, nor of its reasonableness
gutenberg-1342	She has known him only a fortnight
gutenberg-1342	She danced four dances with him at Meryton
gutenberg-1342	This is not quite enough to make her understand his character
gutenberg-1342	Not as you represent it
gutenberg-1342	Had she merely _dined_ with him, she might only have discovered whether he had a good appetite
gutenberg-1342	I wish Jane success with all my heart
gutenberg-1342	Happiness in marriage is entirely a matter of chance
gutenberg-1342	They always continue to grow sufficiently unlike afterwards to have their share of vexation
gutenberg-1342	You make me laugh, Charlotte
gutenberg-1342	but it is not sound
gutenberg-1342	You know it is not sound, and that you would never act in this way yourself
gutenberg-1342	What does Mr
gutenberg-1342	by listening to my conversation with Colonel Forster
gutenberg-1342	That is a question which Mr
gutenberg-1342	Darcy only can answer
gutenberg-1342	Did not you think, Mr
gutenberg-1342	With great energy
gutenberg-1342	but it is a subject which always makes a lady energetic
gutenberg-1342	You are severe on us
gutenberg-1342	It will be _her_ turn soon to be teased
gutenberg-1342	I am going to open the instrument, Eliza, and you know what follows
gutenberg-1342	You are a very strange creature by way of a friend
gutenberg-1342	always wanting me to play and sing before anybody and everybody
gutenberg-1342	If my vanity had taken a musical turn, you would have been invaluable
gutenberg-1342	if it must be so, it must
gutenberg-1342	What a charming amusement for young people this is, Mr
gutenberg-1342	There is nothing like dancing, after all
gutenberg-1342	I consider it as one of the first refinements of polished societies
gutenberg-1342	Your friend performs delightfully
gutenberg-1342	and I doubt not that you are an adept in the science yourself, Mr
gutenberg-1342	You saw me dance at Meryton, I believe, sir
gutenberg-1342	Yes, indeed, and received no inconsiderable pleasure from the sight
gutenberg-1342	Do you often dance at St
gutenberg-1342	Do you not think it would be a proper compliment to the place
gutenberg-1342	It is a compliment which I never pay to any place if I can avoid it
gutenberg-1342	You have a house in town, I conclude
gutenberg-1342	I had once some thoughts of fixing in town myself, for I am fond of superior society
gutenberg-1342	but I did not feel quite certain that the air of London would agree with Lady Lucas
gutenberg-1342	My dear Miss Eliza, why are not you dancing
gutenberg-1342	Darcy, you must allow me to present this young lady to you as a very desirable partner
gutenberg-1342	You cannot refuse to dance, I am sure, when so much beauty is before you
gutenberg-1342	Indeed, sir, I have not the least intention of dancing
gutenberg-1342	I entreat you not to suppose that I moved this way in order to beg for a partner
gutenberg-1342	Darcy is all politeness
gutenberg-1342	He is, indeed: but considering the inducement, my dear Miss Eliza, we cannot wonder at his complaisance
gutenberg-1342	for who would object to such a partner
gutenberg-1342	I can guess the subject of your reverie
gutenberg-1342	I should imagine not
gutenberg-1342	You are considering how insupportable it would be to pass many evenings in this manner,--in such society
gutenberg-1342	and, indeed, I am quite of your opinion
gutenberg-1342	I was never more annoyed
gutenberg-1342	The insipidity, and yet the noise--the nothingness, and yet the self-importance, of all these people
gutenberg-1342	What would I give to hear your strictures on them
gutenberg-1342	Your conjecture is totally wrong, I assure you
gutenberg-1342	My mind was more agreeably engaged
gutenberg-1342	Miss Elizabeth Bennet
gutenberg-1342	I am all astonishment
gutenberg-1342	How long has she been such a favourite
gutenberg-1342	and pray when am I to wish you joy
gutenberg-1342	That is exactly the question which I expected you to ask
gutenberg-1342	A lady’s imagination is very rapid
gutenberg-1342	it jumps from admiration to love, from love to matrimony, in a moment
gutenberg-1342	I knew you would be wishing me joy
gutenberg-1342	Nay, if you are so serious about it, I shall consider the matter as absolutely settled
gutenberg-1342	You will have a charming mother-in-law, indeed, and of course she will be always at Pemberley with you
gutenberg-1342	I have suspected it some time, but I am now convinced
gutenberg-1342	I am astonished, my dear
gutenberg-1342	that you should be so ready to think your own children silly
gutenberg-1342	If I wished to think slightingly of anybody’s children, it should not be of my own, however
gutenberg-1342	If my children are silly, I must hope to be always sensible of it
gutenberg-1342	but as it happens, they are all of them very clever
gutenberg-1342	This is the only point, I flatter myself, on which we do not agree
gutenberg-1342	Bennet, you must not expect such girls to have the sense of their father and mother
gutenberg-1342	and I thought Colonel Forster looked very becoming the other night at Sir William’s in his regimentals
gutenberg-1342	she sees them now very often standing in Clarke’s library
gutenberg-1342	Well, Jane, who is it from
gutenberg-1342	What is it about
gutenberg-1342	What does he say
gutenberg-1342	Well, Jane, make haste and tell us
gutenberg-1342	make haste, my love
gutenberg-1342	It is from Miss Bingley
gutenberg-1342	for a whole day’s _tête-à-tête_ between two women can never end without a quarrel
gutenberg-1342	Come as soon as you can on the receipt of this
gutenberg-1342	My brother and the gentlemen are to dine with the officers
gutenberg-1342	Yours ever, “CAROLINE BINGLEY
gutenberg-1342	With the officers
gutenberg-1342	I wonder my aunt did not tell us of _that
gutenberg-1342	that is very unlucky
gutenberg-1342	Can I have the carriage
gutenberg-1342	No, my dear, you had better go on horseback, because it seems likely to rain
gutenberg-1342	and then you must stay all night
gutenberg-1342	That would be a good scheme
gutenberg-1342	if you were sure that they would not offer to send her home
gutenberg-1342	Oh, but the gentlemen will have Mr
gutenberg-1342	Bingley’s chaise to go to Meryton
gutenberg-1342	and the Hursts have no horses to theirs
gutenberg-1342	I had much rather go in the coach
gutenberg-1342	But, my dear, your father cannot spare the horses, I am sure
gutenberg-1342	They are wanted in the farm, Mr
gutenberg-1342	Bennet, are not they
gutenberg-1342	They are wanted in the farm much oftener than I can get them
gutenberg-1342	But if you have got them to-day
gutenberg-1342	my mother’s purpose will be answered
gutenberg-1342	This was a lucky idea of mine, indeed
gutenberg-1342	My kind friends will not hear of my returning home till I am better
gutenberg-1342	They insist also on my seeing Mr
gutenberg-1342	Well, my dear
gutenberg-1342	Bingley, and under your orders
gutenberg-1342	Oh, I am not at all afraid of her dying
gutenberg-1342	People do not die of little trifling colds
gutenberg-1342	She will be taken good care of
gutenberg-1342	As long as she stays there, it is all very well
gutenberg-1342	I would go and see her if I could have the carriage
gutenberg-1342	How can you be so silly
gutenberg-1342	as to think of such a thing, in all this dirt
gutenberg-1342	You will not be fit to be seen when you get there
gutenberg-1342	I shall be very fit to see Jane--which is all I want
gutenberg-1342	Is this a hint to me, Lizzy
gutenberg-1342	to send for the horses
gutenberg-1342	I do not wish to avoid the walk
gutenberg-1342	The distance is nothing, when one has a motive
gutenberg-1342	only three miles
gutenberg-1342	I shall be back by dinner
gutenberg-1342	I admire the activity of your benevolence
gutenberg-1342	but every impulse of feeling should be guided by reason
gutenberg-1342	and, in my opinion, exertion should always be in proportion to what is required
gutenberg-1342	We will go as far as Meryton with you
gutenberg-1342	If we make haste
gutenberg-1342	perhaps we may see something of Captain Carter, before he goes
gutenberg-1342	She has nothing, in short, to recommend her, but being an excellent walker
gutenberg-1342	I shall never forget her appearance this morning
gutenberg-1342	She really looked almost wild
gutenberg-1342	She did indeed, Louisa
gutenberg-1342	I could hardly keep my countenance
gutenberg-1342	Very nonsensical to come at all
gutenberg-1342	Why must _she_ be scampering about the country, because her sister had a cold
gutenberg-1342	Her hair so untidy, so blowzy
gutenberg-1342	Yes, and her petticoat
gutenberg-1342	Your picture may be very exact, Louisa
gutenberg-1342	but this was all lost upon me
gutenberg-1342	I thought Miss Elizabeth Bennet looked remarkably well when she came into the room this morning
gutenberg-1342	Her dirty petticoat quite escaped my notice
gutenberg-1342	You_ observed it, Mr
gutenberg-1342	Darcy, I am sure
gutenberg-1342	what could she mean by it
gutenberg-1342	It seems to me to show an abominable sort of conceited independence, a most country-town indifference to decorum
gutenberg-1342	It shows an affection for her sister that is very pleasing
gutenberg-1342	I am afraid, Mr
gutenberg-1342	that this adventure has rather affected your admiration of her fine eyes
gutenberg-1342	Not at all
gutenberg-1342	they were brightened by the exercise
gutenberg-1342	I think I have heard you say that their uncle is an attorney in Meryton
gutenberg-1342	and they have another, who lives somewhere near Cheapside
gutenberg-1342	That is capital
gutenberg-1342	If they had uncles enough to fill _all_ Cheapside
gutenberg-1342	it would not make them one jot less agreeable
gutenberg-1342	But it must very materially lessen their chance of marrying men of any consideration in the world
gutenberg-1342	Do you prefer reading to cards
gutenberg-1342	that is rather singular
gutenberg-1342	Miss Eliza Bennet
gutenberg-1342	She is a great reader, and has no pleasure in anything else
gutenberg-1342	I deserve neither such praise nor such censure
gutenberg-1342	I am _not_ a great reader, and I have pleasure in many things
gutenberg-1342	In nursing your sister I am sure you have pleasure
gutenberg-1342	and I hope it will soon be increased by seeing her quite well
gutenberg-1342	And I wish my collection were larger for your benefit and my own credit
gutenberg-1342	but I am an idle fellow
gutenberg-1342	and though I have not many, I have more than I ever looked into
gutenberg-1342	I am astonished
gutenberg-1342	that my father should have left so small a collection of books
gutenberg-1342	What a delightful library you have at Pemberley, Mr
gutenberg-1342	It ought to be good
gutenberg-1342	it has been the work of many generations
gutenberg-1342	And then you have added so much to it yourself--you are always buying books
gutenberg-1342	I cannot comprehend the neglect of a family library in such days as these
gutenberg-1342	I am sure you neglect nothing that can add to the beauties of that noble place
gutenberg-1342	Charles, when you build _your_ house, I wish it may be half as delightful as Pemberley
gutenberg-1342	I wish it may
gutenberg-1342	There is not a finer county in England than Derbyshire
gutenberg-1342	With all my heart: I will buy Pemberley itself, if Darcy will sell it
gutenberg-1342	I am talking of possibilities, Charles
gutenberg-1342	Upon my word, Caroline, I should think it more possible to get Pemberley by purchase than by imitation
gutenberg-1342	Is Miss Darcy much grown since the spring
gutenberg-1342	will she be as tall as I am
gutenberg-1342	I think she will
gutenberg-1342	She is now about Miss Elizabeth Bennet’s height, or rather taller
gutenberg-1342	How I long to see her again
gutenberg-1342	I never met with anybody who delighted me so much
gutenberg-1342	Such a countenance, such manners, and so extremely accomplished for her age
gutenberg-1342	Her performance on the pianoforte is exquisite
gutenberg-1342	It is amazing to me
gutenberg-1342	how young ladies can have patience to be so very accomplished as they all are
gutenberg-1342	All young ladies accomplished
gutenberg-1342	My dear Charles, what do you mean
gutenberg-1342	Yes, all of them, I think
gutenberg-1342	They all paint tables, cover screens, and net purses
gutenberg-1342	I scarcely know any one who cannot do all this
gutenberg-1342	Your list of the common extent of accomplishments
gutenberg-1342	has too much truth
gutenberg-1342	but I am very far from agreeing with you in your estimation of ladies in general
gutenberg-1342	Nor I, I am sure
gutenberg-1342	you must comprehend a great deal in your idea of an accomplished woman
gutenberg-1342	I do comprehend a great deal in it
gutenberg-1342	no one can be really esteemed accomplished who does not greatly surpass what is usually met with
gutenberg-1342	All this she must possess
gutenberg-1342	I am no longer surprised at your knowing _only_ six accomplished women
gutenberg-1342	I rather wonder now at your knowing _any
gutenberg-1342	Are you so severe upon your own sex as to doubt the possibility of all this
gutenberg-1342	I_ never saw such a woman
gutenberg-1342	I_ never saw such capacity, and taste, and application, and elegance, as you describe, united
gutenberg-1342	and with many men, I daresay, it succeeds
gutenberg-1342	but, in my opinion, it is a paltry device, a very mean art
gutenberg-1342	there is meanness in _all_ the arts which ladies sometimes condescend to employ for captivation
gutenberg-1342	Whatever bears affinity to cunning is despicable
gutenberg-1342	Indeed I have, sir
gutenberg-1342	She is a great deal too ill to be moved
gutenberg-1342	Jones says we must not think of moving her
gutenberg-1342	We must trespass a little longer on your kindness
gutenberg-1342	It must not be thought of
gutenberg-1342	My sister, I am sure, will not hear of her removal
gutenberg-1342	You may depend upon it, madam
gutenberg-1342	that Miss Bennet shall receive every possible attention while she remains with us
gutenberg-1342	I am sure
gutenberg-1342	I often tell my other girls they are nothing to _her
gutenberg-1342	You have a sweet room here, Mr
gutenberg-1342	Bingley, and a charming prospect over that gravel walk
gutenberg-1342	I do not know a place in the country that is equal to Netherfield
gutenberg-1342	Whatever I do is done in a hurry
gutenberg-1342	and therefore if I should resolve to quit Netherfield, I should probably be off in five minutes
gutenberg-1342	At present, however, I consider myself as quite fixed here
gutenberg-1342	That is exactly what I should have supposed of you
gutenberg-1342	You begin to comprehend me, do you
gutenberg-1342	Oh yes--I understand you perfectly
gutenberg-1342	I wish I might take this for a compliment
gutenberg-1342	but to be so easily seen through, I am afraid, is pitiful
gutenberg-1342	That is as it happens
gutenberg-1342	I did not know before
gutenberg-1342	that you were a studier of character
gutenberg-1342	It must be an amusing study
gutenberg-1342	but intricate characters are the _most_ amusing
gutenberg-1342	They have at least that advantage
gutenberg-1342	can in general supply but few subjects for such a study
gutenberg-1342	In a country neighbourhood you move in a very confined and unvarying society
gutenberg-1342	But people themselves alter so much, that there is something new to be observed in them for ever
gutenberg-1342	I assure you there is quite as much of _that_ going on in the country as in town
gutenberg-1342	The country is a vast deal pleasanter, is not it, Mr
gutenberg-1342	When I am in the country
gutenberg-1342	I never wish to leave it
gutenberg-1342	and when I am in town, it is pretty much the same
gutenberg-1342	They have each their advantages, and I can be equally happy in either
gutenberg-1342	Ay, that is because you have the right disposition
gutenberg-1342	But that gentleman
gutenberg-1342	seemed to think the country was nothing at all
gutenberg-1342	Indeed, mamma, you are mistaken
gutenberg-1342	You quite mistook Mr
gutenberg-1342	Certainly, my dear, nobody said there were
gutenberg-1342	but as to not meeting with many people in this neighbourhood, I believe there are few neighbourhoods larger
gutenberg-1342	I know we dine with four-and-twenty families
gutenberg-1342	Yes, she called yesterday with her father
gutenberg-1342	What an agreeable man Sir William is, Mr
gutenberg-1342	Bingley--is not he
gutenberg-1342	so much the man of fashion
gutenberg-1342	so genteel and so easy
gutenberg-1342	He has always something to say to everybody
gutenberg-1342	That_ is my idea of good breeding
gutenberg-1342	and those persons who fancy themselves very important and never open their mouths quite mistake the matter
gutenberg-1342	Did Charlotte dine with you
gutenberg-1342	No, she would go home
gutenberg-1342	I fancy she was wanted about the mince-pies
gutenberg-1342	For my part, Mr
gutenberg-1342	Bingley, _I_ always keep servants that can do their own work
gutenberg-1342	my_ daughters are brought up differently
gutenberg-1342	It is a pity they are not handsome
gutenberg-1342	Not that _I_ think Charlotte so _very_ plain
gutenberg-1342	but then she is our particular friend
gutenberg-1342	She seems a very pleasant young woman
gutenberg-1342	Oh dear, yes
gutenberg-1342	but you must own she is very plain
gutenberg-1342	Lady Lucas herself has often said so, and envied me Jane’s beauty
gutenberg-1342	I do not like to boast of my own child
gutenberg-1342	but to be sure, Jane--one does not often see anybody better looking
gutenberg-1342	It is what everybody says
gutenberg-1342	I do not trust my own partiality
gutenberg-1342	But, however, he did not
gutenberg-1342	Perhaps he thought her too young
gutenberg-1342	However, he wrote some verses on her, and very pretty they were
gutenberg-1342	And so ended his affection
gutenberg-1342	There has been many a one, I fancy, overcome in the same way
gutenberg-1342	I wonder who first discovered the efficacy of poetry in driving away love
gutenberg-1342	I have been used to consider poetry as the _food_ of love
gutenberg-1342	Of a fine, stout, healthy love it may
gutenberg-1342	Everything nourishes what is strong already
gutenberg-1342	I am perfectly ready, I assure you, to keep my engagement
gutenberg-1342	and, when your sister is recovered, you shall, if you please, name the very day of the ball
gutenberg-1342	But you would not wish to be dancing while she is ill
gutenberg-1342	Oh yes--it would be much better to wait till Jane was well
gutenberg-1342	and by that time, most likely, Captain Carter would be at Meryton again
gutenberg-1342	And when you have given _your_ ball
gutenberg-1342	I shall insist on their giving one also
gutenberg-1342	I shall tell Colonel Forster it will be quite a shame if he does not
gutenberg-1342	How delighted Miss Darcy will be to receive such a letter
gutenberg-1342	You write uncommonly fast
gutenberg-1342	You are mistaken
gutenberg-1342	I write rather slowly
gutenberg-1342	How many letters you must have occasion to write in the course of a year
gutenberg-1342	Letters of business, too
gutenberg-1342	How odious I should think them
gutenberg-1342	It is fortunate, then, that they fall to my lot instead of to yours
gutenberg-1342	Pray tell your sister that I long to see her
gutenberg-1342	I have already told her so once, by your desire
gutenberg-1342	I am afraid you do not like your pen
gutenberg-1342	Let me mend it for you
gutenberg-1342	I mend pens remarkably well
gutenberg-1342	Thank you--but I always mend my own
gutenberg-1342	How can you contrive to write so even
gutenberg-1342	Will you give me leave to defer your raptures till I write again
gutenberg-1342	At present I have not room to do them justice
gutenberg-1342	Oh, it is of no consequence
gutenberg-1342	I shall see her in January
gutenberg-1342	But do you always write such charming long letters to her, Mr
gutenberg-1342	They are generally long
gutenberg-1342	but whether always charming, it is not for me to determine
gutenberg-1342	That will not do for a compliment to Darcy, Caroline
gutenberg-1342	because he does _not_ write with ease
gutenberg-1342	He studies too much for words of four syllables
gutenberg-1342	Do not you, Darcy
gutenberg-1342	My style of writing is very different from yours
gutenberg-1342	Charles writes in the most careless way imaginable
gutenberg-1342	He leaves out half his words, and blots the rest
gutenberg-1342	My ideas flow so rapidly that I have not time to express them
gutenberg-1342	by which means my letters sometimes convey no ideas at all to my correspondents
gutenberg-1342	Your humility, Mr
gutenberg-1342	must disarm reproof
gutenberg-1342	Nothing is more deceitful
gutenberg-1342	than the appearance of humility
gutenberg-1342	It is often only carelessness of opinion, and sometimes an indirect boast
gutenberg-1342	And which of the two do you call _my_ little recent piece of modesty
gutenberg-1342	The indirect boast
gutenberg-1342	When you told Mrs
gutenberg-1342	this is too much, to remember at night all the foolish things that were said in the morning
gutenberg-1342	I daresay you believed it
gutenberg-1342	but I am by no means convinced that you would be gone with such celerity
gutenberg-1342	Your conduct would be quite as dependent on chance as that of any man I know
gutenberg-1342	You have only proved by this
gutenberg-1342	Bingley did not do justice to his own disposition
gutenberg-1342	You have shown him off now much more than he did himself
gutenberg-1342	I am exceedingly gratified
gutenberg-1342	by your converting what my friend says into a compliment on the sweetness of my temper
gutenberg-1342	But I am afraid you are giving it a turn which that gentleman did by no means intend
gutenberg-1342	Upon my word, I cannot exactly explain the matter--Darcy must speak for himself
gutenberg-1342	To yield readily--easily--to the _persuasion_ of a friend is no merit with you
gutenberg-1342	To yield without conviction is no compliment to the understanding of either
gutenberg-1342	You appear to me, Mr
gutenberg-1342	Darcy, to allow nothing for the influence of friendship and affection
gutenberg-1342	I am not particularly speaking of such a case as you have supposed about Mr
gutenberg-1342	By all means
gutenberg-1342	at his own house especially, and of a Sunday evening, when he has nothing to do
gutenberg-1342	I see your design, Bingley
gutenberg-1342	You dislike an argument, and want to silence this
gutenberg-1342	Perhaps I do
gutenberg-1342	Arguments are too much like disputes
gutenberg-1342	and then you may say whatever you like of me
gutenberg-1342	What you ask
gutenberg-1342	is no sacrifice on my side
gutenberg-1342	Darcy had much better finish his letter
gutenberg-1342	Do you not feel a great inclination, Miss Bennet, to seize such an opportunity of dancing a reel
gutenberg-1342	I heard you before
gutenberg-1342	but I could not immediately determine what to say in reply
gutenberg-1400	Also Georgiana Wife of the Above
gutenberg-1400	Hold your noise
gutenberg-1400	Keep still, you little devil, or I’ll cut your throat
gutenberg-1400	Don’t cut my throat, sir
gutenberg-1400	Pray don’t do it, sir
gutenberg-1400	Tell us your name
gutenberg-1400	Give it mouth
gutenberg-1400	Show us where you live
gutenberg-1400	Pint out the place
gutenberg-1400	You young dog
gutenberg-1400	what fat cheeks you ha’ got
gutenberg-1400	Darn me if I couldn’t eat ’em
gutenberg-1400	and if I han’t half a mind to’t
gutenberg-1400	Now lookee here
gutenberg-1400	Where’s your mother
gutenberg-1400	That’s my mother
gutenberg-1400	And is that your father alonger your mother
gutenberg-1400	late of this parish
gutenberg-1400	Who d’ye live with,—supposin’ you’re kindly let to live, which I han’t made up my mind about
gutenberg-1400	My sister, sir,—Mrs
gutenberg-1400	Joe Gargery,—wife of Joe Gargery, the blacksmith, sir
gutenberg-1400	the question being whether you’re to be let to live
gutenberg-1400	You know what a file is
gutenberg-1400	And you know what wittles is
gutenberg-1400	You get me a file
gutenberg-1400	And you get me wittles
gutenberg-1400	You bring ’em both to me
gutenberg-1400	Or I’ll have your heart and liver out
gutenberg-1400	You bring me, to-morrow morning early, that file and them wittles
gutenberg-1400	You bring the lot to me, at that old Battery over yonder
gutenberg-1400	Now, I ain’t alone, as you may think I am
gutenberg-1400	There’s a young man hid with me, in comparison with which young man I am a Angel
gutenberg-1400	That young man hears the words I speak
gutenberg-1400	It is in wain for a boy to attempt to hide himself from that young man
gutenberg-1400	I am a keeping that young man from harming of you at the present moment, with great difficulty
gutenberg-1400	I find it wery hard to hold that young man off of your inside
gutenberg-1400	Now, what do you say
gutenberg-1400	Say Lord strike you dead if you don’t
gutenberg-1400	you remember what you’ve undertook, and you remember that young man, and you get home
gutenberg-1400	Goo-good night, sir
gutenberg-1400	Much of that
gutenberg-1400	I wish I was a frog
gutenberg-1400	Or a eel
gutenberg-1400	Joe has been out a dozen times, looking for you, Pip
gutenberg-1400	And she’s out now, making it a baker’s dozen
gutenberg-1400	and what’s worse, she’s got Tickler with her
gutenberg-1400	She sot down
gutenberg-1400	and she got up, and she made a grab at Tickler, and she Ram-paged out
gutenberg-1400	That’s what she did
gutenberg-1400	she Ram-paged out, Pip
gutenberg-1400	Has she been gone long, Joe
gutenberg-1400	she’s been on the Ram-page, this last spell, about five minutes, Pip
gutenberg-1400	Get behind the door, old chap, and have the jack-towel betwixt you
gutenberg-1400	Where have you been, you young monkey
gutenberg-1400	I have only been to the churchyard
gutenberg-1400	If it warn’t for me you’d have been to the churchyard long ago, and stayed there
gutenberg-1400	Who brought you up by hand
gutenberg-1400	And why did I do it, I should like to know
gutenberg-1400	I’d never do it again
gutenberg-1400	I know that
gutenberg-1400	I may truly say I’ve never had this apron of mine off since born you were
gutenberg-1400	It’s bad enough to be a blacksmith’s wife (and him a Gargery) without being your mother
gutenberg-1400	You may well say churchyard, you two
gutenberg-1400	What’s the matter _now
gutenberg-1400	I say, you know
gutenberg-1400	Pip, old chap
gutenberg-1400	You’ll do yourself a mischief
gutenberg-1400	It’ll stick somewhere
gutenberg-1400	You can’t have chawed it, Pip
gutenberg-1400	If you can cough any trifle on it up, Pip, I’d recommend you to do it
gutenberg-1400	Manners is manners, but still your elth’s your elth
gutenberg-1400	Now, perhaps you’ll mention what’s the matter
gutenberg-1400	you staring great stuck pig
gutenberg-1400	You know, Pip
gutenberg-1400	you and me is always friends, and I’d be the last to tell upon you, any time
gutenberg-1400	But such a
gutenberg-1400	such a most oncommon Bolt as that
gutenberg-1400	Been bolting his food, has he
gutenberg-1400	You know, old chap
gutenberg-1400	I Bolted, myself, when I was your age—frequent—and as a boy I’ve been among a many Bolters
gutenberg-1400	but I never see your Bolting equal yet, Pip, and it’s a mercy you ain’t Bolted dead
gutenberg-1400	You come along and be dosed
gutenberg-1400	because he had had a turn
gutenberg-1400	was that great guns, Joe
gutenberg-1400	There’s another conwict off
gutenberg-1400	What does that mean, Joe
gutenberg-1400	What’s a convict
gutenberg-1400	There was a conwict off last night
gutenberg-1400	And they fired warning of him
gutenberg-1400	And now it appears they’re firing warning of another
gutenberg-1400	Drat that boy
gutenberg-1400	what a questioner he is
gutenberg-1400	Ask no questions, and you’ll be told no lies
gutenberg-1400	I should like to know—if you wouldn’t much mind—where the firing comes from
gutenberg-1400	Lord bless the boy
gutenberg-1400	From the Hulks
gutenberg-1400	Well, I told you so
gutenberg-1400	And please, what’s Hulks
gutenberg-1400	That’s the way with this boy
gutenberg-1400	Answer him one question, and he’ll ask you a dozen directly
gutenberg-1400	Hulks are prison-ships, right ’cross th’ meshes
gutenberg-1400	I wonder who’s put into prison-ships, and why they’re put there
gutenberg-1400	I tell you what, young fellow
gutenberg-1400	I didn’t bring you up by hand to badger people’s lives out
gutenberg-1400	It would be blame to me and not praise, if I had
gutenberg-1400	and they always begin by asking questions
gutenberg-1400	Now, you get along to bed
gutenberg-1400	Get up, Mrs
gutenberg-1400	A boy with somebody else’s pork pie
gutenberg-1400	Halloa, young thief
gutenberg-1400	I couldn’t help it, sir
gutenberg-1400	It wasn’t for myself I took it
gutenberg-1400	It’s the young man
gutenberg-1400	What’s in the bottle, boy
gutenberg-1400	I think you have got the ague
gutenberg-1400	I’m much of your opinion, boy
gutenberg-1400	It’s bad about here
gutenberg-1400	You’ve been lying out on the meshes, and they’re dreadful aguish
gutenberg-1400	I’ll eat my breakfast afore they’re the death of me
gutenberg-1400	I’ll beat the shivers so far, I’ll bet you
gutenberg-1400	You’re not a deceiving imp
gutenberg-1400	You brought no one with you
gutenberg-1400	Nor giv’ no one the office to follow you
gutenberg-1400	I believe you
gutenberg-1400	I am glad you enjoy it
gutenberg-1400	I said I was glad you enjoyed it
gutenberg-1400	Thankee, my boy
gutenberg-1400	I am afraid you won’t leave any of it for him
gutenberg-1400	There’s no more to be got where that came from
gutenberg-1400	Leave any for him
gutenberg-1400	The young man
gutenberg-1400	That you spoke of
gutenberg-1400	That was hid with you
gutenberg-1400	He_ don’t want no wittles
gutenberg-1400	I thought he looked as if he did
gutenberg-1400	over there, where I found him nodding asleep, and thought it was you
gutenberg-1400	Dressed like you, you know, only with a hat
gutenberg-1400	and with—the same reason for wanting to borrow a file
gutenberg-1400	Didn’t you hear the cannon last night
gutenberg-1400	Then there _was_ firing
gutenberg-1400	I wonder you shouldn’t have been sure of that
gutenberg-1400	for we heard it up at home, and that’s farther away, and we were shut in besides
gutenberg-1400	Why, see now
gutenberg-1400	Hears his number called, hears himself challenged, hears the rattle of the muskets, hears the orders ‘Make ready
gutenberg-1400	Cover him steady, men
gutenberg-1400	and is laid hands on—and there’s nothin
gutenberg-1400	And as to firing
gutenberg-1400	Why, I see the mist shake with the cannon, arter it was broad day,—But this man
gutenberg-1400	did you notice anything in him
gutenberg-1400	He had a badly bruised face
gutenberg-1400	Where is he
gutenberg-1400	Show me the way he went
gutenberg-1400	I’ll pull him down, like a bloodhound
gutenberg-1400	Curse this iron on my sore leg
gutenberg-1400	Give us hold of the file, boy
gutenberg-1400	And where the deuce ha’ _you_ been
gutenberg-1400	You might ha’ done worse
gutenberg-1400	I’m rather partial to Carols, myself, and that’s the best of reasons for my never hearing any
gutenberg-1400	for I ain’t
gutenberg-1400	Ye are now to declare it
gutenberg-1400	You have heard my friend overhead
gutenberg-1400	oblige me with your opinion of this style
gutenberg-1400	O, Un—cle Pum-ble—chook
gutenberg-1400	This _is_ kind
gutenberg-1400	It’s no more than your merits
gutenberg-1400	And now are you all bobbish, and how’s Sixpennorth of halfpence
gutenberg-1400	Do you hear that
gutenberg-1400	be grateful, boy, to them which brought you up by hand
gutenberg-1400	Why is it that the young are never grateful
gutenberg-1400	You’ve hit it, sir
gutenberg-1400	Plenty of subjects going about, for them that know how to put salt upon their tails
gutenberg-1400	That’s what’s wanted
gutenberg-1400	A man needn’t go far to find a subject, if he’s ready with his salt-box
gutenberg-1400	Look at Pork alone
gutenberg-1400	There’s a subject
gutenberg-1400	If you want a subject, look at Pork
gutenberg-1400	Many a moral for the young
gutenberg-1400	might be deduced from that text
gutenberg-1400	You listen to this
gutenberg-1400	swine were the companions of the prodigal
gutenberg-1400	The gluttony of Swine is put before us, as an example to the young
gutenberg-1400	What is detestable in a pig is more detestable in a boy
gutenberg-1400	Of course, or girl, Mr
gutenberg-1400	but there is no girl present
gutenberg-1400	think what you’ve got to be grateful for
gutenberg-1400	If you’d been born a Squeaker
gutenberg-1400	He _was_, if ever a child was
gutenberg-1400	Well, but I mean a four-footed Squeaker
gutenberg-1400	If you had been born such, would you have been here now
gutenberg-1400	Unless in that form
gutenberg-1400	But I don’t mean in that form, sir
gutenberg-1400	Would he have been doing that
gutenberg-1400	No, he wouldn’t
gutenberg-1400	And what would have been your destination
gutenberg-1400	No bringing up by hand then
gutenberg-1400	Not a bit of it
gutenberg-1400	He was a world of trouble to you, ma’am
gutenberg-1400	Pork—regarded as biled—is rich, too
gutenberg-1400	Have a little brandy, uncle
gutenberg-1400	Why, how ever could Tar come there
gutenberg-1400	You must taste
gutenberg-1400	you must taste, to finish with, such a delightful and delicious present of Uncle Pumblechook’s
gutenberg-1400	You must know
gutenberg-1400	it’s a pie
gutenberg-1400	a savory pork pie
gutenberg-1400	Joe, we’ll do our best endeavours
gutenberg-1400	let us have a cut at this same pie
gutenberg-1400	a bit of savory pork pie would lay atop of anything you could mention, and do no harm
gutenberg-1400	You shall have some, Pip
gutenberg-1400	Here you are, look sharp, come on
gutenberg-1400	Gracious goodness gracious me, what’s gone—with the—pie
gutenberg-1400	Excuse me, ladies and gentleman
gutenberg-1400	but as I have mentioned at the door to this smart young shaver
gutenberg-1400	I am on a chase in the name of the king, and I want the blacksmith
gutenberg-1400	And pray what might you want with _him
gutenberg-1400	speaking for myself, I should reply, the honour and pleasure of his fine wife’s acquaintance
gutenberg-1400	speaking for the king, I answer, a little job done
gutenberg-1400	You see, blacksmith
gutenberg-1400	As they are wanted for immediate service, will you throw your eye over them
gutenberg-1400	Then will you set about it at once, blacksmith
gutenberg-1400	as it’s on his Majesty’s service
gutenberg-1400	And if my men can bear a hand anywhere, they’ll make themselves useful
gutenberg-1400	Would you give me the time
gutenberg-1400	It’s just gone half past two
gutenberg-1400	That’s not so bad
gutenberg-1400	even if I was forced to halt here nigh two hours, that’ll do
gutenberg-1400	How far might you call yourselves from the marshes, hereabouts
gutenberg-1400	Not above a mile, I reckon
gutenberg-1400	Just a mile
gutenberg-1400	We begin to close in upon ’em about dusk
gutenberg-1400	A little before dusk, my orders are
gutenberg-1400	Anybody here seen anything of any such game
gutenberg-1400	they’ll find themselves trapped in a circle, I expect, sooner than they count on
gutenberg-1400	If you’re ready, his Majesty the King is
gutenberg-1400	Give him wine, Mum
gutenberg-1400	I’ll engage there’s no tar in that
gutenberg-1400	Good stuff, eh, sergeant
gutenberg-1400	I’ll tell you something
gutenberg-1400	I suspect that stuff’s of _your_ providing
gutenberg-1400	you’re a man that knows what’s what
gutenberg-1400	D’ye think so
gutenberg-1400	Have another glass
gutenberg-1400	Hob and nob
gutenberg-1400	the two villains
gutenberg-1400	I hope, Joe, we shan’t find them
gutenberg-1400	I’d give a shilling if they had cut and run, Pip
gutenberg-1400	at the double
gutenberg-1400	This way for the runaway convicts
gutenberg-1400	Here are both men
gutenberg-1400	Surrender, you two
gutenberg-1400	and confound you for two wild beasts
gutenberg-1400	I_ took him
gutenberg-1400	I_ give him up to you
gutenberg-1400	It’s not much to be particular about
gutenberg-1400	it’ll do you small good, my man, being in the same plight yourself
gutenberg-1400	I don’t expect it to do me any good
gutenberg-1400	I don’t want it to do me more good than it does now
gutenberg-1400	He knows it
gutenberg-1400	That’s enough for me
gutenberg-1400	Take notice, guard,—he tried to murder me
gutenberg-1400	Tried to murder him
gutenberg-1400	Try, and not do it
gutenberg-1400	I took him, and giv’ him up
gutenberg-1400	that’s what I done
gutenberg-1400	He’s a gentleman, if you please, this villain
gutenberg-1400	Now, the Hulks has got its gentleman again, through me
gutenberg-1400	Worth my while, too, to murder him, when I could do worse and drag him back
gutenberg-1400	He tried—he tried-to—murder me
gutenberg-1400	Single-handed I got clear of the prison-ship
gutenberg-1400	I made a dash and I done it
gutenberg-1400	Let _him_ go free
gutenberg-1400	Let _him_ profit by the means as I found out
gutenberg-1400	Let _him_ make a tool of me afresh and again
gutenberg-1400	No, no, no
gutenberg-1400	If I had died at the bottom there
gutenberg-1400	He tried to murder me
gutenberg-1400	I should have been a dead man if you had not come up
gutenberg-1400	He’s a liar born, and he’ll die a liar
gutenberg-1400	Look at his face
gutenberg-1400	ain’t it written there
gutenberg-1400	Let him turn those eyes of his on me
gutenberg-1400	I defy him to do it
gutenberg-1400	Do you see him
gutenberg-1400	Do you see what a villain he is
gutenberg-1400	Do you see those grovelling and wandering eyes
gutenberg-1400	That’s how he looked when we were tried together
gutenberg-1400	He never looked at me
gutenberg-1400	You are not much to look at
gutenberg-1400	Didn’t I tell you
gutenberg-1400	that he would murder me, if he could
gutenberg-1400	Enough of this parley
gutenberg-1400	Light those torches
gutenberg-1400	You are expected on board
gutenberg-1400	they know you are coming
gutenberg-1400	Don’t straggle, my man
gutenberg-1400	Close up here
gutenberg-1400	I wish to say something respecting this escape
gutenberg-1400	It may prevent some persons laying under suspicion alonger me
gutenberg-1400	You can say what you like
gutenberg-1400	but you have no call to say it here
gutenberg-1400	You’ll have opportunity enough to say about it, and hear about it, before it’s done with, you know
gutenberg-1400	I know, but this is another pint, a separate matter
gutenberg-1400	A man can’t starve
gutenberg-1400	at least _I_ can’t
gutenberg-1400	I took some wittles, up at the willage over yonder,—where the church stands a’most out on the marshes
gutenberg-1400	You mean stole
gutenberg-1400	And I’ll tell you where from
gutenberg-1400	From the blacksmith’s
gutenberg-1400	It was some broken wittles—that’s what it was—and a dram of liquor, and a pie
gutenberg-1400	Have you happened to miss such an article as a pie, blacksmith
gutenberg-1400	My wife did, at the very moment when you came in
gutenberg-1400	Don’t you know, Pip
gutenberg-1400	so you’re the blacksmith, are you
gutenberg-1400	Than I’m sorry to say, I’ve eat your pie
gutenberg-1400	God knows you’re welcome to it,—so far as it was ever mine
gutenberg-1400	Would us, Pip
gutenberg-1400	Give way, you
gutenberg-1400	Was there ever such a boy as this
gutenberg-1400	wife of the Above
gutenberg-1400	walk in the same all the days of my life
gutenberg-1400	I say, Pip, old chap
gutenberg-1400	what a scholar you are
gutenberg-1400	I should like to be
gutenberg-1400	Why, here’s a J
gutenberg-1400	and a O equal to anythink
gutenberg-1400	Here’s a J and a O, Pip, and a J-O, Joe
gutenberg-1400	But read the rest, Jo
gutenberg-1400	The rest, eh, Pip
gutenberg-1400	One, two, three
gutenberg-1400	Why, here’s three Js, and three Os, and three J-O, Joes in it, Pip
gutenberg-1400	You ARE a scholar
gutenberg-1400	How do you spell Gargery, Joe
gutenberg-1400	I don’t spell it at all
gutenberg-1400	But supposing you did
gutenberg-1400	It _can’t_ be supposed
gutenberg-1400	Tho’ I’m uncommon fond of reading, too
gutenberg-1400	Are you, Joe
gutenberg-1400	Didn’t you ever go to school, Joe, when you were as little as me
gutenberg-1400	Why didn’t you ever go to school, Joe, when you were as little as me
gutenberg-1400	I’ll tell you
gutenberg-1400	It were a’most the only hammering he did, indeed, ’xcepting at myself
gutenberg-1400	You’re a listening and understanding, Pip
gutenberg-1400	Consequence, my mother and me we ran away from my father several times
gutenberg-1400	and then my mother she’d go out to work, and she’d say, “Joe
gutenberg-1400	now, please God, you shall have some schooling, child
gutenberg-1400	were a drawback on my learning
gutenberg-1400	Certainly, poor Joe
gutenberg-1400	Though mind you, Pip
gutenberg-1400	somebody must keep the pot a-biling, Pip, or the pot won’t bile, don’t you know
gutenberg-1400	Consequence, my father didn’t make objections to my going to work
gutenberg-1400	I made it
gutenberg-1400	my own self
gutenberg-1400	I made it in a moment
gutenberg-1400	It was like striking out a horseshoe complete, in a single blow
gutenberg-1400	As I was saying, Pip, it were my intentions to have had it cut over him
gutenberg-1400	but poetry costs money, cut it how you will, small or large, and it were not done
gutenberg-1400	Not to mention bearers, all the money that could be spared were wanted for my mother
gutenberg-1400	She were in poor elth, and quite broke
gutenberg-1400	She weren’t long of following, poor soul, and her share of peace come round at last
gutenberg-1400	It were but lonesome then
gutenberg-1400	living here alone, and I got acquainted with your sister
gutenberg-1400	your sister is a fine figure of a woman
gutenberg-1400	Whatever family opinions, or whatever the world’s opinions, on that subject may be, Pip, your sister is
gutenberg-1400	I am glad you think so, Joe
gutenberg-1400	So am I
gutenberg-1400	I_ am glad I think so, Pip
gutenberg-1400	A little redness or a little matter of Bone, here or there, what does it signify to Me
gutenberg-1400	You’re right, old chap
gutenberg-1400	Very kind of her too, all the folks said, and I said, along with all the folks
gutenberg-1400	As to you
gutenberg-1400	Never mind me, Joe
gutenberg-1400	But I did mind you, Pip
gutenberg-1400	God bless the poor little child,’ I said to your sister, ‘there’s room for _him_ at the forge
gutenberg-1400	Ever the best of friends
gutenberg-1400	an’t us, Pip
gutenberg-1400	Don’t cry, old chap
gutenberg-1400	Well, you see, Pip, and here we are
gutenberg-1400	That’s about where it lights
gutenberg-1400	here we are
gutenberg-1400	Joe mustn’t see too much of what we’re up to
gutenberg-1400	It must be done, as I may say, on the sly
gutenberg-1400	And why on the sly
gutenberg-1400	I’ll tell you why, Pip
gutenberg-1400	Your sister is given to government
gutenberg-1400	Given to government, Joe
gutenberg-1400	Given to government
gutenberg-1400	Which I meantersay the government of you and myself
gutenberg-1400	And she an’t over partial to having scholars on the premises
gutenberg-1400	Like a sort of rebel, don’t you see
gutenberg-1400	Stay a bit
gutenberg-1400	I know what you’re a-going to say, Pip
gutenberg-1400	I don’t deny that your sister comes the Mo-gul over us, now and again
gutenberg-1400	I don’t deny that she do throw us back-falls, and that she do drop down upon us heavy
gutenberg-1400	At such times as when your sister is on the Ram-page, Pip
gutenberg-1400	candour compels fur to admit that she is a Buster
gutenberg-1400	Why don’t I rise
gutenberg-1400	That were your observation when I broke it off, Pip
gutenberg-1400	your sister’s a master-mind
gutenberg-1400	And I ain’t a master-mind
gutenberg-1400	I wish it was only me that got put out, Pip
gutenberg-1400	I wish there warn’t no Tickler for you, old chap
gutenberg-1400	I wish I could take it all on myself
gutenberg-1400	but this is the up-and-down-and-straight on it, Pip, and I hope you’ll overlook shortcomings
gutenberg-1400	I hope Uncle Pumblechook’s mare mayn’t have set a forefoot on a piece o’ ice, and gone down
gutenberg-1400	Here comes the mare
gutenberg-1400	ringing like a peal of bells
gutenberg-1400	if this boy ain’t grateful this night, he never will be
gutenberg-1400	It’s only to be hoped
gutenberg-1400	that he won’t be Pompeyed
gutenberg-1400	But I have my fears
gutenberg-1400	She ain’t in that line, Mum
gutenberg-1400	She knows better
gutenberg-1400	What are you staring at
gutenberg-1400	Is the house afire
gutenberg-1400	Which some individual
gutenberg-1400	And she is a she, I suppose
gutenberg-1400	Unless you call Miss Havisham a he
gutenberg-1400	And I doubt if even you’ll go so far as that
gutenberg-1400	Miss Havisham, up town
gutenberg-1400	Is there any Miss Havisham down town
gutenberg-1400	She wants this boy to go and play there
gutenberg-1400	And of course he’s going
gutenberg-1400	And he had better play there
gutenberg-1400	or I’ll work him
gutenberg-1400	Well to be sure
gutenberg-1400	I wonder how she come to know Pip
gutenberg-1400	Who said she knew him
gutenberg-1400	mentioned that she wanted him to go and play there
gutenberg-1400	And couldn’t she ask Uncle Pumblechook if he knew of a boy to go and play there
gutenberg-1400	And couldn’t she then ask Uncle Pumblechook if he knew of a boy to go and play there
gutenberg-1400	And couldn’t Uncle Pumblechook, being always considerate and thoughtful for us—though you may not think it, Joseph
gutenberg-1400	then mention this boy, standing Prancing here
gutenberg-1400	that I have for ever been a willing slave to
gutenberg-1400	Now Joseph, you know the case
gutenberg-1400	you do not yet—though you may not think it—know the case
gutenberg-1400	You may consider that you do, but you do _not_, Joseph
gutenberg-1400	And Lor-a-mussy me
gutenberg-1400	Boy, be forever grateful to all friends, but especially unto them which brought you up by hand
gutenberg-1400	God bless you, Pip, old chap
gutenberg-1400	Seven times nine, boy
gutenberg-1400	This is Pip, is it
gutenberg-1400	come in, Pip
gutenberg-1400	Did you wish to see Miss Havisham
gutenberg-1400	If Miss Havisham wished to see me
gutenberg-1400	but you see she don’t
gutenberg-1400	Let your behaviour here be a credit unto them which brought you up by hand
gutenberg-1400	You could drink without hurt all the strong beer that’s brewed there now, boy
gutenberg-1400	I should think I could, miss
gutenberg-1400	Better not try to brew beer there now, or it would turn out sour, boy
gutenberg-1400	don’t you think so
gutenberg-1400	It looks like it, miss
gutenberg-1400	Not that anybody means to try
gutenberg-1400	for that’s all done with, and the place will stand as idle as it is till it falls
gutenberg-1400	As to strong beer, there’s enough of it in the cellars already, to drown the Manor House
gutenberg-1400	Is that the name of this house, miss
gutenberg-1400	One of its names, boy
gutenberg-1400	It has more than one, then, miss
gutenberg-1400	Its other name was Satis
gutenberg-1400	which is Greek, or Latin, or Hebrew, or all three—or all one to me—for enough
gutenberg-1400	that’s a curious name, miss
gutenberg-1400	but it meant more than it said
gutenberg-1400	It meant, when it was given, that whoever had this house could want nothing else
gutenberg-1400	They must have been easily satisfied in those days, I should think
gutenberg-1400	But don’t loiter, boy
gutenberg-1400	After you, miss
gutenberg-1400	Don’t be ridiculous, boy
gutenberg-1400	I am not going in
gutenberg-1400	Who is it
gutenberg-1400	Pumblechook’s boy, ma’am
gutenberg-1400	let me look at you
gutenberg-1400	Look at me
gutenberg-1400	You are not afraid of a woman who has never seen the sun since you were born
gutenberg-1400	Do you know what I touch here
gutenberg-1400	What do I touch
gutenberg-1400	I am tired
gutenberg-1400	I want diversion, and I have done with men and women
gutenberg-1400	I sometimes have sick fancies
gutenberg-1400	and I have a sick fancy that I want to see some play
gutenberg-1400	play, play, play
gutenberg-1400	Are you sullen and obstinate
gutenberg-1400	No, ma’am, I am very sorry for you, and very sorry I can’t play just now
gutenberg-1400	but it’s so new here, and so strange, and so fine,—and melancholy
gutenberg-1400	So new to him
gutenberg-1400	so old to me
gutenberg-1400	so strange to him, so familiar to me
gutenberg-1400	so melancholy to both of us
gutenberg-1400	You can do that
gutenberg-1400	Your own, one day, my dear, and you will use it well
gutenberg-1400	Let me see you play cards with this boy
gutenberg-1400	With this boy
gutenberg-1400	Why, he is a common labouring-boy
gutenberg-1400	You can break his heart
gutenberg-1400	What do you play, boy
gutenberg-1400	Nothing but beggar my neighbour, miss
gutenberg-1400	He calls the knaves Jacks, this boy
gutenberg-1400	And what coarse hands he has
gutenberg-1400	And what thick boots
gutenberg-1400	You say nothing of her
gutenberg-1400	She says many hard things of you, but you say nothing of her
gutenberg-1400	What do you think of her
gutenberg-1400	I don’t like to say
gutenberg-1400	Tell me in my ear
gutenberg-1400	I think she is very proud
gutenberg-1400	I think she is very pretty
gutenberg-1400	I think she is very insulting
gutenberg-1400	I think I should like to go home
gutenberg-1400	And never see her again, though she is so pretty
gutenberg-1400	You shall go soon
gutenberg-1400	Play the game out
gutenberg-1400	When shall I have you here again
gutenberg-1400	Let me think
gutenberg-1400	I know nothing of days of the week
gutenberg-1400	I know nothing of weeks of the year
gutenberg-1400	Come again after six days
gutenberg-1400	Estella, take him down
gutenberg-1400	Let him have something to eat, and let him roam and look about him while he eats
gutenberg-1400	You are to wait here, you boy
gutenberg-1400	Why don’t you cry
gutenberg-1400	Because I don’t want to
gutenberg-1400	You have been crying till you are half blind, and you are near crying again now
gutenberg-1400	How did you get on up town
gutenberg-1400	Pretty well, sir
gutenberg-1400	Pretty well is no answer
gutenberg-1400	Tell us what you mean by pretty well, boy
gutenberg-1400	I mean pretty well
gutenberg-1400	Don’t lose your temper
gutenberg-1400	Leave this lad to me, ma’am
gutenberg-1400	leave this lad to me
gutenberg-1400	First (to get our thoughts in order): Forty-three pence
gutenberg-1400	Four Hundred Pound
gutenberg-1400	twelve pence make one shilling
gutenberg-1400	forty pence make three and fourpence
gutenberg-1400	How much is forty-three pence
gutenberg-1400	Is forty-three pence seven and sixpence three fardens, for instance
gutenberg-1400	What like is Miss Havisham
gutenberg-1400	Very tall and dark
gutenberg-1400	Is she, uncle
gutenberg-1400	This is the way to have him
gutenberg-1400	We are beginning to hold our own, I think, Mum
gutenberg-1400	I am sure, uncle
gutenberg-1400	I wish you had him always
gutenberg-1400	you know so well how to deal with him
gutenberg-1400	What was she a-doing of, when you went in today
gutenberg-1400	She was sitting
gutenberg-1400	in a black velvet coach
gutenberg-1400	And we all had cake and wine on gold plates
gutenberg-1400	And I got up behind the coach to eat mine, because she told me to
gutenberg-1400	Was anybody else there
gutenberg-1400	Large or small
gutenberg-1400	And they fought for veal-cutlets out of a silver basket
gutenberg-1400	Where _was_ this coach, in the name of gracious
gutenberg-1400	In Miss Havisham’s room
gutenberg-1400	But there weren’t any horses to it
gutenberg-1400	Can this be possible, uncle
gutenberg-1400	What can the boy mean
gutenberg-1400	I’ll tell you, Mum
gutenberg-1400	My opinion is, it’s a sedan-chair
gutenberg-1400	She’s flighty, you know,—very flighty,—quite flighty enough to pass her days in a sedan-chair
gutenberg-1400	Did you ever see her in it, uncle
gutenberg-1400	How could I
gutenberg-1400	when I never see her in my life
gutenberg-1400	Never clapped eyes upon her
gutenberg-1400	And yet you have spoken to her
gutenberg-1400	Why, don’t you know
gutenberg-1400	Don’t say you don’t know _that_, Mum
gutenberg-1400	Howsever, the boy went there to play
gutenberg-1400	What did you play at, boy
gutenberg-1400	We played with flags
gutenberg-1400	And then we all waved our swords and hurrahed
gutenberg-1400	Where did you get swords from
gutenberg-1400	Out of a cupboard
gutenberg-1400	And I saw pistols in it,—and jam,—and pills
gutenberg-1400	And there was no daylight in the room, but it was all lighted up with candles
gutenberg-1400	That’s true, Mum
gutenberg-1400	That’s the state of the case, for that much I’ve seen myself
gutenberg-1400	If a fool’s head can’t express better opinions than that
gutenberg-1400	and you have got any work to do, you had better go and do it
gutenberg-1400	Before the fire goes out, Joe, I should like to tell you something
gutenberg-1400	Should you, Pip
gutenberg-1400	Then tell us
gutenberg-1400	What is it, Pip
gutenberg-1400	you remember all that about Miss Havisham’s
gutenberg-1400	It’s a terrible thing, Joe
gutenberg-1400	it ain’t true
gutenberg-1400	What are you telling of, Pip
gutenberg-1400	You don’t mean to say it’s
gutenberg-1400	Yes I do
gutenberg-1400	it’s lies, Joe
gutenberg-1400	But not all of it
gutenberg-1400	Why sure you don’t mean to say, Pip, that there was no black welwet co—eh
gutenberg-1400	But at least there was dogs, Pip
gutenberg-1400	if there warn’t no weal-cutlets, at least there was dogs
gutenberg-1400	No, Joe, there was nothing at all of the kind
gutenberg-1400	This won’t do, old fellow
gutenberg-1400	Where do you expect to go to
gutenberg-1400	It’s terrible, Joe
gutenberg-1400	What possessed you
gutenberg-1400	I don’t know what possessed me, Joe
gutenberg-1400	but I wish you hadn’t taught me to call Knaves at cards Jacks
gutenberg-1400	and I wish my boots weren’t so thick nor my hands so coarse
gutenberg-1400	There’s one thing you may be sure of, Pip
gutenberg-1400	namely, that lies is lies
gutenberg-1400	Don’t you tell no more of ’em, Pip
gutenberg-1400	That_ ain’t the way to get out of being common, old chap
gutenberg-1400	And as to being common, I don’t make it out at all clear
gutenberg-1400	You are oncommon in some things
gutenberg-1400	You’re oncommon small
gutenberg-1400	Likewise you’re a oncommon scholar
gutenberg-1400	No, I am ignorant and backward, Joe
gutenberg-1400	Why, see what a letter you wrote last night
gutenberg-1400	Wrote in print even
gutenberg-1400	I’ve seen letters—Ah
gutenberg-1400	and from gentlefolks
gutenberg-1400	that I’ll swear weren’t wrote in print
gutenberg-1400	I have learnt next to nothing, Joe
gutenberg-1400	You think much of me
gutenberg-1400	It’s only that
gutenberg-1400	and begun at A too, and worked his way to Z
gutenberg-1400	And _I_ know what that is to do, though I can’t say I’ve exactly done it
gutenberg-1400	Whether common ones as to callings and earnings
gutenberg-1400	I’m sorry there weren’t a flag, Pip
gutenberg-1400	and that’s a thing not to be thought of as being done intentional
gutenberg-1400	Lookee here, Pip, at what is said to you by a true friend
gutenberg-1400	Which this to you the true friend say
gutenberg-1400	So don’t tell no more on ’em, Pip, and live well and die happy
gutenberg-1400	You are not angry with me, Joe
gutenberg-1400	No, old chap
gutenberg-1400	That’s all, old chap, and don’t never do it no more
gutenberg-1400	used to do
gutenberg-1400	Halloa, Pip, old chap
gutenberg-1400	No, thank you, sir
gutenberg-1400	You was saying
gutenberg-1400	that you was a blacksmith
gutenberg-1400	I said it, you know
gutenberg-1400	What’ll you drink, Mr
gutenberg-1400	You didn’t mention your name, by the bye
gutenberg-1400	At my expense
gutenberg-1400	To top up with
gutenberg-1400	but once and away, and on a Saturday night too
gutenberg-1400	Put a name to it, Mr
gutenberg-1400	I wouldn’t wish to be stiff company
gutenberg-1400	And will the other gentleman originate a sentiment
gutenberg-1400	This other gentleman
gutenberg-1400	is a gentleman that you would like to hear give it out
gutenberg-1400	Our clerk at church
gutenberg-1400	The lonely church, right out on the marshes, with graves round it
gutenberg-1400	I am not acquainted with this country, gentlemen, but it seems a solitary country towards the river
gutenberg-1400	Most marshes is solitary
gutenberg-1400	No doubt, no doubt
gutenberg-1400	Do you find any gypsies, now, or tramps, or vagrants of any sort, out there
gutenberg-1400	none but a runaway convict now and then
gutenberg-1400	And we don’t find _them_, easy
gutenberg-1400	Seems you have been out after such
gutenberg-1400	Not that we wanted to take them, you understand
gutenberg-1400	we went out as lookers on
gutenberg-1400	me, and Mr
gutenberg-1400	Wopsle, and Pip
gutenberg-1400	Didn’t us, Pip
gutenberg-1400	He’s a likely young parcel of bones that
gutenberg-1400	What is it you call him
gutenberg-1400	No, not christened Pip
gutenberg-1400	it’s a kind of family name what he gave himself when a infant, and is called by
gutenberg-1400	Son of yours
gutenberg-1400	No, he ain’t
gutenberg-1400	he is not—no, not to deceive you, he is _not_—my nevvy
gutenberg-1400	What the Blue Blazes is he
gutenberg-1400	as the poet says
gutenberg-1400	Stop half a moment, Mr
gutenberg-1400	A bad un, I’ll be bound
gutenberg-1400	or he wouldn’t have given it to the boy
gutenberg-1400	Let’s look at it
gutenberg-1400	But what’s this
gutenberg-1400	Two One-Pound notes
gutenberg-1400	You are to come this way to-day
gutenberg-1400	You are to go and stand there boy, till you are wanted
gutenberg-1400	Poor dear soul
gutenberg-1400	Nobody’s enemy but his own
gutenberg-1400	It would be much more commendable to be somebody else’s enemy
gutenberg-1400	far more natural
gutenberg-1400	we are to love our neighbour
gutenberg-1400	if a man is not his own neighbour, who is
gutenberg-1400	he is so very strange
gutenberg-1400	says he, ‘Camilla, what can it signify so long as the poor bereaved little things are in black
gutenberg-1400	So like Matthew
gutenberg-1400	Good points in him, good points in him
gutenberg-1400	Heaven forbid I should deny good points in him
gutenberg-1400	but he never had, and he never will have, any sense of the proprieties
gutenberg-1400	You know I was obliged
gutenberg-1400	I was obliged to be firm
gutenberg-1400	I said, ‘It WILL NOT DO, for the credit of the family
gutenberg-1400	I told him that, without deep trimmings, the family was disgraced
gutenberg-1400	I cried about it from breakfast till dinner
gutenberg-1400	I injured my digestion
gutenberg-1400	He_ paid for them, did he not
gutenberg-1400	It’s not the question, my dear child, who paid for them
gutenberg-1400	I_ bought them
gutenberg-1400	And I shall often think of that with peace, when I wake up in the night
gutenberg-1400	Well I am sure
gutenberg-1400	Was there ever such a fancy
gutenberg-1400	Am I pretty
gutenberg-158	Poor Miss Taylor
gutenberg-158	I wish she were here again
gutenberg-158	What a pity it is that Mr
gutenberg-158	Weston ever thought of her
gutenberg-158	I cannot agree with you, papa
gutenberg-158	you know I cannot
gutenberg-158	Weston is such a good-humoured, pleasant, excellent man, that he thoroughly deserves a good wife
gutenberg-158	A house of her own
gutenberg-158	But where is the advantage of a house of her own
gutenberg-158	This is three times as large
gutenberg-158	And you have never any odd humours, my dear
gutenberg-158	How often we shall be going to see them, and they coming to see us
gutenberg-158	We shall be always meeting
gutenberg-158	We_ must begin
gutenberg-158	we must go and pay wedding visit very soon
gutenberg-158	My dear, how am I to get so far
gutenberg-158	Randalls is such a distance
gutenberg-158	I could not walk half so far
gutenberg-158	No, papa, nobody thought of your walking
gutenberg-158	We must go in the carriage, to be sure
gutenberg-158	But James will not like to put the horses to for such a little way
gutenberg-158	and where are the poor horses to be while we are paying our visit
gutenberg-158	They are to be put into Mr
gutenberg-158	Weston’s stable, papa
gutenberg-158	You know we have settled all that already
gutenberg-158	We talked it all over with Mr
gutenberg-158	Weston last night
gutenberg-158	I only doubt whether he will ever take us anywhere else
gutenberg-158	That was your doing, papa
gutenberg-158	You got Hannah that good place
gutenberg-158	Nobody thought of Hannah till you mentioned her—James is so obliged to you
gutenberg-158	I am very glad I did think of her
gutenberg-158	It was very lucky, for I would not have had poor James think himself slighted upon any account
gutenberg-158	and I am sure she will make a very good servant: she is a civil, pretty-spoken girl
gutenberg-158	I have a great opinion of her
gutenberg-158	Whenever I see her, she always curtseys and asks me how I do, in a very pretty manner
gutenberg-158	I am sure she will be an excellent servant
gutenberg-158	Whenever James goes over to see his daughter, you know, she will be hearing of us
gutenberg-158	He will be able to tell her how we all are
gutenberg-158	It is very kind of you, Mr
gutenberg-158	Knightley, to come out at this late hour to call upon us
gutenberg-158	I am afraid you must have had a shocking walk
gutenberg-158	Not at all, sir
gutenberg-158	It is a beautiful moonlight night
gutenberg-158	and so mild that I must draw back from your great fire
gutenberg-158	But you must have found it very damp and dirty
gutenberg-158	I wish you may not catch cold
gutenberg-158	Look at my shoes
gutenberg-158	Not a speck on them
gutenberg-158	that is quite surprising, for we have had a vast deal of rain here
gutenberg-158	It rained dreadfully hard for half an hour while we were at breakfast
gutenberg-158	I wanted them to put off the wedding
gutenberg-158	By the bye—I have not wished you joy
gutenberg-158	but I hope it all went off tolerably well
gutenberg-158	How did you all behave
gutenberg-158	Who cried most
gutenberg-158	Tis a sad business
gutenberg-158	and Miss Woodhouse, if you please
gutenberg-158	but I cannot possibly say ‘poor Miss Taylor
gutenberg-158	I have a great regard for you and Emma
gutenberg-158	but when it comes to the question of dependence or independence
gutenberg-158	At any rate, it must be better to have only one to please than two
gutenberg-158	Especially when _one_ of those two is such a fanciful, troublesome creature
gutenberg-158	I believe it is very true, my dear, indeed
gutenberg-158	I am afraid I am sometimes very fanciful and troublesome
gutenberg-158	My dearest papa
gutenberg-158	You do not think I could mean _you_, or suppose Mr
gutenberg-158	Knightley to mean _you
gutenberg-158	What a horrible idea
gutenberg-158	I meant only myself
gutenberg-158	Knightley loves to find fault with me, you know—in a joke—it is all a joke
gutenberg-158	We always say what we like to one another
gutenberg-158	Emma knows I never flatter her
gutenberg-158	but I meant no reflection on any body
gutenberg-158	Miss Taylor has been used to have two persons to please
gutenberg-158	she will now have but one
gutenberg-158	The chances are that she must be a gainer
gutenberg-158	you want to hear about the wedding
gutenberg-158	and I shall be happy to tell you, for we all behaved charmingly
gutenberg-158	Dear Emma bears every thing so well
gutenberg-158	It is impossible that Emma should not miss such a companion
gutenberg-158	We should not like her so well as we do, sir, if we could suppose it
gutenberg-158	but she knows how much the marriage is to Miss Taylor’s advantage
gutenberg-158	Every friend of Miss Taylor must be glad to have her so happily married
gutenberg-158	And you have forgotten one matter of joy to me
gutenberg-158	and a very considerable one—that I made the match myself
gutenberg-158	I made the match, you know, four years ago
gutenberg-158	and to have it take place, and be proved in the right, when so many people said Mr
gutenberg-158	Weston would never marry again, may comfort me for any thing
gutenberg-158	Pray do not make any more matches
gutenberg-158	I promise you to make none for myself, papa
gutenberg-158	but I must, indeed, for other people
gutenberg-158	It is the greatest amusement in the world
gutenberg-158	And after such success, you know
gutenberg-158	Every body said that Mr
gutenberg-158	Weston would never marry again
gutenberg-158	Oh dear, no
gutenberg-158	Weston need not spend a single evening in the year alone if he did not like it
gutenberg-158	Weston certainly would never marry again
gutenberg-158	All manner of solemn nonsense was talked on the subject, but I believed none of it
gutenberg-158	I planned the match from that hour
gutenberg-158	I do not understand what you mean by ‘success
gutenberg-158	Success supposes endeavour
gutenberg-158	A worthy employment for a young lady’s mind
gutenberg-158	Where is your merit
gutenberg-158	What are you proud of
gutenberg-158	You made a lucky guess
gutenberg-158	and _that_ is all that can be said
gutenberg-158	And have you never known the pleasure and triumph of a lucky guess
gutenberg-158	I pity you
gutenberg-158	I thought you cleverer—for, depend upon it a lucky guess is never merely luck
gutenberg-158	There is always some talent in it
gutenberg-158	You have drawn two pretty pictures
gutenberg-158	but I think there may be a third—a something between the do-nothing and the do-all
gutenberg-158	If I had not promoted Mr
gutenberg-158	I think you must know Hartfield enough to comprehend that
gutenberg-158	You are more likely to have done harm to yourself, than good to them, by interference
gutenberg-158	Emma never thinks of herself, if she can do good to others
gutenberg-158	But, my dear, pray do not make any more matches
gutenberg-158	they are silly things, and break up one’s family circle grievously
gutenberg-158	Only one more, papa
gutenberg-158	only for Mr
gutenberg-158	You like Mr
gutenberg-158	Elton, papa,—I must look about for a wife for him
gutenberg-158	I think very well of Mr
gutenberg-158	Elton, and this is the only way I have of doing him a service
gutenberg-158	That will be a much better thing
gutenberg-158	Knightley will be so kind as to meet him
gutenberg-158	With a great deal of pleasure, sir, at any time
gutenberg-158	and I agree with you entirely, that it will be a much better thing
gutenberg-158	Depend upon it, a man of six or seven-and-twenty can take care of himself
gutenberg-158	I suppose you have heard of the handsome letter Mr
gutenberg-158	Frank Churchill has written to Mrs
gutenberg-158	I understand it was a very handsome letter, indeed
gutenberg-158	Woodhouse told me of it
gutenberg-158	Woodhouse saw the letter, and he says he never saw such a handsome letter in his life
gutenberg-158	Ah, poor Miss Taylor
gutenberg-158	She would be very glad to stay
gutenberg-158	Bates, let me propose your venturing on one of these eggs
gutenberg-158	An egg boiled very soft is not unwholesome
gutenberg-158	Serle understands boiling an egg better than any body
gutenberg-158	I would not recommend an egg boiled by any body else
gutenberg-158	Miss Bates, let Emma help you to a _little_ bit of tart—a _very_ little bit
gutenberg-158	Ours are all apple-tarts
gutenberg-158	You need not be afraid of unwholesome preserves here
gutenberg-158	I do not advise the custard
gutenberg-158	Goddard, what say you to _half_ a glass of wine
gutenberg-158	A _small_ half-glass, put into a tumbler of water
gutenberg-158	I do not think it could disagree with you
gutenberg-158	two_ parlours, two very good parlours, indeed
gutenberg-158	one of them quite as large as Mrs
gutenberg-158	and of her having an upper maid who had lived five-and-twenty years with her
gutenberg-158	and of Mrs
gutenberg-158	Martin’s saying as she was so fond of it, it should be called _her_ cow
gutenberg-158	Well done, Mrs
gutenberg-158	You know what you are about
gutenberg-158	And when she had come away, Mrs
gutenberg-158	Martin was so very kind as to send Mrs
gutenberg-158	Goddard a beautiful goose—the finest goose Mrs
gutenberg-158	Goddard had ever seen
gutenberg-158	Martin, I suppose, is not a man of information beyond the line of his own business
gutenberg-158	He does not read
gutenberg-158	And I know he has read the Vicar of Wakefield
gutenberg-158	He never read the Romance of the Forest, nor The Children of the Abbey
gutenberg-158	What sort of looking man is Mr
gutenberg-158	not handsome—not at all handsome
gutenberg-158	I thought him very plain at first, but I do not think him so plain now
gutenberg-158	One does not, you know, after a time
gutenberg-158	But did you never see him
gutenberg-158	He has passed you very often
gutenberg-158	The yeomanry are precisely the order of people with whom I feel I can have nothing to do
gutenberg-158	A degree or two lower, and a creditable appearance might interest me
gutenberg-158	I might hope to be useful to their families in some way or other
gutenberg-158	To be sure
gutenberg-158	It is not likely you should ever have observed him
gutenberg-158	but he knows you very well indeed—I mean by sight
gutenberg-158	I have no doubt of his being a very respectable young man
gutenberg-158	I know, indeed, that he is so, and, as such, wish him well
gutenberg-158	What do you imagine his age to be
gutenberg-158	That is too young to settle
gutenberg-158	His mother is perfectly right not to be in a hurry
gutenberg-158	Six years hence
gutenberg-158	Dear Miss Woodhouse, he would be thirty years old
gutenberg-158	Martin, I imagine, has his fortune entirely to make—cannot be at all beforehand with the world
gutenberg-158	To be sure, so it is
gutenberg-158	But they live very comfortably
gutenberg-158	They have no indoors man, else they do not want for any thing
gutenberg-158	Martin talks of taking a boy another year
gutenberg-158	I wish you may not get into a scrape, Harriet, whenever he does marry
gutenberg-158	The misfortune of your birth ought to make you particularly careful as to your associates
gutenberg-158	Yes, to be sure, I suppose there are
gutenberg-158	You understand the force of influence pretty well, Harriet
gutenberg-158	and, therefore, I say that if you should still be in this country when Mr
gutenberg-158	Not that I think Mr
gutenberg-158	Martin would ever marry any body but what had had some education—and been very well brought up
gutenberg-158	Only think of our happening to meet him
gutenberg-158	How very odd
gutenberg-158	It was quite a chance, he said, that he had not gone round by Randalls
gutenberg-158	He did not think we ever walked this road
gutenberg-158	He thought we walked towards Randalls most days
gutenberg-158	He has not been able to get the Romance of the Forest yet
gutenberg-158	So very odd we should happen to meet
gutenberg-158	Well, Miss Woodhouse, is he like what you expected
gutenberg-158	What do you think of him
gutenberg-158	Do you think him so very plain
gutenberg-158	He is very plain, undoubtedly—remarkably plain:—but that is nothing compared with his entire want of gentility
gutenberg-158	I had no right to expect much, and I did not expect much
gutenberg-158	but I had no idea that he could be so very clownish, so totally without air
gutenberg-158	I had imagined him, I confess, a degree or two nearer gentility
gutenberg-158	he is not so genteel as real gentlemen
gutenberg-158	At Hartfield, you have had very good specimens of well educated, well bred men
gutenberg-158	I should be surprized if, after seeing them, you could be in company with Mr
gutenberg-158	Do not you begin to feel that now
gutenberg-158	Were not you struck
gutenberg-158	Certainly, he is not like Mr
gutenberg-158	He has not such a fine air and way of walking as Mr
gutenberg-158	I see the difference plain enough
gutenberg-158	Knightley is so very fine a man
gutenberg-158	Knightley’s air is so remarkably good that it is not fair to compare Mr
gutenberg-158	Martin with _him
gutenberg-158	You might not see one in a hundred with _gentleman_ so plainly written as in Mr
gutenberg-158	But he is not the only gentleman you have been lately used to
gutenberg-158	What say you to Mr
gutenberg-158	Weston and Mr
gutenberg-158	Martin with either of _them
gutenberg-158	Compare their manner of carrying themselves
gutenberg-158	of being silent
gutenberg-158	You must see the difference
gutenberg-158	there is a great difference
gutenberg-158	Weston is almost an old man
gutenberg-158	Weston must be between forty and fifty
gutenberg-158	Which makes his good manners the more valuable
gutenberg-158	The older a person grows, Harriet, the more important it is that their manners should not be bad
gutenberg-158	the more glaring and disgusting any loudness, or coarseness, or awkwardness becomes
gutenberg-158	What is passable in youth is detestable in later age
gutenberg-158	Martin is now awkward and abrupt
gutenberg-158	what will he be at Mr
gutenberg-158	Weston’s time of life
gutenberg-158	There is no saying, indeed
gutenberg-158	But there may be pretty good guessing
gutenberg-158	Will he, indeed
gutenberg-158	That will be very bad
gutenberg-158	What has he to do with books
gutenberg-158	I wonder he did not remember the book
gutenberg-158	In one respect, perhaps, Mr
gutenberg-158	Elton’s manners are superior to Mr
gutenberg-158	Knightley’s or Mr
gutenberg-158	They have more gentleness
gutenberg-158	They might be more safely held up as a pattern
gutenberg-158	There is an openness, a quickness, almost a bluntness in Mr
gutenberg-158	Neither would Mr
gutenberg-158	Knightley’s downright, decided, commanding sort of manner, though it suits _him_ very well
gutenberg-158	his figure, and look, and situation in life seem to allow it
gutenberg-158	but if any young man were to set about copying him, he would not be sufferable
gutenberg-158	On the contrary, I think a young man might be very safely recommended to take Mr
gutenberg-158	Elton as a model
gutenberg-158	Elton is good-humoured, cheerful, obliging, and gentle
gutenberg-158	He seems to me to be grown particularly gentle of late
gutenberg-158	If he means any thing, it must be to please you
gutenberg-158	Did not I tell you what he said of you the other day
gutenberg-158	I do not know what your opinion may be, Mrs
gutenberg-158	of this great intimacy between Emma and Harriet Smith, but I think it a bad thing
gutenberg-158	A bad thing
gutenberg-158	Do you really think it a bad thing
gutenberg-158	I think they will neither of them do the other any good
gutenberg-158	You surprize me
gutenberg-158	I have been seeing their intimacy with the greatest pleasure
gutenberg-158	How very differently we feel
gutenberg-158	Not think they will do each other any good
gutenberg-158	This will certainly be the beginning of one of our quarrels about Emma, Mr
gutenberg-158	Knightley, I shall not allow you to be a fair judge in this case
gutenberg-158	You are so much used to live alone, that you do not know the value of a companion
gutenberg-158	I can imagine your objection to Harriet Smith
gutenberg-158	She is not the superior young woman which Emma’s friend ought to be
gutenberg-158	They will read together
gutenberg-158	She means it, I know
gutenberg-158	Emma has been meaning to read more ever since she was twelve years old
gutenberg-158	and I dare say she may have made out a very good list now
gutenberg-158	But I have done with expecting any course of steady reading from Emma
gutenberg-158	Where Miss Taylor failed to stimulate, I may safely affirm that Harriet Smith will do nothing
gutenberg-158	You never could persuade her to read half so much as you wished
gutenberg-158	You know you could not
gutenberg-158	I dare say
gutenberg-158	that I thought so _then
gutenberg-158	but since we have parted, I can never remember Emma’s omitting to do any thing I wished
gutenberg-158	There is hardly any desiring to refresh such a memory as _that
gutenberg-158	who have had no such charm thrown over my senses, must still see, hear, and remember
gutenberg-158	Emma is spoiled by being the cleverest of her family
gutenberg-158	She was always quick and assured: Isabella slow and diffident
gutenberg-158	And ever since she was twelve, Emma has been mistress of the house and of you all
gutenberg-158	In her mother she lost the only person able to cope with her
gutenberg-158	She inherits her mother’s talents, and must have been under subjection to her
gutenberg-158	I should have been sorry, Mr
gutenberg-158	Knightley, to be dependent on _your_ recommendation, had I quitted Mr
gutenberg-158	Woodhouse’s family and wanted another situation
gutenberg-158	I do not think you would have spoken a good word for me to any body
gutenberg-158	I am sure you always thought me unfit for the office I held
gutenberg-158	You are better placed _here
gutenberg-158	very fit for a wife, but not at all for a governess
gutenberg-158	But you were preparing yourself to be an excellent wife all the time you were at Hartfield
gutenberg-158	You might not give Emma such a complete education as your powers would seem to promise
gutenberg-158	and if Weston had asked me to recommend him a wife, I should certainly have named Miss Taylor
gutenberg-158	There will be very little merit in making a good wife to such a man as Mr
gutenberg-158	We will not despair, however
gutenberg-158	Weston may grow cross from the wantonness of comfort, or his son may plague him
gutenberg-158	I hope not _that
gutenberg-158	It is not likely
gutenberg-158	Knightley, do not foretell vexation from that quarter
gutenberg-158	Not I, indeed
gutenberg-158	I only name possibilities
gutenberg-158	I do not pretend to Emma’s genius for foretelling and guessing
gutenberg-158	But Harriet Smith—I have not half done about Harriet Smith
gutenberg-158	I think her the very worst sort of companion that Emma could possibly have
gutenberg-158	She knows nothing herself, and looks upon Emma as knowing every thing
gutenberg-158	She is a flatterer in all her ways
gutenberg-158	and so much the worse, because undesigned
gutenberg-158	Her ignorance is hourly flattery
gutenberg-158	And as for Harriet, I will venture to say that _she_ cannot gain by the acquaintance
gutenberg-158	Hartfield will only put her out of conceit with all the other places she belongs to
gutenberg-158	They only give a little polish
gutenberg-158	for I cannot lament the acquaintance
gutenberg-158	How well she looked last night
gutenberg-158	you would rather talk of her person than her mind, would you
gutenberg-158	I shall not attempt to deny Emma’s being pretty
gutenberg-158	say beautiful rather
gutenberg-158	Can you imagine any thing nearer perfect beauty than Emma altogether—face and figure
gutenberg-158	But I am a partial old friend
gutenberg-158	Such an eye
gutenberg-158	the true hazle eye—and so brilliant
gutenberg-158	regular features, open countenance, with a complexion
gutenberg-158	what a bloom of full health, and such a pretty height and size
gutenberg-158	such a firm and upright figure
gutenberg-158	There is health, not merely in her bloom, but in her air, her head, her glance
gutenberg-158	One hears sometimes of a child being ‘the picture of health
gutenberg-158	now, Emma always gives me the idea of being the complete picture of grown-up health
gutenberg-158	She is loveliness itself
gutenberg-158	Knightley, is not she
gutenberg-158	I have not a fault to find with her person
gutenberg-158	I think her all you describe
gutenberg-158	I love to look at her
gutenberg-158	and I will add this praise, that I do not think her personally vain
gutenberg-158	Considering how very handsome she is, she appears to be little occupied with it
gutenberg-158	her vanity lies another way
gutenberg-158	And I, Mr
gutenberg-158	Knightley, am equally stout in my confidence of its not doing them any harm
gutenberg-158	With all dear Emma’s little faults, she is an excellent creature
gutenberg-158	Where shall we see a better daughter, or a kinder sister, or a truer friend
gutenberg-158	she has qualities which may be trusted
gutenberg-158	she will never lead any one really wrong
gutenberg-158	she will make no lasting blunder
gutenberg-158	where Emma errs once, she is in the right a hundred times
gutenberg-158	I will not plague you any more
gutenberg-158	except when he is not quite frightened enough about the children
gutenberg-158	I am sure of having their opinions with me
gutenberg-158	I know that you all love her really too well to be unjust or unkind
gutenberg-158	but excuse me, Mr
gutenberg-158	Pray excuse me
gutenberg-158	It has been so many years my province to give advice, that you cannot be surprized, Mr
gutenberg-158	Knightley, at this little remains of office
gutenberg-158	I am much obliged to you for it
gutenberg-158	It is very good advice, and it shall have a better fate than your advice has often found
gutenberg-158	for it shall be attended to
gutenberg-158	John Knightley is easily alarmed, and might be made unhappy about her sister
gutenberg-158	I will not raise any outcry
gutenberg-158	I will keep my ill-humour to myself
gutenberg-158	I have a very sincere interest in Emma
gutenberg-158	Isabella does not seem more my sister
gutenberg-158	has never excited a greater interest
gutenberg-158	perhaps hardly so great
gutenberg-158	There is an anxiety, a curiosity in what one feels for Emma
gutenberg-158	I wonder what will become of her
gutenberg-158	So do I
gutenberg-158	She always declares she will never marry, which, of course, means just nothing at all
gutenberg-158	But I have no idea that she has yet ever seen a man she cared for
gutenberg-158	I should like to see Emma in love, and in some doubt of a return
gutenberg-158	it would do her good
gutenberg-158	But there is nobody hereabouts to attach her
gutenberg-158	and she goes so seldom from home
gutenberg-158	There does, indeed, seem as little to tempt her to break her resolution at present
gutenberg-158	as can well be
gutenberg-158	What does Weston think of the weather
gutenberg-158	shall we have rain
gutenberg-158	You have given Miss Smith all that she required
gutenberg-158	you have made her graceful and easy
gutenberg-158	I am glad you think I have been useful to her
gutenberg-158	but Harriet only wanted drawing out, and receiving a few, very few hints
gutenberg-158	She had all the natural grace of sweetness of temper and artlessness in herself
gutenberg-158	I have done very little
gutenberg-158	If it were admissible to contradict a lady
gutenberg-158	that is what principally strikes me
gutenberg-158	So much superadded decision of character
gutenberg-158	Skilful has been the hand
gutenberg-158	Great has been the pleasure, I am sure
gutenberg-158	I never met with a disposition more truly amiable
gutenberg-158	I have no doubt of it
gutenberg-158	Did you ever have your likeness taken, Harriet
gutenberg-158	did you ever sit for your picture
gutenberg-158	dear, no, never
gutenberg-158	What an exquisite possession a good picture of her would be
gutenberg-158	I would give any money for it
gutenberg-158	I almost long to attempt her likeness myself
gutenberg-158	But from one cause or another, I gave it up in disgust
gutenberg-158	But really, I could almost venture, if Harriet would sit to me
gutenberg-158	It would be such a delight to have her picture
gutenberg-158	Let me entreat you
gutenberg-158	it would indeed be a delight
gutenberg-158	Let me entreat you, Miss Woodhouse, to exercise so charming a talent in favour of your friend
gutenberg-158	I know what your drawings are
gutenberg-158	How could you suppose me ignorant
gutenberg-158	Is not this room rich in specimens of your landscapes and flowers
gutenberg-158	and has not Mrs
gutenberg-158	Weston some inimitable figure-pieces in her drawing-room, at Randalls
gutenberg-158	Well, if you give me such kind encouragement, Mr
gutenberg-158	Elton, I believe I shall try what I can do
gutenberg-158	Harriet’s features are very delicate, which makes a likeness difficult
gutenberg-158	Pray, pray attempt it
gutenberg-158	As you will do it, it will indeed, to use your own words, be an exquisite possession
gutenberg-158	But I am afraid, Mr
gutenberg-158	Elton, Harriet will not like to sit
gutenberg-158	She thinks so little of her own beauty
gutenberg-158	Did not you observe her manner of answering me
gutenberg-158	How completely it meant, ‘why should my picture be drawn
gutenberg-158	yes, I observed it, I assure you
gutenberg-158	It was not lost on me
gutenberg-158	But still I cannot imagine she would not be persuaded
gutenberg-158	No great variety of faces for you
gutenberg-158	I had only my own family to study from
gutenberg-158	neither of them very like therefore
gutenberg-158	Weston again, and again, and again, you see
gutenberg-158	always my kindest friend on every occasion
gutenberg-158	She would sit whenever I asked her
gutenberg-158	There is my sister
gutenberg-158	and really quite her own little elegant figure
gutenberg-158	and the face not unlike
gutenberg-158	Then, here come all my attempts at three of those four children
gutenberg-158	She was so eager to have them drawn that I could not refuse
gutenberg-158	but there is no making children of three or four years old stand still you know
gutenberg-158	Here is my sketch of the fourth, who was a baby
gutenberg-158	He had nestled down his head most conveniently
gutenberg-158	That’s very like
gutenberg-158	I am rather proud of little George
gutenberg-158	The corner of the sofa is very good
gutenberg-158	Then here is my last
gutenberg-158	my last and my best—my brother, Mr
gutenberg-158	I could not help being provoked
gutenberg-158	for after all my pains, and when I had really made a very good likeness of it—(Mrs
gutenberg-158	Yes, it was a little like—but to be sure it did not do him justice
gutenberg-158	We had had a great deal of trouble in persuading him to sit at all
gutenberg-158	It was made a great favour of
gutenberg-158	and altogether it was more than I could bear
gutenberg-158	and, as I said, I did then forswear ever drawing any body again
gutenberg-158	No husbands and wives in the case at present indeed, as you observe
gutenberg-158	No husbands and wives
gutenberg-158	If he would be so good as to read to them, it would be a kindness indeed
gutenberg-158	It would amuse away the difficulties of her part, and lessen the irksomeness of Miss Smith’s
gutenberg-158	We shall be most happy to consider you as one of the party
gutenberg-158	Miss Woodhouse has given her friend the only beauty she wanted
gutenberg-158	The expression of the eye is most correct, but Miss Smith has not those eyebrows and eyelashes
gutenberg-158	It is the fault of her face that she has them not
gutenberg-158	Do you think so
gutenberg-158	I cannot agree with you
gutenberg-158	It appears to me a most perfect resemblance in every feature
gutenberg-158	I never saw such a likeness in my life
gutenberg-158	We must allow for the effect of shade, you know
gutenberg-158	You have made her too tall, Emma
gutenberg-158	certainly not too tall
gutenberg-158	not in the least too tall
gutenberg-158	it gives one exactly the idea of such a height as Miss Smith’s
gutenberg-158	Exactly so indeed
gutenberg-158	It is very pretty
gutenberg-158	So prettily done
gutenberg-158	Just as your drawings always are, my dear
gutenberg-158	I do not know any body who draws so well as you do
gutenberg-158	But, my dear papa, it is supposed to be summer
gutenberg-158	a warm day in summer
gutenberg-158	Look at the tree
gutenberg-158	But it is never safe to sit out of doors, my dear
gutenberg-158	You, sir, may say any thing
gutenberg-158	and the tree is touched with such inimitable spirit
gutenberg-158	Any other situation would have been much less in character
gutenberg-158	The naïveté of Miss Smith’s manners—and altogether—Oh, it is most admirable
gutenberg-158	I cannot keep my eyes from it
gutenberg-158	I never saw such a likeness
gutenberg-158	Might he be trusted with the commission, what infinite pleasure should he have in executing it
gutenberg-158	he could ride to London at any time
gutenberg-158	It was impossible to say how much he should be gratified by being employed on such an errand
gutenberg-158	He was too good
gutenberg-158	she could not endure the thought
gutenberg-158	she would not give him such a troublesome office for the world
gutenberg-158	What a precious deposit
gutenberg-158	This man is almost too gallant to be in love
gutenberg-158	He is an excellent young man, and will suit Harriet exactly
gutenberg-158	it will be an ‘Exactly so,’ as he says himself
gutenberg-158	I come in for a pretty good share as a second
gutenberg-158	But it is his gratitude on Harriet’s account
gutenberg-158	Who could have thought it
gutenberg-158	She was so surprized she did not know what to do
gutenberg-158	Yes, quite a proposal of marriage
gutenberg-158	and a very good letter, at least she thought so
gutenberg-158	the young man is determined not to lose any thing for want of asking
gutenberg-158	He will connect himself well if he can
gutenberg-158	Will you read the letter
gutenberg-158	I’d rather you would
gutenberg-158	Is it a good letter
gutenberg-158	or is it too short
gutenberg-158	Yes, indeed, a very good letter
gutenberg-158	no, certainly, it is too strong and concise
gutenberg-158	not diffuse enough for a woman
gutenberg-158	It is so with some men
gutenberg-158	Yes, I understand the sort of mind
gutenberg-158	Vigorous, decided, with sentiments to a certain point, not coarse
gutenberg-158	A better written letter, Harriet (returning it,) than I had expected
gutenberg-158	well—and—and what shall I do
gutenberg-158	What shall you do
gutenberg-158	In what respect
gutenberg-158	Do you mean with regard to this letter
gutenberg-158	But what are you in doubt of
gutenberg-158	You must answer it of course—and speedily
gutenberg-158	But what shall I say
gutenberg-158	Dear Miss Woodhouse, do advise me
gutenberg-158	Oh no, no
gutenberg-158	the letter had much better be all your own
gutenberg-158	You will express yourself very properly, I am sure
gutenberg-158	There is no danger of your not being intelligible, which is the first thing
gutenberg-158	Your meaning must be unequivocal
gutenberg-158	You need not be prompted to write with the appearance of sorrow for his disappointment
gutenberg-158	You think I ought to refuse him then
gutenberg-158	Ought to refuse him
gutenberg-158	My dear Harriet, what do you mean
gutenberg-158	Are you in any doubt as to that
gutenberg-158	I thought—but I beg your pardon, perhaps I have been under a mistake
gutenberg-158	I certainly have been misunderstanding you, if you feel in doubt as to the _purport_ of your answer
gutenberg-158	I had imagined you were consulting me only as to the wording of it
gutenberg-158	You mean to return a favourable answer, I collect
gutenberg-158	No, I do not
gutenberg-158	that is, I do not mean—What shall I do
gutenberg-158	What would you advise me to do
gutenberg-158	Pray, dear Miss Woodhouse, tell me what I ought to do
gutenberg-158	I shall not give you any advice, Harriet
gutenberg-158	I will have nothing to do with it
gutenberg-158	This is a point which you must settle with your feelings
gutenberg-158	I had no notion that he liked me so very much
gutenberg-158	If she can hesitate as to ‘Yes,’ she ought to say ‘No’ directly
gutenberg-158	It is not a state to be safely entered into with doubtful feelings, with half a heart
gutenberg-158	I thought it my duty as a friend, and older than yourself, to say thus much to you
gutenberg-158	But do not imagine that I want to influence you
gutenberg-158	It will be safer to say ‘No,’ perhaps
gutenberg-158	Do you think I had better say ‘No
gutenberg-158	Not for the world
gutenberg-158	would I advise you either way
gutenberg-158	You must be the best judge of your own happiness
gutenberg-158	If you prefer Mr
gutenberg-158	Martin to every other person
gutenberg-158	You blush, Harriet
gutenberg-158	Does any body else occur to you at this moment under such a definition
gutenberg-158	Harriet, Harriet, do not deceive yourself
gutenberg-158	do not be run away with by gratitude and compassion
gutenberg-158	At this moment whom are you thinking of
gutenberg-158	and I have now quite determined, and really almost made up my mind—to refuse Mr
gutenberg-158	Do you think I am right
gutenberg-158	Perfectly, perfectly right, my dearest Harriet
gutenberg-158	you are doing just what you ought
gutenberg-158	Dear Harriet, I give myself joy of this
gutenberg-158	While you were in the smallest degree wavering, I said nothing about it, because I would not influence
gutenberg-158	but it would have been the loss of a friend to me
gutenberg-158	I could not have visited Mrs
gutenberg-158	Robert Martin, of Abbey-Mill Farm
gutenberg-158	Now I am secure of you for ever
gutenberg-158	You could not have visited me
gutenberg-158	No, to be sure you could not
gutenberg-158	but I never thought of that before
gutenberg-158	That would have been too dreadful
gutenberg-158	What an escape
gutenberg-158	Indeed, Harriet, it would have been a severe pang to lose you
gutenberg-158	but it must have been
gutenberg-158	You would have thrown yourself out of all good society
gutenberg-158	I must have given you up
gutenberg-158	How should I ever have borne it
gutenberg-158	It would have killed me never to come to Hartfield any more
gutenberg-158	Dear affectionate creature
gutenberg-158	You_ banished to Abbey-Mill Farm
gutenberg-158	You_ confined to the society of the illiterate and vulgar all your life
gutenberg-158	I wonder how the young man could have the assurance to ask it
gutenberg-158	He must have a pretty good opinion of himself
gutenberg-158	I do not think he is conceited either, in general
gutenberg-158	However, I do really think Mr
gutenberg-158	Martin a very amiable young man, and have a great opinion of him
gutenberg-158	Thank you, thank you, my own sweet little friend
gutenberg-158	We will not be parted
gutenberg-158	and it is but a short letter too
gutenberg-158	Nobody cares for a letter
gutenberg-158	the thing is, to be always happy with pleasant companions
gutenberg-158	I am quite determined to refuse him
gutenberg-158	But how shall I do
gutenberg-158	What shall I say
gutenberg-158	I shall never be invited to Abbey-Mill again
gutenberg-158	Nor, if you were, could I ever bear to part with you, my Harriet
gutenberg-158	You are a great deal too necessary at Hartfield to be spared to Abbey-Mill
gutenberg-158	And I am sure I should never want to go there
gutenberg-158	for I am never happy but at Hartfield
gutenberg-158	I think Mrs
gutenberg-158	Goddard would be very much surprized if she knew what had happened
gutenberg-158	One should be sorry to see greater pride or refinement in the teacher of a school, Harriet
gutenberg-158	I dare say Miss Nash would envy you such an opportunity as this of being married
gutenberg-158	Even this conquest would appear valuable in her eyes
gutenberg-158	As to any thing superior for you, I suppose she is quite in the dark
gutenberg-158	The attentions of a certain person can hardly be among the tittle-tattle of Highbury yet
gutenberg-158	Now he has got my letter
gutenberg-158	I wonder what they are all doing—whether his sisters know—if he is unhappy, they will be unhappy too
gutenberg-158	I hope he will not mind it so very much
gutenberg-158	Let us think of those among our absent friends who are more cheerfully employed
gutenberg-158	At this moment, perhaps, Mr
gutenberg-158	But he has left my picture in Bond-street
gutenberg-158	Has he so
gutenberg-158	Then I know nothing of Mr
gutenberg-158	It is his companion all this evening, his solace, his delight
gutenberg-158	How cheerful, how animated, how suspicious, how busy their imaginations all are
gutenberg-158	Well, I believe, if you will excuse me, Mr
gutenberg-158	As the sun is out, I believe I had better take my three turns while I can
gutenberg-158	I treat you without ceremony, Mr
gutenberg-158	We invalids think we are privileged people
gutenberg-158	My dear sir, do not make a stranger of me
gutenberg-158	I leave an excellent substitute in my daughter
gutenberg-158	Emma will be happy to entertain you
gutenberg-158	And therefore I think I will beg your excuse and take my three turns—my winter walk
gutenberg-158	You cannot do better, sir
gutenberg-158	I would ask for the pleasure of your company, Mr
gutenberg-158	Knightley, but I am a very slow walker, and my pace would be tedious to you
gutenberg-158	and, besides, you have another long walk before you, to Donwell Abbey
gutenberg-158	Thank you, sir, thank you
gutenberg-158	I am going this moment myself
gutenberg-158	and I think the sooner _you_ go the better
gutenberg-158	I will fetch your greatcoat and open the garden door for you
gutenberg-158	I cannot rate her beauty as you do
gutenberg-158	but she is a pretty little creature, and I am inclined to think very well of her disposition
gutenberg-158	Her character depends upon those she is with
gutenberg-158	but in good hands she will turn out a valuable woman
gutenberg-158	I am glad you think so
gutenberg-158	and the good hands, I hope, may not be wanting
gutenberg-158	you are anxious for a compliment, so I will tell you that you have improved her
gutenberg-158	You have cured her of her school-girl’s giggle
gutenberg-158	she really does you credit
gutenberg-158	I should be mortified indeed if I did not believe I had been of some use
gutenberg-158	but it is not every body who will bestow praise where they may
gutenberg-158	You_ do not often overpower me with it
gutenberg-158	You are expecting her again, you say, this morning
gutenberg-158	Almost every moment
gutenberg-158	She has been gone longer already than she intended
gutenberg-158	Something has happened to delay her
gutenberg-158	some visitors perhaps
gutenberg-158	Harriet may not consider every body tiresome that you would
gutenberg-158	of what sort
gutenberg-158	A very serious sort, I assure you
gutenberg-158	I can think of but one thing—Who is in love with her
gutenberg-158	Who makes you their confidant
gutenberg-158	I have reason to think
gutenberg-158	Her visit to Abbey-Mill, this summer, seems to have done his business
gutenberg-158	He is desperately in love and means to marry her
gutenberg-158	He is very obliging
gutenberg-158	but is he sure that Harriet means to marry him
gutenberg-158	Well, well, means to make her an offer then
gutenberg-158	Will that do
gutenberg-158	He came to the Abbey two evenings ago, on purpose to consult me about it
gutenberg-158	He came to ask me whether I thought it would be imprudent in him to settle so early
gutenberg-158	whether I thought her too young: in short, whether I approved his choice altogether
gutenberg-158	I was very much pleased with all that he said
gutenberg-158	I never hear better sense from any one than Robert Martin
gutenberg-158	He always speaks to the purpose
gutenberg-158	open, straightforward, and very well judging
gutenberg-158	He told me every thing
gutenberg-158	his circumstances and plans, and what they all proposed doing in the event of his marriage
gutenberg-158	He is an excellent young man, both as son and brother
gutenberg-158	I had no hesitation in advising him to marry
gutenberg-158	He proved to me that he could afford it
gutenberg-158	and that being the case, I was convinced he could not do better
gutenberg-158	I praised the fair lady too, and altogether sent him away very happy
gutenberg-158	If he had never esteemed my opinion before, he would have thought highly of me then
gutenberg-158	and, I dare say, left the house thinking me the best friend and counsellor man ever had
gutenberg-158	This happened the night before last
gutenberg-158	and she may be detained by a visitor, without thinking him at all a tiresome wretch
gutenberg-158	how do you know that Mr
gutenberg-158	Martin did not speak yesterday
gutenberg-158	I do not absolutely know it
gutenberg-158	but it may be inferred
gutenberg-158	Was not she the whole day with you
gutenberg-158	I will tell you something, in return for what you have told me
gutenberg-158	He did speak yesterday—that is, he wrote, and was refused
gutenberg-158	Then she is a greater simpleton than I ever believed her
gutenberg-158	What is the foolish girl about
gutenberg-158	it is always incomprehensible to a man that a woman should ever refuse an offer of marriage
gutenberg-158	A man always imagines a woman to be ready for any body who asks her
gutenberg-158	a man does not imagine any such thing
gutenberg-158	But what is the meaning of this
gutenberg-158	Harriet Smith refuse Robert Martin
gutenberg-158	madness, if it is so
gutenberg-158	but I hope you are mistaken
gutenberg-158	I saw her answer
gutenberg-158	nothing could be clearer
gutenberg-158	You saw her answer
gutenberg-158	you wrote her answer too
gutenberg-1661	Wedlock suits you
gutenberg-1661	I think, Watson, that you have put on seven and a half pounds since I saw you
gutenberg-1661	Indeed, I should have thought a little more
gutenberg-1661	Just a trifle more, I fancy, Watson
gutenberg-1661	And in practice again, I observe
gutenberg-1661	You did not tell me that you intended to go into harness
gutenberg-1661	Then, how do you know
gutenberg-1661	I see it, I deduce it
gutenberg-1661	My dear Holmes
gutenberg-1661	this is too much
gutenberg-1661	You would certainly have been burned, had you lived a few centuries ago
gutenberg-1661	It is simplicity itself
gutenberg-1661	When I hear you give your reasons
gutenberg-1661	And yet I believe that my eyes are as good as yours
gutenberg-1661	You see, but you do not observe
gutenberg-1661	The distinction is clear
gutenberg-1661	For example, you have frequently seen the steps which lead up from the hall to this room
gutenberg-1661	Well, some hundreds of times
gutenberg-1661	Then how many are there
gutenberg-1661	You have not observed
gutenberg-1661	And yet you have seen
gutenberg-1661	That is just my point
gutenberg-1661	Now, I know that there are seventeen steps, because I have both seen and observed
gutenberg-1661	It came by the last post
gutenberg-1661	Read it aloud
gutenberg-1661	There will call upon you to-night, at a quarter to eight o’clock
gutenberg-1661	a gentleman who desires to consult you upon a matter of the very deepest moment
gutenberg-1661	This account of you we have from all quarters received
gutenberg-1661	This is indeed a mystery
gutenberg-1661	What do you imagine that it means
gutenberg-1661	I have no data yet
gutenberg-1661	It is a capital mistake to theorise before one has data
gutenberg-1661	Insensibly one begins to twist facts to suit theories, instead of theories to suit facts
gutenberg-1661	But the note itself
gutenberg-1661	What do you deduce from it
gutenberg-1661	The man who wrote it was presumably well to do
gutenberg-1661	Such paper could not be bought under half a crown a packet
gutenberg-1661	It is peculiarly strong and stiff
gutenberg-1661	Peculiar—that is the very word
gutenberg-1661	It is not an English paper at all
gutenberg-1661	Hold it up to the light
gutenberg-1661	What do you make of that
gutenberg-1661	The name of the maker, no doubt
gutenberg-1661	or his monogram, rather
gutenberg-1661	The ‘G’ with the small ‘t’ stands for ‘Gesellschaft,’ which is the German for ‘Company
gutenberg-1661	It is a customary contraction like our ‘Co
gutenberg-1661	P,’ of course, stands for ‘Papier
gutenberg-1661	Now for the ‘Eg
gutenberg-1661	Let us glance at our Continental Gazetteer
gutenberg-1661	Eglow, Eglonitz—here we are, Egria
gutenberg-1661	It is in a German-speaking country—in Bohemia, not far from Carlsbad
gutenberg-1661	Remarkable as being the scene of the death of Wallenstein, and for its numerous glass-factories and paper-mills
gutenberg-1661	Ha, ha, my boy, what do you make of that
gutenberg-1661	The paper was made in Bohemia
gutenberg-1661	And the man who wrote the note is a German
gutenberg-1661	Do you note the peculiar construction of the sentence—‘This account of you we have from all quarters received
gutenberg-1661	A Frenchman or Russian could not have written that
gutenberg-1661	It is the German who is so uncourteous to his verbs
gutenberg-1661	And here he comes, if I am not mistaken, to resolve all our doubts
gutenberg-1661	A pair, by the sound
gutenberg-1661	A nice little brougham and a pair of beauties
gutenberg-1661	A hundred and fifty guineas apiece
gutenberg-1661	There’s money in this case, Watson, if there is nothing else
gutenberg-1661	I think that I had better go, Holmes
gutenberg-1661	Not a bit, Doctor
gutenberg-1661	I am lost without my Boswell
gutenberg-1661	And this promises to be interesting
gutenberg-1661	It would be a pity to miss it
gutenberg-1661	But your client
gutenberg-1661	Never mind him
gutenberg-1661	I may want your help, and so may he
gutenberg-1661	Here he comes
gutenberg-1661	Sit down in that armchair, Doctor, and give us your best attention
gutenberg-1661	You had my note
gutenberg-1661	I told you that I would call
gutenberg-1661	Pray take a seat
gutenberg-1661	This is my friend and colleague, Dr
gutenberg-1661	Watson, who is occasionally good enough to help me in my cases
gutenberg-1661	Whom have I the honour to address
gutenberg-1661	You may address me as the Count Von Kramm, a Bohemian nobleman
gutenberg-1661	If not, I should much prefer to communicate with you alone
gutenberg-1661	It is both, or none
gutenberg-1661	You may say before this gentleman anything which you may say to me
gutenberg-1661	Then I must begin
gutenberg-1661	by binding you both to absolute secrecy for two years
gutenberg-1661	at the end of that time the matter will be of no importance
gutenberg-1661	You will excuse this mask
gutenberg-1661	I was aware of it
gutenberg-1661	To speak plainly, the matter implicates the great House of Ormstein, hereditary kings of Bohemia
gutenberg-1661	I was also aware of that
gutenberg-1661	If your Majesty would condescend to state your case
gutenberg-1661	I should be better able to advise you
gutenberg-1661	You are right
gutenberg-1661	I am the King
gutenberg-1661	Why should I attempt to conceal it
gutenberg-1661	But you can understand
gutenberg-1661	you can understand that I am not accustomed to doing such business in my own person
gutenberg-1661	I have come _incognito_ from Prague for the purpose of consulting you
gutenberg-1661	Then, pray consult
gutenberg-1661	The name is no doubt familiar to you
gutenberg-1661	Kindly look her up in my index, Doctor
gutenberg-1661	Let me see
gutenberg-1661	Born in New Jersey in the year 1858
gutenberg-1661	La Scala, hum
gutenberg-1661	Prima donna Imperial Opera of Warsaw—yes
gutenberg-1661	Retired from operatic stage—ha
gutenberg-1661	Living in London—quite so
gutenberg-1661	Was there a secret marriage
gutenberg-1661	No legal papers or certificates
gutenberg-1661	Then I fail to follow your Majesty
gutenberg-1661	There is the writing
gutenberg-1661	My private note-paper
gutenberg-1661	My own seal
gutenberg-1661	We were both in the photograph
gutenberg-1661	That is very bad
gutenberg-1661	Your Majesty has indeed committed an indiscretion
gutenberg-1661	I was mad—insane
gutenberg-1661	You have compromised yourself seriously
gutenberg-1661	I was only Crown Prince then
gutenberg-1661	I was young
gutenberg-1661	I am but thirty now
gutenberg-1661	It must be recovered
gutenberg-1661	We have tried and failed
gutenberg-1661	Your Majesty must pay
gutenberg-1661	It must be bought
gutenberg-1661	She will not sell
gutenberg-1661	Five attempts have been made
gutenberg-1661	Twice burglars in my pay ransacked her house
gutenberg-1661	Once we diverted her luggage when she travelled
gutenberg-1661	Twice she has been waylaid
gutenberg-1661	There has been no result
gutenberg-1661	No sign of it
gutenberg-1661	It is quite a pretty little problem
gutenberg-1661	But a very serious one to me
gutenberg-1661	And what does she propose to do with the photograph
gutenberg-1661	To ruin me
gutenberg-1661	I am about to be married
gutenberg-1661	So I have heard
gutenberg-1661	To Clotilde Lothman von Saxe-Meningen, second daughter of the King of Scandinavia
gutenberg-1661	You may know the strict principles of her family
gutenberg-1661	She is herself the very soul of delicacy
gutenberg-1661	A shadow of a doubt as to my conduct would bring the matter to an end
gutenberg-1661	And Irene Adler
gutenberg-1661	Threatens to send them the photograph
gutenberg-1661	And she will do it
gutenberg-1661	I know that she will do it
gutenberg-1661	You do not know her, but she has a soul of steel
gutenberg-1661	Rather than I should marry another woman, there are no lengths to which she would not go—none
gutenberg-1661	You are sure that she has not sent it yet
gutenberg-1661	Because she has said that she would send it on the day when the betrothal was publicly proclaimed
gutenberg-1661	That will be next Monday
gutenberg-1661	Oh, then we have three days yet
gutenberg-1661	Your Majesty will, of course, stay in London for the present
gutenberg-1661	You will find me at the Langham under the name of the Count Von Kramm
gutenberg-1661	Then I shall drop you a line to let you know how we progress
gutenberg-1661	Pray do so
gutenberg-1661	I shall be all anxiety
gutenberg-1661	Then, as to money
gutenberg-1661	You have _carte blanche
gutenberg-1661	I tell you that I would give one of the provinces of my kingdom to have that photograph
gutenberg-1661	And for present expenses
gutenberg-1661	There are three hundred pounds in gold and seven hundred in notes
gutenberg-1661	And Mademoiselle’s address
gutenberg-1661	Is Briony Lodge, Serpentine Avenue, St
gutenberg-1661	One other question
gutenberg-1661	Was the photograph a cabinet
gutenberg-1661	Then, good-night, your Majesty, and I trust that we shall soon have some good news for you
gutenberg-1661	And good-night, Watson
gutenberg-1661	What is it
gutenberg-1661	It’s quite too funny
gutenberg-1661	I am sure you could never guess how I employed my morning, or what I ended by doing
gutenberg-1661	I can’t imagine
gutenberg-1661	I suppose that you have been watching the habits, and perhaps the house, of Miss Irene Adler
gutenberg-1661	but the sequel was rather unusual
gutenberg-1661	I will tell you, however
gutenberg-1661	There is a wonderful sympathy and freemasonry among horsey men
gutenberg-1661	Be one of them, and you will know all that there is to know
gutenberg-1661	I soon found Briony Lodge
gutenberg-1661	Chubb lock to the door
gutenberg-1661	And what of Irene Adler
gutenberg-1661	Oh, she has turned all the men’s heads down in that part
gutenberg-1661	She is the daintiest thing under a bonnet on this planet
gutenberg-1661	So say the Serpentine-mews, to a man
gutenberg-1661	Seldom goes out at other times, except when she sings
gutenberg-1661	Has only one male visitor, but a good deal of him
gutenberg-1661	He is dark, handsome, and dashing, never calls less than once a day, and often twice
gutenberg-1661	He is a Mr
gutenberg-1661	Godfrey Norton, of the Inner Temple
gutenberg-1661	See the advantages of a cabman as a confidant
gutenberg-1661	They had driven him home a dozen times from Serpentine-mews, and knew all about him
gutenberg-1661	This Godfrey Norton was evidently an important factor in the matter
gutenberg-1661	He was a lawyer
gutenberg-1661	That sounded ominous
gutenberg-1661	What was the relation between them, and what the object of his repeated visits
gutenberg-1661	Was she his client, his friend, or his mistress
gutenberg-1661	If the former, she had probably transferred the photograph to his keeping
gutenberg-1661	If the latter, it was less likely
gutenberg-1661	It was a delicate point, and it widened the field of my inquiry
gutenberg-1661	I am following you closely
gutenberg-1661	He was a remarkably handsome man, dark, aquiline, and moustached—evidently the man of whom I had heard
gutenberg-1661	Of her I could see nothing
gutenberg-1661	Presently he emerged, looking even more flurried than before
gutenberg-1661	Monica in the Edgeware Road
gutenberg-1661	Half a guinea if you do it in twenty minutes
gutenberg-1661	It hadn’t pulled up before she shot out of the hall door and into it
gutenberg-1661	The Church of St
gutenberg-1661	Monica, John,’ she cried, ‘and half a sovereign if you reach it in twenty minutes
gutenberg-1661	This was quite too good to lose, Watson
gutenberg-1661	The driver looked twice at such a shabby fare, but I jumped in before he could object
gutenberg-1661	Monica,’ said I, ‘and half a sovereign if you reach it in twenty minutes
gutenberg-1661	It was twenty-five minutes to twelve, and of course it was clear enough what was in the wind
gutenberg-1661	My cabby drove fast
gutenberg-1661	I don’t think I ever drove faster, but the others were there before us
gutenberg-1661	The cab and the landau with their steaming horses were in front of the door when I arrived
gutenberg-1661	I paid the man and hurried into the church
gutenberg-1661	They were all three standing in a knot in front of the altar
gutenberg-1661	I lounged up the side aisle like any other idler who has dropped into a church
gutenberg-1661	Thank God,’ he cried
gutenberg-1661	Come, man, come, only three minutes, or it won’t be legal
gutenberg-1661	This is a very unexpected turn of affairs
gutenberg-1661	and what then
gutenberg-1661	Well, I found my plans very seriously menaced
gutenberg-1661	I shall drive out in the park at five as usual,’ she said as she left him
gutenberg-1661	I heard no more
gutenberg-1661	They drove away in different directions, and I went off to make my own arrangements
gutenberg-1661	Some cold beef and a glass of beer
gutenberg-1661	By the way, Doctor, I shall want your co-operation
gutenberg-1661	I shall be delighted
gutenberg-1661	You don’t mind breaking the law
gutenberg-1661	Not in the least
gutenberg-1661	Nor running a chance of arrest
gutenberg-1661	Not in a good cause
gutenberg-1661	Oh, the cause is excellent
gutenberg-1661	Then I am your man
gutenberg-1661	I was sure that I might rely on you
gutenberg-1661	But what is it you wish
gutenberg-1661	Turner has brought in the tray I will make it clear to you
gutenberg-1661	I must discuss it while I eat, for I have not much time
gutenberg-1661	It is nearly five now
gutenberg-1661	In two hours we must be on the scene of action
gutenberg-1661	Miss Irene, or Madame, rather, returns from her drive at seven
gutenberg-1661	We must be at Briony Lodge to meet her
gutenberg-1661	You must leave that to me
gutenberg-1661	I have already arranged what is to occur
gutenberg-1661	There is only one point on which I must insist
gutenberg-1661	You must not interfere, come what may
gutenberg-1661	I am to be neutral
gutenberg-1661	To do nothing whatever
gutenberg-1661	There will probably be some small unpleasantness
gutenberg-1661	Do not join in it
gutenberg-1661	It will end in my being conveyed into the house
gutenberg-1661	Four or five minutes afterwards the sitting-room window will open
gutenberg-1661	You are to station yourself close to that open window
gutenberg-1661	You are to watch me, for I will be visible to you
gutenberg-1661	You quite follow me
gutenberg-1661	It is nothing very formidable
gutenberg-1661	It is an ordinary plumber’s smoke-rocket, fitted with a cap at either end to make it self-lighting
gutenberg-1661	Your task is confined to that
gutenberg-1661	When you raise your cry of fire, it will be taken up by quite a number of people
gutenberg-1661	You may then walk to the end of the street, and I will rejoin you in ten minutes
gutenberg-1661	I hope that I have made myself clear
gutenberg-1661	Then you may entirely rely on me
gutenberg-1661	That is excellent
gutenberg-1661	I think, perhaps, it is almost time that I prepare for the new role I have to play
gutenberg-1661	this marriage rather simplifies matters
gutenberg-1661	The photograph becomes a double-edged weapon now
gutenberg-1661	The chances are that she would be as averse to its being seen by Mr
gutenberg-1661	Godfrey Norton, as our client is to its coming to the eyes of his princess
gutenberg-1661	Now the question is, Where are we to find the photograph
gutenberg-1661	It is most unlikely that she carries it about with her
gutenberg-1661	It is cabinet size
gutenberg-1661	Too large for easy concealment about a woman’s dress
gutenberg-1661	She knows that the King is capable of having her waylaid and searched
gutenberg-1661	Two attempts of the sort have already been made
gutenberg-1661	We may take it, then, that she does not carry it about with her
gutenberg-1661	Her banker or her lawyer
gutenberg-1661	There is that double possibility
gutenberg-1661	But I am inclined to think neither
gutenberg-1661	Women are naturally secretive, and they like to do their own secreting
gutenberg-1661	Why should she hand it over to anyone else
gutenberg-1661	Besides, remember that she had resolved to use it within a few days
gutenberg-1661	It must be where she can lay her hands upon it
gutenberg-1661	It must be in her own house
gutenberg-1661	But it has twice been burgled
gutenberg-1661	They did not know how to look
gutenberg-1661	But how will you look
gutenberg-1661	I will not look
gutenberg-1661	I will get her to show me
gutenberg-1661	But she will refuse
gutenberg-1661	She will not be able to
gutenberg-1661	But I hear the rumble of wheels
gutenberg-1661	It is her carriage
gutenberg-1661	Now carry out my orders to the letter
gutenberg-1661	Is the poor gentleman much hurt
gutenberg-1661	He is dead
gutenberg-1661	No, no, there’s life in him
gutenberg-1661	But he’ll be gone before you can get him to hospital
gutenberg-1661	He’s a brave fellow
gutenberg-1661	They would have had the lady’s purse and watch if it hadn’t been for him
gutenberg-1661	They were a gang, and a rough one, too
gutenberg-1661	Ah, he’s breathing now
gutenberg-1661	He can’t lie in the street
gutenberg-1661	May we bring him in, marm
gutenberg-1661	Bring him into the sitting-room
gutenberg-1661	There is a comfortable sofa
gutenberg-1661	This way, please
gutenberg-1661	You did it very nicely, Doctor
gutenberg-1661	Nothing could have been better
gutenberg-1661	It is all right
gutenberg-1661	You have the photograph
gutenberg-1661	I know where it is
gutenberg-1661	And how did you find out
gutenberg-1661	She showed me, as I told you she would
gutenberg-1661	I am still in the dark
gutenberg-1661	I do not wish to make a mystery
gutenberg-1661	The matter was perfectly simple
gutenberg-1661	You, of course, saw that everyone in the street was an accomplice
gutenberg-1661	They were all engaged for the evening
gutenberg-1661	I guessed as much
gutenberg-1661	I rushed forward, fell down, clapped my hand to my face, and became a piteous spectacle
gutenberg-1661	It is an old trick
gutenberg-1661	That also I could fathom
gutenberg-1661	Then they carried me in
gutenberg-1661	She was bound to have me in
gutenberg-1661	What else could she do
gutenberg-1661	And into her sitting-room, which was the very room which I suspected
gutenberg-1661	It lay between that and her bedroom, and I was determined to see which
gutenberg-1661	How did that help you
gutenberg-1661	It was all-important
gutenberg-1661	It is a perfectly overpowering impulse, and I have more than once taken advantage of it
gutenberg-1661	A married woman grabs at her baby
gutenberg-1661	an unmarried one reaches for her jewel-box
gutenberg-1661	She would rush to secure it
gutenberg-1661	The alarm of fire was admirably done
gutenberg-1661	The smoke and shouting were enough to shake nerves of steel
gutenberg-1661	She responded beautifully
gutenberg-1661	The photograph is in a recess behind a sliding panel just above the right bell-pull
gutenberg-1661	I rose, and, making my excuses, escaped from the house
gutenberg-1661	I hesitated whether to attempt to secure the photograph at once
gutenberg-1661	but the coachman had come in, and as he was watching me narrowly, it seemed safer to wait
gutenberg-1661	A little over-precipitance may ruin all
gutenberg-1661	Our quest is practically finished
gutenberg-1661	I shall call with the King to-morrow, and with you, if you care to come with us
gutenberg-1661	It might be a satisfaction to his Majesty to regain it with his own hands
gutenberg-1661	And when will you call
gutenberg-1661	At eight in the morning
gutenberg-1661	She will not be up, so that we shall have a clear field
gutenberg-1661	Besides, we must be prompt, for this marriage may mean a complete change in her life and habits
gutenberg-1661	I must wire to the King without delay
gutenberg-1661	Good-night, Mister Sherlock Holmes
gutenberg-1661	I’ve heard that voice before
gutenberg-1661	Now, I wonder who the deuce that could have been
gutenberg-1661	You have really got it
gutenberg-1661	But you have hopes
gutenberg-1661	I have hopes
gutenberg-1661	I am all impatience to be gone
gutenberg-1661	We must have a cab
gutenberg-1661	No, my brougham is waiting
gutenberg-1661	Then that will simplify matters
gutenberg-1661	Irene Adler is married
gutenberg-1661	But to whom
gutenberg-1661	To an English lawyer named Norton
gutenberg-1661	But she could not love him
gutenberg-1661	I am in hopes that she does
gutenberg-1661	And why in hopes
gutenberg-1661	Because it would spare your Majesty all fear of future annoyance
gutenberg-1661	If the lady loves her husband, she does not love your Majesty
gutenberg-1661	It is true
gutenberg-1661	I wish she had been of my own station
gutenberg-1661	What a queen she would have made
gutenberg-1661	Sherlock Holmes, I believe
gutenberg-1661	I am Mr
gutenberg-1661	My mistress told me that you were likely to call
gutenberg-1661	She left this morning with her husband by the 5:15 train from Charing Cross for the Continent
gutenberg-1661	Do you mean that she has left England
gutenberg-1661	Never to return
gutenberg-1661	And the papers
gutenberg-1661	All is lost
gutenberg-1661	We shall see
gutenberg-1661	Sherlock Holmes, Esq
gutenberg-1661	To be left till called for
gutenberg-1661	SHERLOCK HOLMES,—You really did it very well
gutenberg-1661	You took me in completely
gutenberg-1661	Until after the alarm of fire, I had not a suspicion
gutenberg-1661	But then, when I found how I had betrayed myself, I began to think
gutenberg-1661	I had been warned against you months ago
gutenberg-1661	I had been told that, if the King employed an agent, it would certainly be you
gutenberg-1661	And your address had been given me
gutenberg-1661	Yet, with all this, you made me reveal what you wanted to know
gutenberg-1661	But, you know, I have been trained as an actress myself
gutenberg-1661	Male costume is nothing new to me
gutenberg-1661	I often take advantage of the freedom which it gives
gutenberg-1661	Then I, rather imprudently, wished you good-night, and started for the Temple to see my husband
gutenberg-1661	We both thought the best resource was flight, when pursued by so formidable an antagonist
gutenberg-1661	so you will find the nest empty when you call to-morrow
gutenberg-1661	As to the photograph, your client may rest in peace
gutenberg-1661	I love and am loved by a better man than he
gutenberg-1661	The King may do what he will without hindrance from one whom he has cruelly wronged
gutenberg-1661	I leave a photograph which he might care to possess
gutenberg-1661	and I remain, dear Mr
gutenberg-1661	Sherlock Holmes, “Very truly yours, “IRENE NORTON, _née_ ADLER
gutenberg-1661	What a woman—oh, what a woman
gutenberg-1661	Did I not tell you how quick and resolute she was
gutenberg-1661	Would she not have made an admirable queen
gutenberg-1661	Is it not a pity that she was not on my level
gutenberg-1661	On the contrary, my dear sir
gutenberg-1661	nothing could be more successful
gutenberg-1661	I know that her word is inviolate
gutenberg-1661	The photograph is now as safe as if it were in the fire
gutenberg-1661	I am glad to hear your Majesty say so
gutenberg-1661	I am immensely indebted to you
gutenberg-1661	Pray tell me in what way I can reward you
gutenberg-1661	Your Majesty has something which I should value even more highly
gutenberg-1661	You have but to name it
gutenberg-1661	Certainly, if you wish it
gutenberg-1661	I thank your Majesty
gutenberg-1661	Then there is no more to be done in the matter
gutenberg-1661	I have the honour to wish you a very good morning
gutenberg-1661	You could not possibly have come at a better time, my dear Watson
gutenberg-1661	I was afraid that you were engaged
gutenberg-1661	So I am
gutenberg-1661	Very much so
gutenberg-1661	Then I can wait in the next room
gutenberg-1661	This gentleman, Mr
gutenberg-1661	Try the settee
gutenberg-1661	Your cases have indeed been of the greatest interest to me
gutenberg-1661	A proposition which I took the liberty of doubting
gutenberg-1661	Wilson, you would have the great kindness to recommence your narrative
gutenberg-1661	I ask you not merely because my friend Dr
gutenberg-1661	How, in the name of good-fortune, did you know all that, Mr
gutenberg-1661	How did you know, for example, that I did manual labour
gutenberg-1661	It’s as true as gospel, for I began as a ship’s carpenter
gutenberg-1661	Your hands, my dear sir
gutenberg-1661	Your right hand is quite a size larger than your left
gutenberg-1661	You have worked with it, and the muscles are more developed
gutenberg-1661	Well, the snuff, then, and the Freemasonry
gutenberg-1661	Ah, of course, I forgot that
gutenberg-1661	But the writing
gutenberg-1661	Well, but China
gutenberg-1661	The fish that you have tattooed immediately above your right wrist could only have been done in China
gutenberg-1661	That trick of staining the fishes’ scales of a delicate pink is quite peculiar to China
gutenberg-1661	When, in addition, I see a Chinese coin hanging from your watch-chain, the matter becomes even more simple
gutenberg-1661	Well, I never
gutenberg-1661	I begin to think, Watson
gutenberg-1661	that I make a mistake in explaining
gutenberg-1661	Can you not find the advertisement, Mr
gutenberg-1661	Yes, I have got it now
gutenberg-1661	Here it is
gutenberg-1661	This is what began it all
gutenberg-1661	You just read it for yourself, sir
gutenberg-1661	TO THE RED-HEADED LEAGUE: On account of the bequest of the late Ezekiah Hopkins, of Lebanon, Pennsylvania, U
gutenberg-1661	What on earth does this mean
gutenberg-1661	It is a little off the beaten track, isn’t it
gutenberg-1661	And now, Mr
gutenberg-1661	You will first make a note, Doctor, of the paper and the date
gutenberg-1661	It is _The Morning Chronicle_ of April 27, 1890
gutenberg-1661	Just two months ago
gutenberg-1661	Well, it is just as I have been telling you, Mr
gutenberg-1661	I have a small pawnbroker’s business at Coburg Square, near the City
gutenberg-1661	I used to be able to keep two assistants, but now I only keep one
gutenberg-1661	What is the name of this obliging youth
gutenberg-1661	His name is Vincent Spaulding, and he’s not such a youth, either
gutenberg-1661	It’s hard to say his age
gutenberg-1661	I should not wish a smarter assistant, Mr
gutenberg-1661	But, after all, if he is satisfied, why should I put ideas in his head
gutenberg-1661	You seem most fortunate in having an _employé_ who comes under the full market price
gutenberg-1661	It is not a common experience among employers in this age
gutenberg-1661	I don’t know that your assistant is not as remarkable as your advertisement
gutenberg-1661	Oh, he has his faults, too
gutenberg-1661	Never was such a fellow for photography
gutenberg-1661	That is his main fault, but on the whole he’s a good worker
gutenberg-1661	There’s no vice in him
gutenberg-1661	He is still with you, I presume
gutenberg-1661	We live very quietly, sir, the three of us
gutenberg-1661	and we keep a roof over our heads and pay our debts, if we do nothing more
gutenberg-1661	The first thing that put us out was that advertisement
gutenberg-1661	Wilson, that I was a red-headed man
gutenberg-1661	Why,’ says he, ‘here’s another vacancy on the League of the Red-headed Men
gutenberg-1661	Why, what is it, then
gutenberg-1661	You see, Mr
gutenberg-1661	Have you never heard of the League of the Red-headed Men
gutenberg-1661	he asked with his eyes open
gutenberg-1661	Why, I wonder at that, for you are eligible yourself for one of the vacancies
gutenberg-1661	And what are they worth
gutenberg-1661	Tell me all about it,’ said I
gutenberg-1661	He was himself red-headed, and he had a great sympathy for all red-headed men
gutenberg-1661	From all I hear it is splendid pay and very little to do
gutenberg-1661	But,’ said I, ‘there would be millions of red-headed men who would apply
gutenberg-1661	Not so many as you might think,’ he answered
gutenberg-1661	You see it is really confined to Londoners, and to grown men
gutenberg-1661	Now, if you cared to apply, Mr
gutenberg-1661	Wilson, you would just walk in
gutenberg-1661	I never hope to see such a sight as that again, Mr
gutenberg-1661	Fleet Street was choked with red-headed folk, and Pope’s Court looked like a coster’s orange barrow
gutenberg-1661	Every shade of colour they were—straw, lemon, orange, brick, Irish-setter, liver, clay
gutenberg-1661	but, as Spaulding said, there were not many who had the real vivid flame-coloured tint
gutenberg-1661	When I saw how many were waiting, I would have given it up in despair
gutenberg-1661	but Spaulding would not hear of it
gutenberg-1661	There was a double stream upon the stair, some going up in hope, and some coming back dejected
gutenberg-1661	but we wedged in as well as we could and soon found ourselves in the office
gutenberg-1661	Your experience has been a most entertaining one
gutenberg-1661	Pray continue your very interesting statement
gutenberg-1661	Getting a vacancy did not seem to be such a very easy matter, after all
gutenberg-1661	This is Mr
gutenberg-1661	Jabez Wilson,’ said my assistant, ‘and he is willing to fill a vacancy in the League
gutenberg-1661	And he is admirably suited for it,’ the other answered
gutenberg-1661	He has every requirement
gutenberg-1661	I cannot recall when I have seen anything so fine
gutenberg-1661	Then suddenly he plunged forward, wrung my hand, and congratulated me warmly on my success
gutenberg-1661	It would be injustice to hesitate,’ said he
gutenberg-1661	You will, however, I am sure, excuse me for taking an obvious precaution
gutenberg-1661	With that he seized my hair in both his hands, and tugged until I yelled with the pain
gutenberg-1661	There is water in your eyes,’ said he as he released me
gutenberg-1661	I perceive that all is as it should be
gutenberg-1661	But we have to be careful, for we have twice been deceived by wigs and once by paint
gutenberg-1661	I could tell you tales of cobbler’s wax which would disgust you with human nature
gutenberg-1661	My name,’ said he, ‘is Mr
gutenberg-1661	Duncan Ross, and I am myself one of the pensioners upon the fund left by our noble benefactor
gutenberg-1661	Are you a married man, Mr
gutenberg-1661	Have you a family
gutenberg-1661	I answered that I had not
gutenberg-1661	His face fell immediately
gutenberg-1661	he said gravely, ‘that is very serious indeed
gutenberg-1661	I am sorry to hear you say that
gutenberg-1661	It is exceedingly unfortunate that you should be a bachelor
gutenberg-1661	My face lengthened at this, Mr
gutenberg-1661	Holmes, for I thought that I was not to have the vacancy after all
gutenberg-1661	but after thinking it over for a few minutes he said that it would be all right
gutenberg-1661	When shall you be able to enter upon your new duties
gutenberg-1661	Well, it is a little awkward, for I have a business already,’ said I
gutenberg-1661	Oh, never mind about that, Mr
gutenberg-1661	said Vincent Spaulding
gutenberg-1661	I should be able to look after that for you
gutenberg-1661	What would be the hours
gutenberg-1661	Ten to two
gutenberg-1661	Now a pawnbroker’s business is mostly done of an evening, Mr
gutenberg-1661	Holmes, especially Thursday and Friday evening, which is just before pay-day
gutenberg-1661	so it would suit me very well to earn a little in the mornings
gutenberg-1661	That would suit me very well,’ said I
gutenberg-1661	And the pay
gutenberg-1661	Is £ 4 a week
gutenberg-1661	And the work
gutenberg-1661	Is purely nominal
gutenberg-1661	What do you call purely nominal
gutenberg-1661	Well, you have to be in the office, or at least in the building, the whole time
gutenberg-1661	If you leave, you forfeit your whole position forever
gutenberg-1661	The will is very clear upon that point
gutenberg-1661	You don’t comply with the conditions if you budge from the office during that time
gutenberg-1661	It’s only four hours a day, and I should not think of leaving,’ said I
gutenberg-1661	No excuse will avail,’ said Mr
gutenberg-1661	neither sickness nor business nor anything else
gutenberg-1661	There you must stay, or you lose your billet
gutenberg-1661	Is to copy out the _Encyclopædia Britannica
gutenberg-1661	There is the first volume of it in that press
gutenberg-1661	You must find your own ink, pens, and blotting-paper, but we provide this table and chair
gutenberg-1661	Will you be ready to-morrow
gutenberg-1661	Certainly,’ I answered
gutenberg-1661	Then, good-bye, Mr
gutenberg-1661	Well, I thought over the matter all day, and by evening I was in low spirits again
gutenberg-1661	Well, to my surprise and delight, everything was as right as possible
gutenberg-1661	The table was set out ready for me, and Mr
gutenberg-1661	Duncan Ross was there to see that I got fairly to work
gutenberg-1661	He started me off upon the letter A, and then he left me
gutenberg-1661	but he would drop in from time to time to see that all was right with me
gutenberg-1661	This went on day after day, Mr
gutenberg-1661	Holmes, and on Saturday the manager came in and planked down four golden sovereigns for my week’s work
gutenberg-1661	It was the same next week, and the same the week after
gutenberg-1661	Every morning I was there at ten, and every afternoon I left at two
gutenberg-1661	By degrees Mr
gutenberg-1661	It cost me something in foolscap, and I had pretty nearly filled a shelf with my writings
gutenberg-1661	And then suddenly the whole business came to an end
gutenberg-1661	To an end
gutenberg-1661	And no later than this morning
gutenberg-1661	Here it is, and you can read for yourself
gutenberg-1661	THE RED-HEADED LEAGUE IS DISSOLVED
gutenberg-1661	October 9, 1890
gutenberg-1661	I cannot see that there is anything very funny
gutenberg-1661	If you can do nothing better than laugh at me, I can go elsewhere
gutenberg-1661	I really wouldn’t miss your case for the world
gutenberg-1661	It is most refreshingly unusual
gutenberg-1661	But there is, if you will excuse my saying so, something just a little funny about it
gutenberg-1661	Pray what steps did you take when you found the card upon the door
gutenberg-1661	I was staggered, sir
gutenberg-1661	I did not know what to do
gutenberg-1661	Then I called at the offices round, but none of them seemed to know anything about it
gutenberg-1661	He said that he had never heard of any such body
gutenberg-1661	Then I asked him who Mr
gutenberg-1661	Duncan Ross was
gutenberg-1661	He answered that the name was new to him
gutenberg-1661	Well,’ said I, ‘the gentleman at No
gutenberg-1661	What, the red-headed man
gutenberg-1661	Oh,’ said he, ‘his name was William Morris
gutenberg-1661	He moved out yesterday
gutenberg-1661	Where could I find him
gutenberg-1661	Oh, at his new offices
gutenberg-1661	He did tell me the address
gutenberg-1661	Yes, 17 King Edward Street, near St
gutenberg-1661	I started off, Mr
gutenberg-1661	William Morris or Mr
gutenberg-1661	And what did you do then
gutenberg-1661	I went home to Saxe-Coburg Square, and I took the advice of my assistant
gutenberg-1661	But he could not help me in any way
gutenberg-1661	He could only say that if I waited I should hear by post
gutenberg-1661	But that was not quite good enough, Mr
gutenberg-1661	And you did very wisely
gutenberg-1661	Your case is an exceedingly remarkable one, and I shall be happy to look into it
gutenberg-1661	Why, I have lost four pound a week
gutenberg-1661	As far as you are personally concerned
gutenberg-1661	I do not see that you have any grievance against this extraordinary league
gutenberg-1661	You have lost nothing by them
gutenberg-1661	It was a pretty expensive joke for them, for it cost them two and thirty pounds
gutenberg-1661	We shall endeavour to clear up these points for you
gutenberg-1661	And, first, one or two questions, Mr
gutenberg-1661	This assistant of yours who first called your attention to the advertisement—how long had he been with you
gutenberg-1661	About a month then
gutenberg-1661	How did he come
gutenberg-1661	In answer to an advertisement
gutenberg-1661	Was he the only applicant
gutenberg-1661	No, I had a dozen
gutenberg-1661	Why did you pick him
gutenberg-1661	Because he was handy and would come cheap
gutenberg-1661	At half wages, in fact
gutenberg-1661	What is he like, this Vincent Spaulding
gutenberg-1661	Small, stout-built, very quick in his ways, no hair on his face, though he’s not short of thirty
gutenberg-1661	Has a white splash of acid upon his forehead
gutenberg-1661	I thought as much
gutenberg-1661	Have you ever observed that his ears are pierced for earrings
gutenberg-1661	He told me that a gipsy had done it for him when he was a lad
gutenberg-1661	He is still with you
gutenberg-1661	Oh, yes, sir
gutenberg-1661	I have only just left him
gutenberg-1661	And has your business been attended to in your absence
gutenberg-1661	Nothing to complain of, sir
gutenberg-1661	There’s never very much to do of a morning
gutenberg-1661	That will do, Mr
gutenberg-1661	To-day is Saturday, and I hope that by Monday we may come to a conclusion
gutenberg-1661	what do you make of it all
gutenberg-1661	I make nothing of it
gutenberg-1661	It is a most mysterious business
gutenberg-1661	As a rule
gutenberg-1661	the more bizarre a thing is the less mysterious it proves to be
gutenberg-1661	But I must be prompt over this matter
gutenberg-1661	What are you going to do, then
gutenberg-1661	Sarasate plays at the St
gutenberg-1661	James’s Hall this afternoon
gutenberg-1661	What do you think, Watson
gutenberg-1661	Could your patients spare you for a few hours
gutenberg-1661	I have nothing to do to-day
gutenberg-1661	My practice is never very absorbing
gutenberg-1661	Then put on your hat and come
gutenberg-1661	I am going through the City first, and we can have some lunch on the way
gutenberg-1661	It is introspective, and I want to introspect
gutenberg-1661	I only wished to ask you how you would go from here to the Strand
gutenberg-1661	Third right, fourth left
gutenberg-1661	Smart fellow, that
gutenberg-1661	I have known something of him before
gutenberg-1661	Wilson’s assistant counts for a good deal in this mystery of the Red-headed League
gutenberg-1661	I am sure that you inquired your way merely in order that you might see him
gutenberg-1661	The knees of his trousers
gutenberg-1661	And what did you see
gutenberg-1661	What I expected to see
gutenberg-1661	Why did you beat the pavement
gutenberg-1661	My dear doctor, this is a time for observation, not for talk
gutenberg-1661	We are spies in an enemy’s country
gutenberg-1661	We know something of Saxe-Coburg Square
gutenberg-1661	Let us now explore the parts which lie behind it
gutenberg-1661	I should like just to remember the order of the houses here
gutenberg-1661	It is a hobby of mine to have an exact knowledge of London
gutenberg-1661	That carries us right on to the other block
gutenberg-1661	And now, Doctor, we’ve done our work, so it’s time we had some play
gutenberg-1661	You want to go home, no doubt, Doctor
gutenberg-1661	Yes, it would be as well
gutenberg-1661	And I have some business to do which will take some hours
gutenberg-1661	This business at Coburg Square is serious
gutenberg-1661	A considerable crime is in contemplation
gutenberg-1661	I have every reason to believe that we shall be in time to stop it
gutenberg-1661	But to-day being Saturday rather complicates matters
gutenberg-1661	I shall want your help to-night
gutenberg-1661	At what time
gutenberg-1661	Ten will be early enough
gutenberg-1661	I shall be at Baker Street at ten
gutenberg-1661	Our party is complete
gutenberg-1661	Watson, I think you know Mr
gutenberg-1661	Jones, of Scotland Yard
gutenberg-1661	Let me introduce you to Mr
gutenberg-1661	Merryweather, who is to be our companion in to-night’s adventure
gutenberg-1661	We’re hunting in couples again, Doctor, you see
gutenberg-1661	Our friend here is a wonderful man for starting a chase
gutenberg-1661	All he wants is an old dog to help him to do the running down
gutenberg-1661	I hope a wild goose may not prove to be the end of our chase
gutenberg-1661	You may place considerable confidence in Mr
gutenberg-1661	Oh, if you say so, Mr
gutenberg-1661	Jones, it is all right
gutenberg-1661	Still, I confess that I miss my rubber
gutenberg-1661	It is the first Saturday night for seven-and-twenty years that I have not had my rubber
gutenberg-1661	I think you will find
gutenberg-1661	For you, Mr
gutenberg-1661	Merryweather, the stake will be some £ 30,000
gutenberg-1661	and for you, Jones, it will be the man upon whom you wish to lay your hands
gutenberg-1661	John Clay, the murderer, thief, smasher, and forger
gutenberg-174	It is your best work, Basil, the best thing you have ever done
gutenberg-174	You must certainly send it next year to the Grosvenor
gutenberg-174	The Academy is too large and too vulgar
gutenberg-174	The Grosvenor is really the only place
gutenberg-174	I don’t think I shall send it anywhere
gutenberg-174	No, I won’t send it anywhere
gutenberg-174	Not send it anywhere
gutenberg-174	My dear fellow, why
gutenberg-174	Have you any reason
gutenberg-174	What odd chaps you painters are
gutenberg-174	You do anything in the world to gain a reputation
gutenberg-174	As soon as you have one, you seem to want to throw it away
gutenberg-174	I know you will laugh at me
gutenberg-174	but I really can’t exhibit it
gutenberg-174	I have put too much of myself into it
gutenberg-174	Yes, I knew you would
gutenberg-174	but it is quite true, all the same
gutenberg-174	Too much of yourself in it
gutenberg-174	Upon my word, Basil, I didn’t know you were so vain
gutenberg-174	But beauty, real beauty, ends where an intellectual expression begins
gutenberg-174	Intellect is in itself a mode of exaggeration, and destroys the harmony of any face
gutenberg-174	The moment one sits down to think, one becomes all nose, or all forehead, or something horrid
gutenberg-174	Look at the successful men in any of the learned professions
gutenberg-174	How perfectly hideous they are
gutenberg-174	Except, of course, in the Church
gutenberg-174	But then in the Church they don’t think
gutenberg-174	I feel quite sure of that
gutenberg-174	Don’t flatter yourself, Basil: you are not in the least like him
gutenberg-174	You don’t understand me, Harry
gutenberg-174	Of course I am not like him
gutenberg-174	I know that perfectly well
gutenberg-174	Indeed, I should be sorry to look like him
gutenberg-174	You shrug your shoulders
gutenberg-174	I am telling you the truth
gutenberg-174	It is better not to be different from one’s fellows
gutenberg-174	The ugly and the stupid have the best of it in this world
gutenberg-174	They can sit at their ease and gape at the play
gutenberg-174	If they know nothing of victory, they are at least spared the knowledge of defeat
gutenberg-174	They live as we all should live—undisturbed, indifferent, and without disquiet
gutenberg-174	They neither bring ruin upon others, nor ever receive it from alien hands
gutenberg-174	Your rank and wealth, Harry
gutenberg-174	my brains, such as they are—my art, whatever it may be worth
gutenberg-174	Dorian Gray’s good looks—we shall all suffer for what the gods have given us, suffer terribly
gutenberg-174	Is that his name
gutenberg-174	Yes, that is his name
gutenberg-174	I didn’t intend to tell it to you
gutenberg-174	But why not
gutenberg-174	Oh, I can’t explain
gutenberg-174	When I like people immensely, I never tell their names to any one
gutenberg-174	It is like surrendering a part of them
gutenberg-174	I have grown to love secrecy
gutenberg-174	It seems to be the one thing that can make modern life mysterious or marvellous to us
gutenberg-174	The commonest thing is delightful if one only hides it
gutenberg-174	When I leave town now I never tell my people where I am going
gutenberg-174	If I did, I would lose all my pleasure
gutenberg-174	I suppose you think me awfully foolish about it
gutenberg-174	not at all, my dear Basil
gutenberg-174	I never know where my wife is, and my wife never knows what I am doing
gutenberg-174	My wife is very good at it—much better, in fact, than I am
gutenberg-174	She never gets confused over her dates, and I always do
gutenberg-174	But when she does find me out, she makes no row at all
gutenberg-174	I sometimes wish she would
gutenberg-174	but she merely laughs at me
gutenberg-174	I hate the way you talk about your married life, Harry
gutenberg-174	You are an extraordinary fellow
gutenberg-174	You never say a moral thing, and you never do a wrong thing
gutenberg-174	Your cynicism is simply a pose
gutenberg-174	Being natural is simply a pose, and the most irritating pose I know
gutenberg-174	I am afraid I must be going, Basil
gutenberg-174	and before I go, I insist on your answering a question I put to you some time ago
gutenberg-174	What is that
gutenberg-174	You know quite well
gutenberg-174	I do not, Harry
gutenberg-174	Well, I will tell you what it is
gutenberg-174	I want you to explain to me why you won’t exhibit Dorian Gray’s picture
gutenberg-174	I want the real reason
gutenberg-174	I told you the real reason
gutenberg-174	No, you did not
gutenberg-174	You said it was because there was too much of yourself in it
gutenberg-174	Now, that is childish
gutenberg-174	every portrait that is painted with feeling is a portrait of the artist, not of the sitter
gutenberg-174	The sitter is merely the accident, the occasion
gutenberg-174	It is not he who is revealed by the painter
gutenberg-174	it is rather the painter who, on the coloured canvas, reveals himself
gutenberg-174	And what is that
gutenberg-174	I will tell you
gutenberg-174	I am all expectation, Basil
gutenberg-174	Oh, there is really very little to tell, Harry
gutenberg-174	and I am afraid you will hardly understand it
gutenberg-174	Perhaps you will hardly believe it
gutenberg-174	I am quite sure I shall understand it
gutenberg-174	and as for believing things, I can believe anything, provided that it is quite incredible
gutenberg-174	The story is simply this
gutenberg-174	Two months ago I went to a crush at Lady Brandon’s
gutenberg-174	I turned half-way round and saw Dorian Gray for the first time
gutenberg-174	When our eyes met, I felt that I was growing pale
gutenberg-174	A curious sensation of terror came over me
gutenberg-174	I did not want any external influence in my life
gutenberg-174	You know yourself, Harry, how independent I am by nature
gutenberg-174	I have always been my own master
gutenberg-174	had at least always been so, till I met Dorian Gray
gutenberg-174	Then—but I don’t know how to explain it to you
gutenberg-174	Something seemed to tell me that I was on the verge of a terrible crisis in my life
gutenberg-174	I had a strange feeling that fate had in store for me exquisite joys and exquisite sorrows
gutenberg-174	I grew afraid and turned to quit the room
gutenberg-174	It was not conscience that made me do so: it was a sort of cowardice
gutenberg-174	I take no credit to myself for trying to escape
gutenberg-174	Conscience and cowardice are really the same things, Basil
gutenberg-174	Conscience is the trade-name of the firm
gutenberg-174	That is all
gutenberg-174	I don’t believe that, Harry, and I don’t believe you do either
gutenberg-174	There, of course, I stumbled against Lady Brandon
gutenberg-174	You are not going to run away so soon, Mr
gutenberg-174	she screamed out
gutenberg-174	You know her curiously shrill voice
gutenberg-174	she is a peacock in everything but beauty
gutenberg-174	I could not get rid of her
gutenberg-174	She spoke of me as her dearest friend
gutenberg-174	I had only met her once before, but she took it into her head to lionize me
gutenberg-174	Suddenly I found myself face to face with the young man whose personality had so strangely stirred me
gutenberg-174	We were quite close, almost touching
gutenberg-174	Our eyes met again
gutenberg-174	It was reckless of me, but I asked Lady Brandon to introduce me to him
gutenberg-174	Perhaps it was not so reckless, after all
gutenberg-174	It was simply inevitable
gutenberg-174	We would have spoken to each other without any introduction
gutenberg-174	I am sure of that
gutenberg-174	Dorian told me so afterwards
gutenberg-174	He, too, felt that we were destined to know each other
gutenberg-174	And how did Lady Brandon describe this wonderful young man
gutenberg-174	I know she goes in for giving a rapid _précis_ of all her guests
gutenberg-174	I simply fled
gutenberg-174	I like to find out people for myself
gutenberg-174	But Lady Brandon treats her guests exactly as an auctioneer treats his goods
gutenberg-174	She either explains them entirely away, or tells one everything about them except what one wants to know
gutenberg-174	Poor Lady Brandon
gutenberg-174	You are hard on her, Harry
gutenberg-174	My dear fellow, she tried to found a _salon_, and only succeeded in opening a restaurant
gutenberg-174	How could I admire her
gutenberg-174	But tell me, what did she say about Mr
gutenberg-174	Oh, something like, ‘Charming boy—poor dear mother and I absolutely inseparable
gutenberg-174	Quite forget what he does—afraid he—doesn’t do anything—oh, yes, plays the piano—or is it the violin, dear Mr
gutenberg-174	Neither of us could help laughing, and we became friends at once
gutenberg-174	You don’t understand what friendship is, Harry
gutenberg-174	or what enmity is, for that matter
gutenberg-174	You like every one
gutenberg-174	that is to say, you are indifferent to every one
gutenberg-174	How horribly unjust of you
gutenberg-174	horribly unjust of you
gutenberg-174	I make a great difference between people
gutenberg-174	A man cannot be too careful in the choice of his enemies
gutenberg-174	I have not got one who is a fool
gutenberg-174	They are all men of some intellectual power, and consequently they all appreciate me
gutenberg-174	Is that very vain of me
gutenberg-174	I think it is rather vain
gutenberg-174	I should think it was, Harry
gutenberg-174	But according to your category I must be merely an acquaintance
gutenberg-174	My dear old Basil, you are much more than an acquaintance
gutenberg-174	And much less than a friend
gutenberg-174	A sort of brother, I suppose
gutenberg-174	I don’t care for brothers
gutenberg-174	My elder brother won’t die, and my younger brothers seem never to do anything else
gutenberg-174	My dear fellow, I am not quite serious
gutenberg-174	But I can’t help detesting my relations
gutenberg-174	When poor Southwark got into the divorce court, their indignation was quite magnificent
gutenberg-174	And yet I don’t suppose that ten per cent of the proletariat live correctly
gutenberg-174	How English you are Basil
gutenberg-174	That is the second time you have made that observation
gutenberg-174	The only thing he considers of any importance is whether one believes it oneself
gutenberg-174	However, I don’t propose to discuss politics, sociology, or metaphysics with you
gutenberg-174	Tell me more about Mr
gutenberg-174	How often do you see him
gutenberg-174	I couldn’t be happy if I didn’t see him every day
gutenberg-174	He is absolutely necessary to me
gutenberg-174	I thought you would never care for anything but your art
gutenberg-174	He is all my art to me now
gutenberg-174	I sometimes think, Harry, that there are only two eras of any importance in the world’s history
gutenberg-174	It is not merely that I paint from him, draw from him, sketch from him
gutenberg-174	Of course, I have done all that
gutenberg-174	But he is much more to me than a model or a sitter
gutenberg-174	But in some curious way—I wonder will you understand me
gutenberg-174	his personality has suggested to me an entirely new manner in art, an entirely new mode of style
gutenberg-174	I see things differently, I think of them differently
gutenberg-174	I can now recreate life in a way that was hidden from me before
gutenberg-174	A dream of form in days of thought’—who is it who says that
gutenberg-174	but it is what Dorian Gray has been to me
gutenberg-174	I wonder can you realize all that that means
gutenberg-174	The harmony of soul and body—how much that is
gutenberg-174	if you only knew what Dorian Gray is to me
gutenberg-174	It is one of the best things I have ever done
gutenberg-174	And why is it so
gutenberg-174	Because, while I was painting it, Dorian Gray sat beside me
gutenberg-174	Basil, this is extraordinary
gutenberg-174	I must see Dorian Gray
gutenberg-174	Dorian Gray is to me simply a motive in art
gutenberg-174	You might see nothing in him
gutenberg-174	I see everything in him
gutenberg-174	He is never more present in my work than when no image of him is there
gutenberg-174	He is a suggestion, as I have said, of a new manner
gutenberg-174	I find him in the curves of certain lines, in the loveliness and subtleties of certain colours
gutenberg-174	Then why won’t you exhibit his portrait
gutenberg-174	He knows nothing about it
gutenberg-174	He shall never know anything about it
gutenberg-174	But the world might guess it, and I will not bare my soul to their shallow prying eyes
gutenberg-174	My heart shall never be put under their microscope
gutenberg-174	There is too much of myself in the thing, Harry—too much of myself
gutenberg-174	Poets are not so scrupulous as you are
gutenberg-174	They know how useful passion is for publication
gutenberg-174	Nowadays a broken heart will run to many editions
gutenberg-174	I hate them for it
gutenberg-174	An artist should create beautiful things, but should put nothing of his own life into them
gutenberg-174	We have lost the abstract sense of beauty
gutenberg-174	Some day I will show the world what it is
gutenberg-174	and for that reason the world shall never see my portrait of Dorian Gray
gutenberg-174	I think you are wrong, Basil, but I won’t argue with you
gutenberg-174	It is only the intellectually lost who ever argue
gutenberg-174	Tell me, is Dorian Gray very fond of you
gutenberg-174	He likes me
gutenberg-174	I know he likes me
gutenberg-174	Of course I flatter him dreadfully
gutenberg-174	Days in summer, Basil, are apt to linger
gutenberg-174	Perhaps you will tire sooner than he will
gutenberg-174	That accounts for the fact that we all take such pains to over-educate ourselves
gutenberg-174	The thoroughly well-informed man—that is the modern ideal
gutenberg-174	And the mind of the thoroughly well-informed man is a dreadful thing
gutenberg-174	It is like a _bric-à-brac_ shop, all monsters and dust, with everything priced above its proper value
gutenberg-174	I think you will tire first, all the same
gutenberg-174	The next time he calls, you will be perfectly cold and indifferent
gutenberg-174	It will be a great pity, for it will alter you
gutenberg-174	Harry, don’t talk like that
gutenberg-174	As long as I live, the personality of Dorian Gray will dominate me
gutenberg-174	You can’t feel what I feel
gutenberg-174	You change too often
gutenberg-174	Ah, my dear Basil, that is exactly why I can feel it
gutenberg-174	My dear fellow, I have just remembered
gutenberg-174	Remembered what, Harry
gutenberg-174	Where I heard the name of Dorian Gray
gutenberg-174	Where was it
gutenberg-174	Don’t look so angry, Basil
gutenberg-174	It was at my aunt, Lady Agatha’s
gutenberg-174	I am bound to state that she never told me he was good-looking
gutenberg-174	Women have no appreciation of good looks
gutenberg-174	at least, good women have not
gutenberg-174	She said that he was very earnest and had a beautiful nature
gutenberg-174	I wish I had known it was your friend
gutenberg-174	I am very glad you didn’t, Harry
gutenberg-174	I don’t want you to meet him
gutenberg-174	You don’t want me to meet him
gutenberg-174	Dorian Gray is in the studio, sir
gutenberg-174	You must introduce me now
gutenberg-174	Gray to wait, Parker: I shall be in in a few moments
gutenberg-174	Dorian Gray is my dearest friend
gutenberg-174	He has a simple and a beautiful nature
gutenberg-174	Your aunt was quite right in what she said of him
gutenberg-174	Don’t spoil him
gutenberg-174	Don’t try to influence him
gutenberg-174	Your influence would be bad
gutenberg-174	The world is wide, and has many marvellous people in it
gutenberg-174	Mind, Harry, I trust you
gutenberg-174	What nonsense you talk
gutenberg-174	You must lend me these, Basil
gutenberg-174	I want to learn them
gutenberg-174	They are perfectly charming
gutenberg-174	That entirely depends on how you sit to-day, Dorian
gutenberg-174	Oh, I am tired of sitting, and I don’t want a life-sized portrait of myself
gutenberg-174	I beg your pardon, Basil, but I didn’t know you had any one with you
gutenberg-174	This is Lord Henry Wotton, Dorian, an old Oxford friend of mine
gutenberg-174	I have just been telling him what a capital sitter you were, and now you have spoiled everything
gutenberg-174	You have not spoiled my pleasure in meeting you, Mr
gutenberg-174	My aunt has often spoken to me about you
gutenberg-174	You are one of her favourites, and, I am afraid, one of her victims also
gutenberg-174	I am in Lady Agatha’s black books at present
gutenberg-174	We were to have played a duet together—three duets, I believe
gutenberg-174	I don’t know what she will say to me
gutenberg-174	I am far too frightened to call
gutenberg-174	Oh, I will make your peace with my aunt
gutenberg-174	She is quite devoted to you
gutenberg-174	And I don’t think it really matters about your not being there
gutenberg-174	The audience probably thought it was a duet
gutenberg-174	When Aunt Agatha sits down to the piano, she makes quite enough noise for two people
gutenberg-174	That is very horrid to her, and not very nice to me
gutenberg-174	You are too charming to go in for philanthropy, Mr
gutenberg-174	Gray—far too charming
gutenberg-174	Harry, I want to finish this picture to-day
gutenberg-174	Would you think it awfully rude of me if I asked you to go away
gutenberg-174	Am I to go, Mr
gutenberg-174	Oh, please don’t, Lord Henry
gutenberg-174	Besides, I want you to tell me why I should not go in for philanthropy
gutenberg-174	I don’t know that I shall tell you that, Mr
gutenberg-174	It is so tedious a subject that one would have to talk seriously about it
gutenberg-174	But I certainly shall not run away, now that you have asked me to stop
gutenberg-174	You don’t really mind, Basil, do you
gutenberg-174	You have often told me that you liked your sitters to have some one to chat to
gutenberg-174	If Dorian wishes it, of course you must stay
gutenberg-174	Dorian’s whims are laws to everybody, except himself
gutenberg-174	You are very pressing, Basil, but I am afraid I must go
gutenberg-174	I have promised to meet a man at the Orleans
gutenberg-174	Come and see me some afternoon in Curzon Street
gutenberg-174	I am nearly always at home at five o’clock
gutenberg-174	Write to me when you are coming
gutenberg-174	I should be sorry to miss you
gutenberg-174	if Lord Henry Wotton goes, I shall go, too
gutenberg-174	Ask him to stay
gutenberg-174	I insist upon it
gutenberg-174	Stay, Harry, to oblige Dorian, and to oblige me
gutenberg-174	I beg you to stay
gutenberg-174	But what about my man at the Orleans
gutenberg-174	I don’t think there will be any difficulty about that
gutenberg-174	Sit down again, Harry
gutenberg-174	He has a very bad influence over all his friends, with the single exception of myself
gutenberg-174	Have you really a very bad influence, Lord Henry
gutenberg-174	As bad as Basil says
gutenberg-174	There is no such thing as a good influence, Mr
gutenberg-174	All influence is immoral—immoral from the scientific point of view
gutenberg-174	Because to influence a person is to give him one’s own soul
gutenberg-174	He does not think his natural thoughts, or burn with his natural passions
gutenberg-174	His virtues are not real to him
gutenberg-174	His sins, if there are such things as sins, are borrowed
gutenberg-174	The aim of life is self-development
gutenberg-174	To realize one’s nature perfectly—that is what each of us is here for
gutenberg-174	People are afraid of themselves, nowadays
gutenberg-174	They have forgotten the highest of all duties, the duty that one owes to one’s self
gutenberg-174	Of course, they are charitable
gutenberg-174	They feed the hungry and clothe the beggar
gutenberg-174	But their own souls starve, and are naked
gutenberg-174	Courage has gone out of our race
gutenberg-174	Perhaps we never really had it
gutenberg-174	Just turn your head a little more to the right, Dorian, like a good boy
gutenberg-174	But the bravest man amongst us is afraid of himself
gutenberg-174	The mutilation of the savage has its tragic survival in the self-denial that mars our lives
gutenberg-174	We are punished for our refusals
gutenberg-174	Every impulse that we strive to strangle broods in the mind and poisons us
gutenberg-174	The body sins once, and has done with its sin, for action is a mode of purification
gutenberg-174	Nothing remains then but the recollection of a pleasure, or the luxury of a regret
gutenberg-174	The only way to get rid of a temptation is to yield to it
gutenberg-174	It has been said that the great events of the world take place in the brain
gutenberg-174	you bewilder me
gutenberg-174	I don’t know what to say
gutenberg-174	There is some answer to you, but I cannot find it
gutenberg-174	Or, rather, let me try not to think
gutenberg-174	Basil, I am tired of standing
gutenberg-174	I must go out and sit in the garden
gutenberg-174	The air is stifling here
gutenberg-174	My dear fellow, I am so sorry
gutenberg-174	When I am painting, I can’t think of anything else
gutenberg-174	But you never sat better
gutenberg-174	You were perfectly still
gutenberg-174	And I have caught the effect I wanted—the half-parted lips and the bright look in the eyes
gutenberg-174	I suppose he has been paying you compliments
gutenberg-174	You mustn’t believe a word that he says
gutenberg-174	He has certainly not been paying me compliments
gutenberg-174	Perhaps that is the reason that I don’t believe anything he has told me
gutenberg-174	You know you believe it all
gutenberg-174	I will go out to the garden with you
gutenberg-174	It is horribly hot in the studio
gutenberg-174	Basil, let us have something iced to drink, something with strawberries in it
gutenberg-174	Just touch the bell, and when Parker comes I will tell him what you want
gutenberg-174	I have got to work up this background, so I will join you later on
gutenberg-174	Don’t keep Dorian too long
gutenberg-174	I have never been in better form for painting than I am to-day
gutenberg-174	This is going to be my masterpiece
gutenberg-174	It is my masterpiece as it stands
gutenberg-174	You are quite right to do that
gutenberg-174	Nothing can cure the soul but the senses, just as nothing can cure the senses but the soul
gutenberg-174	You are a wonderful creation
gutenberg-174	You know more than you think you know, just as you know less than you want to know
gutenberg-174	Let us go and sit in the shade
gutenberg-174	You really must not allow yourself to become sunburnt
gutenberg-174	It would be unbecoming
gutenberg-174	What can it matter
gutenberg-174	It should matter everything to you, Mr
gutenberg-174	Because you have the most marvellous youth, and youth is the one thing worth having
gutenberg-174	I don’t feel that, Lord Henry
gutenberg-174	No, you don’t feel it now
gutenberg-174	Now, wherever you go, you charm the world
gutenberg-174	Will it always be so
gutenberg-174	You have a wonderfully beautiful face, Mr
gutenberg-174	And beauty is a form of genius—is higher, indeed, than genius, as it needs no explanation
gutenberg-174	It cannot be questioned
gutenberg-174	It has its divine right of sovereignty
gutenberg-174	It makes princes of those who have it
gutenberg-174	when you have lost it you won’t smile
gutenberg-174	People say sometimes that beauty is only superficial
gutenberg-174	That may be so, but at least it is not so superficial as thought is
gutenberg-174	To me, beauty is the wonder of wonders
gutenberg-174	It is only shallow people who do not judge by appearances
gutenberg-174	The true mystery of the world is the visible, not the invisible
gutenberg-174	Gray, the gods have been good to you
gutenberg-174	But what the gods give they quickly take away
gutenberg-174	You have only a few years in which to live really, perfectly, and fully
gutenberg-174	Every month as it wanes brings you nearer to something dreadful
gutenberg-174	Time is jealous of you, and wars against your lilies and your roses
gutenberg-174	You will become sallow, and hollow-cheeked, and dull-eyed
gutenberg-174	You will suffer horribly
gutenberg-174	realize your youth while you have it
gutenberg-174	These are the sickly aims, the false ideals, of our age
gutenberg-174	Live the wonderful life that is in you
gutenberg-174	Let nothing be lost upon you
gutenberg-174	Be always searching for new sensations
gutenberg-174	Be afraid of nothing
gutenberg-174	A new Hedonism—that is what our century wants
gutenberg-174	You might be its visible symbol
gutenberg-174	With your personality there is nothing you could not do
gutenberg-174	The world belongs to you for a season
gutenberg-174	I thought how tragic it would be if you were wasted
gutenberg-174	For there is such a little time that your youth will last—such a little time
gutenberg-174	The common hill-flowers wither, but they blossom again
gutenberg-174	The laburnum will be as yellow next June as it is now
gutenberg-174	But we never get back our youth
gutenberg-174	The pulse of joy that beats in us at twenty becomes sluggish
gutenberg-174	Our limbs fail, our senses rot
gutenberg-174	There is absolutely nothing in the world but youth
gutenberg-174	I am waiting
gutenberg-174	Do come in
gutenberg-174	The light is quite perfect, and you can bring your drinks
gutenberg-174	You are glad you have met me, Mr
gutenberg-174	Yes, I am glad now
gutenberg-174	I wonder shall I always be glad
gutenberg-174	That is a dreadful word
gutenberg-174	It makes me shudder when I hear it
gutenberg-174	Women are so fond of using it
gutenberg-174	They spoil every romance by trying to make it last for ever
gutenberg-174	It is a meaningless word, too
gutenberg-174	The only difference between a caprice and a lifelong passion is that the caprice lasts a little longer
gutenberg-174	In that case, let our friendship be a caprice
gutenberg-174	It is quite finished
gutenberg-174	My dear fellow, I congratulate you most warmly
gutenberg-174	It is the finest portrait of modern times
gutenberg-174	Gray, come over and look at yourself
gutenberg-174	Is it really finished
gutenberg-174	And you have sat splendidly to-day
gutenberg-174	I am awfully obliged to you
gutenberg-174	That is entirely due to me
gutenberg-174	Isn’t it, Mr
gutenberg-174	Don’t you like it
gutenberg-174	Of course he likes it
gutenberg-174	Who wouldn’t like it
gutenberg-174	It is one of the greatest things in modern art
gutenberg-174	I will give you anything you like to ask for it
gutenberg-174	I must have it
gutenberg-174	It is not my property, Harry
gutenberg-174	Whose property is it
gutenberg-174	Dorian’s, of course
gutenberg-174	He is a very lucky fellow
gutenberg-174	How sad it is
gutenberg-174	I shall grow old, and horrible, and dreadful
gutenberg-174	But this picture will remain always young
gutenberg-174	It will never be older than this particular day of June
gutenberg-174	If it were only the other way
gutenberg-174	If it were I who was to be always young, and the picture that was to grow old
gutenberg-174	For that—for that—I would give everything
gutenberg-174	Yes, there is nothing in the whole world I would not give
gutenberg-174	I would give my soul for that
gutenberg-174	You would hardly care for such an arrangement, Basil
gutenberg-174	It would be rather hard lines on your work
gutenberg-174	I should object very strongly, Harry
gutenberg-174	I believe you would, Basil
gutenberg-174	You like your art better than your friends
gutenberg-174	I am no more to you than a green bronze figure
gutenberg-174	Hardly as much, I dare say
gutenberg-174	I am less to you than your ivory Hermes or your silver Faun
gutenberg-174	You will like them always
gutenberg-174	How long will you like me
gutenberg-174	Till I have my first wrinkle, I suppose
gutenberg-174	I know, now, that when one loses one’s good looks, whatever they may be, one loses everything
gutenberg-174	Your picture has taught me that
gutenberg-174	Lord Henry Wotton is perfectly right
gutenberg-174	Youth is the only thing worth having
gutenberg-174	When I find that I am growing old, I shall kill myself
gutenberg-174	don’t talk like that
gutenberg-174	I have never had such a friend as you, and I shall never have such another
gutenberg-174	You are not jealous of material things, are you
gutenberg-174	you who are finer than any of them
gutenberg-174	I am jealous of everything whose beauty does not die
gutenberg-174	I am jealous of the portrait you have painted of me
gutenberg-174	Why should it keep what I must lose
gutenberg-174	Every moment that passes takes something from me and gives something to it
gutenberg-174	Oh, if it were only the other way
gutenberg-174	If the picture could change, and I could be always what I am now
gutenberg-174	Why did you paint it
gutenberg-174	It will mock me some day—mock me horribly
gutenberg-174	This is your doing, Harry
gutenberg-174	It is the real Dorian Gray—that is all
gutenberg-174	It is not
gutenberg-174	If it is not, what have I to do with it
gutenberg-174	You should have gone away when I asked you
gutenberg-174	I stayed when you asked me
gutenberg-174	What is it but canvas and colour
gutenberg-174	I will not let it come across our three lives and mar them
gutenberg-174	Don’t, Basil, don’t
gutenberg-174	It would be murder
gutenberg-174	I am glad you appreciate my work at last, Dorian
gutenberg-174	I never thought you would
gutenberg-174	I am in love with it, Basil
gutenberg-174	It is part of myself
gutenberg-174	I feel that
gutenberg-174	Well, as soon as you are dry, you shall be varnished, and framed, and sent home
gutenberg-174	Then you can do what you like with yourself
gutenberg-174	You will have tea, of course, Dorian
gutenberg-174	And so will you, Harry
gutenberg-174	Or do you object to such simple pleasures
gutenberg-174	I adore simple pleasures
gutenberg-174	They are the last refuge of the complex
gutenberg-174	But I don’t like scenes, except on the stage
gutenberg-174	What absurd fellows you are, both of you
gutenberg-174	I wonder who it was defined man as a rational animal
gutenberg-174	It was the most premature definition ever given
gutenberg-174	Man is many things, but he is not rational
gutenberg-174	I am glad he is not, after all—though I wish you chaps would not squabble over the picture
gutenberg-174	You had much better let me have it, Basil
gutenberg-174	This silly boy doesn’t really want it, and I really do
gutenberg-174	If you let any one have it but me, Basil, I shall never forgive you
gutenberg-174	and I don’t allow people to call me a silly boy
gutenberg-174	You know the picture is yours, Dorian
gutenberg-174	I gave it to you before it existed
gutenberg-174	And you know you have been a little silly, Mr
gutenberg-174	Gray, and that you don’t really object to being reminded that you are extremely young
gutenberg-174	I should have objected very strongly this morning, Lord Henry
gutenberg-174	You have lived since then
gutenberg-174	Let us go to the theatre to-night
gutenberg-174	There is sure to be something on, somewhere
gutenberg-174	I think that would be a rather nice excuse: it would have all the surprise of candour
gutenberg-174	It is such a bore putting on one’s dress-clothes
gutenberg-174	And, when one has them on, they are so horrid
gutenberg-174	the costume of the nineteenth century is detestable
gutenberg-174	It is so sombre, so depressing
gutenberg-174	Sin is the only real colour-element left in modern life
gutenberg-174	You really must not say things like that before Dorian, Harry
gutenberg-174	Before which Dorian
gutenberg-174	The one who is pouring out tea for us, or the one in the picture
gutenberg-174	I should like to come to the theatre with you, Lord Henry
gutenberg-174	Then you shall come
gutenberg-174	and you will come, too, Basil, won’t you
gutenberg-174	I can’t, really
gutenberg-174	I would sooner not
gutenberg-174	I have a lot of work to do
gutenberg-174	Well, then, you and I will go alone, Mr
gutenberg-174	I should like that awfully
gutenberg-174	I shall stay with the real Dorian
gutenberg-174	Is it the real Dorian
gutenberg-174	Am I really like that
gutenberg-174	you are just like that
gutenberg-174	How wonderful, Basil
gutenberg-174	At least you are like it in appearance
gutenberg-174	But it will never alter
gutenberg-174	That is something
gutenberg-174	What a fuss people make about fidelity
gutenberg-174	Why, even in love it is purely a question for physiology
gutenberg-174	It has nothing to do with our own will
gutenberg-174	Young men want to be faithful, and are not
gutenberg-174	old men want to be faithless, and cannot: that is all one can say
gutenberg-174	Don’t go to the theatre to-night, Dorian
gutenberg-174	Stop and dine with me
gutenberg-174	I can’t, Basil
gutenberg-174	Because I have promised Lord Henry Wotton to go with him
gutenberg-174	He won’t like you the better for keeping your promises
gutenberg-174	He always breaks his own
gutenberg-174	I beg you not to go
gutenberg-174	I entreat you
gutenberg-174	I must go, Basil
gutenberg-174	It is rather late, and, as you have to dress, you had better lose no time
gutenberg-174	Come and see me soon
gutenberg-174	You won’t forget
gutenberg-174	No, of course not
gutenberg-174	Remember what I asked you, when we were in the garden this morning
gutenberg-174	I have forgotten it
gutenberg-174	I trust you
gutenberg-174	I wish I could trust myself
gutenberg-174	Gray, my hansom is outside, and I can drop you at your own place
gutenberg-174	It has been a most interesting afternoon
gutenberg-174	what brings you out so early
gutenberg-174	I thought you dandies never got up till two, and were not visible till five
gutenberg-174	Pure family affection, I assure you, Uncle George
gutenberg-174	I want to get something out of you
gutenberg-174	Money, I suppose
gutenberg-174	Well, sit down and tell me all about it
gutenberg-174	Young people, nowadays, imagine that money is everything
gutenberg-174	and when they grow older they know it
gutenberg-174	But I don’t want money
gutenberg-174	It is only people who pay their bills who want that, Uncle George, and I never pay mine
gutenberg-174	Credit is the capital of a younger son, and one lives charmingly upon it
gutenberg-174	Besides, I always deal with Dartmoor’s tradesmen, and consequently they never bother me
gutenberg-174	What I want is information: not useful information, of course
gutenberg-174	When I was in the Diplomatic, things were much better
gutenberg-174	But I hear they let them in now by examination
gutenberg-174	What can you expect
gutenberg-174	Examinations, sir, are pure humbug from beginning to end
gutenberg-174	Dorian Gray does not belong to Blue Books, Uncle George
gutenberg-174	Who is he
gutenberg-174	That is what I have come to learn, Uncle George
gutenberg-174	Or rather, I know who he is
gutenberg-174	He is the last Lord Kelso’s grandson
gutenberg-174	His mother was a Devereux, Lady Margaret Devereux
gutenberg-174	I want you to tell me about his mother
gutenberg-174	What was she like
gutenberg-174	Whom did she marry
gutenberg-174	You have known nearly everybody in your time, so you might have known her
gutenberg-174	I am very much interested in Mr
gutenberg-174	Gray at present
gutenberg-174	I have only just met him
gutenberg-174	I knew his mother intimately
gutenberg-174	I believe I was at her christening
gutenberg-174	I remember the whole thing as if it happened yesterday
gutenberg-174	The poor chap was killed in a duel at Spa a few months after the marriage
gutenberg-174	There was an ugly story about it
gutenberg-174	He brought his daughter back with him, I was told, and she never spoke to him again
gutenberg-174	it was a bad business
gutenberg-174	The girl died, too, died within a year
gutenberg-174	So she left a son, did she
gutenberg-174	I had forgotten that
gutenberg-174	What sort of boy is he
gutenberg-174	If he is like his mother, he must be a good-looking chap
gutenberg-174	He is very good-looking
gutenberg-174	I hope he will fall into proper hands
gutenberg-174	He should have a pot of money waiting for him if Kelso did the right thing by him
gutenberg-174	His mother had money, too
gutenberg-174	All the Selby property came to her, through her grandfather
gutenberg-174	Her grandfather hated Kelso, thought him a mean dog
gutenberg-174	He was, too
gutenberg-174	Came to Madrid once when I was there
gutenberg-174	Egad, I was ashamed of him
gutenberg-174	They made quite a story of it
gutenberg-174	I didn’t dare show my face at Court for a month
gutenberg-174	I hope he treated his grandson better than he did the jarvies
gutenberg-174	I fancy that the boy will be well off
gutenberg-174	He is not of age yet
gutenberg-174	He has Selby, I know
gutenberg-174	He told me so
gutenberg-174	his mother was very beautiful
gutenberg-174	Margaret Devereux was one of the loveliest creatures I ever saw, Harry
gutenberg-174	What on earth induced her to behave as she did, I never could understand
gutenberg-174	She could have married anybody she chose
gutenberg-174	Carlington was mad after her
gutenberg-174	She was romantic, though
gutenberg-174	All the women of that family were
gutenberg-174	The men were a poor lot, but, egad
gutenberg-174	the women were wonderful
gutenberg-174	Carlington went on his knees to her
gutenberg-174	Told me so himself
gutenberg-174	She laughed at him, and there wasn’t a girl in London at the time who wasn’t after him
gutenberg-174	Ain’t English girls good enough for him
gutenberg-174	It is rather fashionable to marry Americans just now, Uncle George
gutenberg-174	I’ll back English women against the world, Harry
gutenberg-174	The betting is on the Americans
gutenberg-174	They don’t last, I am told
gutenberg-174	A long engagement exhausts them, but they are capital at a steeplechase
gutenberg-174	They take things flying
gutenberg-174	I don’t think Dartmoor has a chance
gutenberg-174	Who are her people
gutenberg-174	Has she got any
gutenberg-174	American girls are as clever at concealing their parents, as English women are at concealing their past
gutenberg-174	They are pork-packers, I suppose
gutenberg-174	I hope so, Uncle George, for Dartmoor’s sake
gutenberg-174	I am told that pork-packing is the most lucrative profession in America, after politics
gutenberg-174	Is she pretty
gutenberg-174	She behaves as if she was beautiful
gutenberg-174	Most American women do
gutenberg-174	It is the secret of their charm
gutenberg-174	Why can’t these American women stay in their own country
gutenberg-174	They are always telling us that it is the paradise for women
gutenberg-174	That is the reason why, like Eve, they are so excessively anxious to get out of it
gutenberg-174	Good-bye, Uncle George
gutenberg-174	I shall be late for lunch, if I stop any longer
gutenberg-174	Thanks for giving me the information I wanted
gutenberg-174	I always like to know everything about my new friends, and nothing about my old ones
gutenberg-174	Where are you lunching, Harry
gutenberg-174	At Aunt Agatha’s
gutenberg-174	I have asked myself and Mr
gutenberg-174	He is her latest _protégé
gutenberg-174	tell your Aunt Agatha, Harry, not to bother me any more with her charity appeals
gutenberg-174	I am sick of them
gutenberg-174	All right, Uncle George, I’ll tell her, but it won’t have any effect
gutenberg-174	Philanthropic people lose all sense of humanity
gutenberg-174	It is their distinguishing characteristic
gutenberg-174	Late as usual, Harry
gutenberg-174	We are talking about poor Dartmoor, Lord Henry
gutenberg-174	Do you think he will really marry this fascinating young person
gutenberg-174	I believe she has made up her mind to propose to him, Duchess
gutenberg-174	Really, some one should interfere
gutenberg-174	I am told, on excellent authority, that her father keeps an American dry-goods store
gutenberg-174	My uncle has already suggested pork-packing, Sir Thomas
gutenberg-174	What are American dry-goods
gutenberg-174	Don’t mind him, my dear
gutenberg-174	He never means anything that he says
gutenberg-174	When America was discovered
gutenberg-174	I wish to goodness it never had been discovered at all
gutenberg-174	Really, our girls have no chance nowadays
gutenberg-174	It is most unfair
gutenberg-174	Perhaps, after all, America never has been discovered
gutenberg-174	I myself would say that it had merely been detected
gutenberg-174	but I have seen specimens of the inhabitants
gutenberg-174	I must confess that most of them are extremely pretty
gutenberg-174	And they dress well, too
gutenberg-174	They get all their dresses in Paris
gutenberg-174	I wish I could afford to do the same
gutenberg-174	They say that when good Americans die they go to Paris
gutenberg-174	And where do bad Americans go to when they die
gutenberg-174	They go to America
gutenberg-174	I am afraid that your nephew is prejudiced against that great country
gutenberg-174	I assure you that it is an education to visit it
gutenberg-345	The Herr Englishman
gutenberg-345	Welcome to the Carpathians
gutenberg-345	I am anxiously expecting you
gutenberg-345	Sleep well to-night
gutenberg-345	At three to-morrow the diligence will start for Bukovina
gutenberg-345	a place on it is kept for you
gutenberg-345	At the Borgo Pass my carriage will await you and will bring you to me
gutenberg-345	Your friend, “DRACULA
gutenberg-345	Must you go
gutenberg-345	young Herr, must you go
gutenberg-345	Do you know what day it is
gutenberg-345	I know that, but do you know what day it is
gutenberg-345	It is the eve of St
gutenberg-345	Do you know where you are going, and what you are going to
gutenberg-345	For your mother’s sake
gutenberg-345	you must not walk here
gutenberg-345	the dogs are too fierce
gutenberg-345	and you may have enough of such matters before you go to sleep
gutenberg-345	An hour less than the time
gutenberg-345	There is no carriage here
gutenberg-345	The Herr is not expected after all
gutenberg-345	He will now come on to Bukovina, and return to-morrow or the next day
gutenberg-345	better the next day
gutenberg-345	You are early to-night, my friend
gutenberg-345	The English Herr was in a hurry
gutenberg-345	That is why, I suppose, you wished him to go on to Bukovina
gutenberg-345	You cannot deceive me, my friend
gutenberg-345	I know too much, and my horses are swift
gutenberg-345	Denn die Todten reiten schnell
gutenberg-345	For the dead travel fast
gutenberg-345	Give me the Herr’s luggage
gutenberg-345	The night is chill, mein Herr, and my master the Count bade me take all care of you
gutenberg-345	Welcome to my house
gutenberg-345	Enter freely and of your own will
gutenberg-345	and leave something of the happiness you bring
gutenberg-345	I am Dracula
gutenberg-345	and I bid you welcome, Mr
gutenberg-345	Harker, to my house
gutenberg-345	the night air is chill, and you must need to eat and rest
gutenberg-345	Nay, sir, you are my guest
gutenberg-345	It is late, and my people are not available
gutenberg-345	Let me see to your comfort myself
gutenberg-345	You will need, after your journey, to refresh yourself by making your toilet
gutenberg-345	I trust you will find all you wish
gutenberg-345	When you are ready, come into the other room, where you will find your supper prepared
gutenberg-345	I pray you, be seated and sup how you please
gutenberg-345	You will, I trust, excuse me that I do not join you
gutenberg-345	but I have dined already, and I do not sup
gutenberg-345	He is discreet and silent, and has grown into manhood in my service
gutenberg-345	Listen to them--the children of the night
gutenberg-345	What music they make
gutenberg-345	Ah, sir, you dwellers in the city cannot enter into the feelings of the hunter
gutenberg-345	But you must be tired
gutenberg-345	Your bedroom is all ready, and to-morrow you shall sleep as late as you will
gutenberg-345	I have to be away till the afternoon
gutenberg-345	so sleep well and dream well
gutenberg-345	I have to be absent for a while
gutenberg-345	Do not wait for me
gutenberg-345	Through them I have come to know your great England
gutenberg-345	and to know her is to love her
gutenberg-345	as yet I only know your tongue through books
gutenberg-345	To you, my friend, I look that I know it to speak
gutenberg-345	you know and speak English thoroughly
gutenberg-345	True, I know the grammar and the words, but yet I know not how to speak them
gutenberg-345	you speak excellently
gutenberg-345	That is not enough for me
gutenberg-345	Here I am noble
gutenberg-345	I am _boyar
gutenberg-345	the common people know me, and I am master
gutenberg-345	But a stranger in a strange land, he is no one
gutenberg-345	men know him not--and to know not is to care not for
gutenberg-345	and I would that you tell me when I make error, even of the smallest, in my speaking
gutenberg-345	I am sorry that I had to be away so long to-day
gutenberg-345	but you will, I know, forgive one who has so many important affairs in hand
gutenberg-345	We are in Transylvania
gutenberg-345	and Transylvania is not England
gutenberg-345	Our ways are not your ways, and there shall be to you many strange things
gutenberg-345	That treasure has been hidden
gutenberg-345	in the region through which you came last night, there can be but little doubt
gutenberg-345	for it was the ground fought over for centuries by the Wallachian, the Saxon, and the Turk
gutenberg-345	Because your peasant is at heart a coward and a fool
gutenberg-345	Those flames only appear on one night
gutenberg-345	And, dear sir, even if he did he would not know what to do
gutenberg-345	Even you would not, I dare be sworn, be able to find these places again
gutenberg-345	There you are right
gutenberg-345	I know no more than the dead where even to look for them
gutenberg-345	tell me of London and of the house which you have procured for me
gutenberg-345	Well, but, my friend, is it not needful that I should
gutenberg-345	The closed gates are of heavy old oak and iron, all eaten with rust
gutenberg-345	It contains in all some twenty acres, quite surrounded by the solid stone wall above mentioned
gutenberg-345	It looks like part of a keep, and is close to an old chapel or church
gutenberg-345	It is not, however, visible from the grounds
gutenberg-345	I am glad that it is old and big
gutenberg-345	I myself am of an old family, and to live in a new house would kill me
gutenberg-345	A house cannot be made habitable in a day
gutenberg-345	and, after all, how few days go to make up a century
gutenberg-345	I rejoice also that there is a chapel of old times
gutenberg-345	We Transylvanian nobles love not to think that our bones may lie amongst the common dead
gutenberg-345	I am no longer young
gutenberg-345	and my heart, through weary years of mourning over the dead, is not attuned to mirth
gutenberg-345	Moreover, the walls of my castle are broken
gutenberg-345	the shadows are many, and the wind breathes cold through the broken battlements and casements
gutenberg-345	I love the shade and the shadow, and would be alone with my thoughts when I may
gutenberg-345	still at your books
gutenberg-345	But you must not work always
gutenberg-345	I am informed that your supper is ready
gutenberg-345	Why, there is the morning again
gutenberg-345	How remiss I am to let you stay up so long
gutenberg-345	take care how you cut yourself
gutenberg-345	It is more dangerous than you think in this country
gutenberg-345	And this is the wretched thing that has done the mischief
gutenberg-345	It is a foul bauble of man’s vanity
gutenberg-345	Away with it
gutenberg-345	What devil or what witch was ever so great as Attila, whose blood is in these veins
gutenberg-345	Is it a wonder that we were a conquering race
gutenberg-345	that we were proud
gutenberg-345	that the Honfoglalas was completed there
gutenberg-345	This was a Dracula indeed
gutenberg-345	They said that he thought only of himself
gutenberg-345	what good are peasants without a leader
gutenberg-345	Where ends the war without a brain and heart to conduct it
gutenberg-345	The warlike days are over
gutenberg-345	Blood is too precious a thing in these days of dishonourable peace
gutenberg-345	and the glories of the great races are as a tale that is told
gutenberg-345	I shall illustrate
gutenberg-345	Your friend and mine, Mr
gutenberg-345	I could be at liberty to direct myself
gutenberg-345	Is it not so
gutenberg-345	Have you written since your first letter to our friend Mr
gutenberg-345	Peter Hawkins, or to any other
gutenberg-345	Then write now, my young friend
gutenberg-345	write to our friend and to any other
gutenberg-345	and say, if it will please you, that you shall stay with me until a month from now
gutenberg-345	Do you wish me to stay so long
gutenberg-345	I desire it much
gutenberg-345	nay, I will take no refusal
gutenberg-345	I have not stinted
gutenberg-345	I trust you will forgive me, but I have much work to do in private this evening
gutenberg-345	You will, I hope, find all things as you wish
gutenberg-345	It is old, and has many memories, and there are bad dreams for those who sleep unwisely
gutenberg-345	But if you be not careful in this respect, then
gutenberg-345	quick, my tablets
gutenberg-345	Tis meet that I put it down
gutenberg-345	You are first, and we shall follow
gutenberg-345	yours is the right to begin
gutenberg-345	He is young and strong
gutenberg-345	there are kisses for us all
gutenberg-345	How dare you touch him, any of you
gutenberg-345	How dare you cast eyes on him when I had forbidden it
gutenberg-345	Back, I tell you all
gutenberg-345	This man belongs to me
gutenberg-345	Beware how you meddle with him, or you’ll have to deal with me
gutenberg-345	You yourself never loved
gutenberg-345	you never love
gutenberg-345	Yes, I too can love
gutenberg-345	you yourselves can tell it from the past
gutenberg-345	I must awaken him, for there is work to be done
gutenberg-345	Are we to have nothing to-night
gutenberg-345	The first should be June 12, the second June 19, and the third June 29
gutenberg-345	one is from you, and to my friend Peter Hawkins
gutenberg-345	the other is a vile thing, an outrage upon friendship and hospitality
gutenberg-345	It is not signed
gutenberg-345	so it cannot matter to us
gutenberg-345	The letter to Hawkins--that I shall, of course, send on, since it is yours
gutenberg-345	Your letters are sacred to me
gutenberg-345	Your pardon, my friend, that unknowingly I did break the seal
gutenberg-345	Will you not cover it again
gutenberg-345	So, my friend, you are tired
gutenberg-345	Get to bed
gutenberg-345	There is the surest rest
gutenberg-345	I may not have the pleasure to talk to-night, since there are many labours to me
gutenberg-345	but you will sleep, I pray
gutenberg-345	Monster, give me my child
gutenberg-345	To-morrow, my friend, we must part
gutenberg-345	Your letter home has been despatched
gutenberg-345	to-morrow I shall not be here, but all shall be ready for your journey
gutenberg-345	But I am in hopes that I shall see more of you at Castle Dracula
gutenberg-345	Why may I not go to-night
gutenberg-345	Because, dear sir, my coachman and horses are away on a mission
gutenberg-345	But I would walk with pleasure
gutenberg-345	I want to get away at once
gutenberg-345	And your baggage
gutenberg-345	I do not care about it
gutenberg-345	I can send for it some other time
gutenberg-345	speed the parting guest
gutenberg-345	Come with me, my dear young friend
gutenberg-345	Shut the door
gutenberg-345	I shall wait till morning
gutenberg-345	Back, back, to your own place
gutenberg-345	Your time is not yet come
gutenberg-345	To-night is mine
gutenberg-345	To-morrow night is yours
gutenberg-345	My dearest Lucy,-- “Forgive my long delay in writing, but I have been simply overwhelmed with work
gutenberg-345	The life of an assistant schoolmistress is sometimes trying
gutenberg-345	When I am with you I shall keep a diary in the same way
gutenberg-345	I do not suppose there will be much of interest to other people
gutenberg-345	but it is not intended for them
gutenberg-345	However, we shall see
gutenberg-345	I will tell you of my little plans when we meet
gutenberg-345	I have just had a few hurried lines from Jonathan from Transylvania
gutenberg-345	He is well, and will be returning in about a week
gutenberg-345	I am longing to hear all his news
gutenberg-345	It must be so nice to see strange countries
gutenberg-345	I wonder if we--I mean Jonathan and I--shall ever see them together
gutenberg-345	There is the ten o’clock bell ringing
gutenberg-345	Your loving “MINA
gutenberg-345	Tell me all the news when you write
gutenberg-345	You have not told me anything for a long time
gutenberg-345	I hear rumours, and especially of a tall, handsome, curly-haired man
gutenberg-345	17, Chatham Street_, “_Wednesday
gutenberg-345	My dearest Mina,-- “I must say you tax me _very_ unfairly with being a bad correspondent
gutenberg-345	I wrote to you _twice_ since we parted, and your last letter was only your _second
gutenberg-345	Besides, I have nothing to tell you
gutenberg-345	There is really nothing to interest you
gutenberg-345	Some one has evidently been telling tales
gutenberg-345	That was Mr
gutenberg-345	He often comes to see us, and he and mamma get on very well together
gutenberg-345	they have so many things to talk about in common
gutenberg-345	He is an excellent _parti_, being handsome, well off, and of good birth
gutenberg-345	He is a doctor and really clever
gutenberg-345	He is only nine-and-twenty, and he has an immense lunatic asylum all under his own care
gutenberg-345	Holmwood introduced him to me, and he called here to see us, and often comes now
gutenberg-345	I think he is one of the most resolute men I ever saw, and yet the most calm
gutenberg-345	He seems absolutely imperturbable
gutenberg-345	I can fancy what a wonderful power he must have over his patients
gutenberg-345	I know that from my glass
gutenberg-345	Do you ever try to read your own face
gutenberg-345	He says that I afford him a curious psychological study, and I humbly think I do
gutenberg-345	Dress is a bore
gutenberg-345	That is slang again, but never mind
gutenberg-345	Arthur says that every day
gutenberg-345	There, it is all out
gutenberg-345	Mina, we have told all our secrets to each other since we were _children
gutenberg-345	we have slept together and eaten together, and laughed and cried together
gutenberg-345	and now, though I have spoken, I would like to speak more
gutenberg-345	Oh, Mina, couldn’t you guess
gutenberg-345	I love him
gutenberg-345	But oh, Mina, I love him
gutenberg-345	There, that does me good
gutenberg-345	I wish I were with you, dear, sitting by the fire undressing, as we used to sit
gutenberg-345	and I would try to tell you what I feel
gutenberg-345	I do not know how I am writing this even to you
gutenberg-345	Let me hear from you _at once_, and tell me all that you think about it
gutenberg-345	Mina, I must stop
gutenberg-345	Bless me in your prayers
gutenberg-345	and, Mina, pray for my happiness
gutenberg-345	I need not tell you this is a secret
gutenberg-345	My dearest Mina,-- “Thanks, and thanks, and thanks again for your sweet letter
gutenberg-345	It was so nice to be able to tell you and to have your sympathy
gutenberg-345	My dear, it never rains but it pours
gutenberg-345	How true the old proverbs are
gutenberg-345	THREE proposals in one day
gutenberg-345	Isn’t it awful
gutenberg-345	I feel sorry, really and truly sorry, for two of the poor fellows
gutenberg-345	Oh, Mina, I am so happy that I don’t know what to do with myself
gutenberg-345	And three proposals
gutenberg-345	Some girls are so vain
gutenberg-345	You will tell him, because I would, if I were in your place, certainly tell Arthur
gutenberg-345	A woman ought to tell her husband everything--don’t you think so, dear
gutenberg-345	and I must be fair
gutenberg-345	Men like women, certainly their wives, to be quite as fair as they are
gutenberg-345	and women, I am afraid, are not always quite as fair as they should be
gutenberg-345	Well, my dear, number One came just before lunch
gutenberg-345	I told you of him, Dr
gutenberg-345	John Seward, the lunatic-asylum man, with the strong jaw and the good forehead
gutenberg-345	He was very cool outwardly, but was nervous all the same
gutenberg-345	He had evidently been schooling himself as to all sorts of little things, and remembered them
gutenberg-345	He spoke to me, Mina, very straightforwardly
gutenberg-345	Then he broke off and asked if I could love him in time
gutenberg-345	And then, Mina, I felt a sort of duty to tell him that there was some one
gutenberg-345	Oh, Mina dear, I can’t help crying: and you must excuse this letter being all blotted
gutenberg-345	My dear, I must stop here at present, I feel so miserable, though I am so happy
gutenberg-345	Well, my dear, number Two came after lunch
gutenberg-345	No, I don’t, for there was Mr
gutenberg-345	Morris telling us his stories, and Arthur never told any, and yet---- My dear, I am somewhat previous
gutenberg-345	Morris found me alone
gutenberg-345	It seems that a man always does find a girl alone
gutenberg-345	No, he doesn’t, for Arthur tried twice to _make_ a chance, and I helping him all I could
gutenberg-345	I am not ashamed to say it now
gutenberg-345	I must tell you beforehand that Mr
gutenberg-345	But this is a way slang has
gutenberg-345	I do not know myself if I shall ever speak slang
gutenberg-345	I do not know if Arthur likes it, as I have never heard him use any as yet
gutenberg-345	Tell me, like one good fellow to another, is there any one else that you care for
gutenberg-345	My dear Mina, why are men so noble when we women are so little worthy of them
gutenberg-345	Here was I almost making fun of this great-hearted, true gentleman
gutenberg-345	But this is heresy, and I must not say it
gutenberg-345	I am glad to say that, though I was crying, I was able to look into Mr
gutenberg-345	Don’t cry, my dear
gutenberg-345	If it’s for me, I’m a hard nut to crack
gutenberg-345	and I take it standing up
gutenberg-345	Little girl, your honesty and pluck have made me a friend, and that’s rarer than a lover
gutenberg-345	it’s more unselfish anyhow
gutenberg-345	My dear, I’m going to have a pretty lonely walk between this and Kingdom Come
gutenberg-345	Won’t you give me one kiss
gutenberg-345	It’ll be something to keep off the darkness now and then
gutenberg-345	and he so sad
gutenberg-345	so I leant over and kissed him
gutenberg-345	Thank you for your sweet honesty to me, and good-bye
gutenberg-345	and I am crying like a baby
gutenberg-345	I know I would if I were free--only I don’t want to be free
gutenberg-345	and I don’t wish to tell of the number three until it can be all happy
gutenberg-345	Ever your loving “LUCY
gutenberg-345	Oh, about number Three--I needn’t tell you of number Three, need I
gutenberg-345	Besides, it was all so confused
gutenberg-345	I am very, very happy, and I don’t know what I have done to deserve it
gutenberg-345	My dear Art,-- “We’ve told yarns by the camp-fire in the prairies
gutenberg-345	and dressed one another’s wounds after trying a landing at the Marquesas
gutenberg-345	and drunk healths on the shore of Titicaca
gutenberg-345	Won’t you let this be at my camp-fire to-morrow night
gutenberg-345	There will only be one other, our old pal at the Korea, Jack Seward
gutenberg-345	Yours, as ever and always, “QUINCEY P
gutenberg-345	Count me in every time
gutenberg-345	I bear messages which will make both your ears tingle
gutenberg-345	I wouldn’t fash masel’ about them, miss
gutenberg-345	Them things be all wore out
gutenberg-345	Mind, I don’t say that they never was, but I do say that they wasn’t in my time
gutenberg-345	I wonder masel’ who’d be bothered tellin’ lies to them--even the newspapers, which is full of fool-talk
gutenberg-345	I must gang ageeanwards home now, miss
gutenberg-345	an’, miss, I lack belly-timber sairly by the clock
gutenberg-345	It be all fool-talk, lock, stock, and barrel
gutenberg-345	that’s what it be, an’ nowt else
gutenberg-345	They be nowt but air-blebs
gutenberg-345	It makes me ireful to think o’ them
gutenberg-345	Look here all around you in what airt ye will
gutenberg-345	an’ the memories of them bean’t cared a pinch of snuff about, much less sacred
gutenberg-345	Lies all of them, nothin’ but lies of one kind or another
gutenberg-345	Swales, you can’t be serious
gutenberg-345	Surely these tombstones are not all wrong
gutenberg-345	There may be a poorish few not wrong, savin’ where they make out the people too good
gutenberg-345	The whole thing be only lies
gutenberg-345	Now look you here
gutenberg-345	you come here a stranger, an’ you see this kirk-garth
gutenberg-345	And you consate that all these steans be aboon folk that be happed here, snod an’ snog
gutenberg-345	Then that be just where the lie comes in
gutenberg-345	Why, there be scores of these lay-beds that be toom as old Dun’s ’bacca-box on Friday night
gutenberg-345	And my gog
gutenberg-345	how could they be otherwise
gutenberg-345	Look at that one, the aftest abaft the bier-bank: read it
gutenberg-345	Edward Spencelagh, master mariner, murdered by pirates off the coast of Andres, April, 1854, æt
gutenberg-345	Who brought him home, I wonder, to hap him here
gutenberg-345	Murdered off the coast of Andres
gutenberg-345	an’ you consated his body lay under
gutenberg-345	Why, I could name ye a dozen whose bones lie in the Greenland seas above
gutenberg-345	or where the currents may have drifted them
gutenberg-345	There be the steans around ye
gutenberg-345	Ye can, with your young eyes, read the small-print of the lies from here
gutenberg-345	This Braithwaite Lowrey--I knew his father, lost in the _Lively_ off Greenland in ’20
gutenberg-345	or Andrew Woodhouse, drowned in the same seas in 1777
gutenberg-345	or John Paxton, drowned off Cape Farewell a year later
gutenberg-345	or old John Rawlings, whose grandfather sailed with me, drowned in the Gulf of Finland in ’50
gutenberg-345	I have me antherums aboot it
gutenberg-345	Do you think that will be really necessary
gutenberg-345	Well, what else be they tombstones for
gutenberg-345	Answer me that, miss
gutenberg-345	To please their relatives, I suppose
gutenberg-345	To please their relatives, you suppose
gutenberg-345	Read the lies on that thruff-stean
gutenberg-345	This tomb was erected by his sorrowing mother to her dearly beloved son
gutenberg-345	He was the only son of his mother, and she was a widow
gutenberg-345	Swales, I don’t see anything very funny in that
gutenberg-345	Ye don’t see aught funny
gutenberg-345	Twarn’t for crows then, for it brought the clegs and the dowps to him
gutenberg-345	That’s the way he fell off the rocks
gutenberg-345	Now isn’t that stean at any rate
gutenberg-345	a pack of lies
gutenberg-345	Oh, why did you tell us of this
gutenberg-345	It is my favourite seat, and I cannot leave it
gutenberg-345	and now I find I must go on sitting over the grave of a suicide
gutenberg-345	That won’t harm ye, my pretty
gutenberg-345	an’ it may make poor Geordie gladsome to have so trim a lass sittin’ on his lap
gutenberg-345	That won’t hurt ye
gutenberg-345	Don’t ye fash about them as lies under ye, or that doesn’ lie there either
gutenberg-345	There’s the clock, an’ I must gang
gutenberg-345	My service to ye, ladies
gutenberg-345	May I have three days
gutenberg-345	I shall clear them away
gutenberg-345	Oh, yes, I would like a cat
gutenberg-345	I only asked for a kitten lest you should refuse me a cat
gutenberg-345	No one would refuse me a kitten, would they
gutenberg-345	My belief is, doctor
gutenberg-345	that he has eaten his birds, and that he just took and ate them raw
gutenberg-345	men like trees walking
gutenberg-345	I want to say something to you, miss
gutenberg-345	but I didn’t mean them, and I want ye to remember that when I’m gone
gutenberg-345	But, Lord love ye, miss, I ain’t afraid of dyin’, not a bit
gutenberg-345	only I don’t want to die if I can help it
gutenberg-345	and I’m so nigh it that the Aud Man is already whettin’ his scythe
gutenberg-345	Ye see, I can’t get out o’ the habit of caffin’ about it all at once
gutenberg-345	the chafts will wag as they be used to
gutenberg-345	Some day soon the Angel of Death will sound his trumpet for me
gutenberg-345	But don’t ye dooal an’ greet, my deary
gutenberg-345	if he should come this very night I’d not refuse to answer his call
gutenberg-345	For life be, after all, only a waitin’ for somethin’ else than what we’re doin
gutenberg-345	and death be all that we can rightly depend on
gutenberg-345	But I’m content, for it’s comin’ to me, my deary, and comin’ quick
gutenberg-345	It may be comin’ while we be lookin’ and wonderin
gutenberg-345	It’s in the air
gutenberg-345	I feel it comin
gutenberg-345	Lord, make me answer cheerful when my call comes
gutenberg-345	I can’t make her out
gutenberg-345	she’s a Russian, by the look of her
gutenberg-345	but she’s knocking about in the queerest way
gutenberg-345	She doesn’t know her mind a bit
gutenberg-345	Look there again
gutenberg-345	She is steered mighty strangely, for she doesn’t mind the hand on the wheel
gutenberg-345	changes about with every puff of wind
gutenberg-345	We’ll hear more of her before this time to-morrow
gutenberg-345	2: light breeze
gutenberg-345	Prelude to the Great Storm
gutenberg-345	As idle as a painted ship upon a painted ocean
gutenberg-345	she must fetch up somewhere, if it was only in hell
gutenberg-345	nine days’ wonder
gutenberg-345	It_ is here
gutenberg-345	I know it, now
gutenberg-345	On the watch last night I saw It, like a man, tall and thin, and ghastly pale
gutenberg-345	It was in the bows, and looking out
gutenberg-345	I crept behind It, and gave It my knife
gutenberg-345	but the knife went through It, empty as the air
gutenberg-345	But It is here, and I’ll find It
gutenberg-345	It is in the hold, perhaps in one of those boxes
gutenberg-345	I’ll unscrew them one by one and see
gutenberg-345	You work the helm
gutenberg-345	You had better come too, captain, before it is too late
gutenberg-345	He_ is there
gutenberg-345	I know the secret now
gutenberg-345	The sea will save me from Him, and it is all that is left
gutenberg-345	mystery of the sea
gutenberg-345	she cannot be far, as she is only in her nightdress
gutenberg-345	His red eyes again
gutenberg-345	They are just the same
gutenberg-345	Dear Sirs,-- “Herewith please receive invoice of goods sent by Great Northern Railway
gutenberg-345	Same are to be delivered at Carfax, near Purfleet, immediately on receipt at goods station King’s Cross
gutenberg-345	The house is at present empty, but enclosed please find keys, all of which are labelled
gutenberg-345	Your agent will easily recognise the locality, as it is the ancient chapel of the mansion
gutenberg-345	Should the charge be less than this amount, you can return balance
gutenberg-345	if greater, we shall at once send cheque for difference on hearing from you
gutenberg-345	We are, dear Sirs, “Faithfully yours, “SAMUEL F
gutenberg-345	BILLINGTON & SON
gutenberg-345	Dear Sirs,-- “We beg to acknowledge £10 received and to return cheque £1 17s
gutenberg-345	9d, amount of overplus, as shown in receipted account herewith
gutenberg-345	Goods are delivered in exact accordance with instructions, and keys left in parcel in main hall, as directed
gutenberg-345	We are, dear Sirs, “Yours respectfully
gutenberg-345	Pro_ CARTER, PATERSON & CO
gutenberg-345	My poor little feet didn’t make much noise then
gutenberg-345	I daresay poor old Mr
gutenberg-345	Swales would have told me that it was because I didn’t want to wake up Geordie
gutenberg-345	I didn’t quite dream
gutenberg-345	but it all seemed to be real
gutenberg-345	I remember, though I suppose I was asleep, passing through the streets and over the bridge
gutenberg-345	and then everything seemed passing away from me
gutenberg-345	my soul seemed to go out from my body and float about the air
gutenberg-345	I saw you do it before I felt you
gutenberg-345	Dear Madam,-- “I write by desire of Mr
gutenberg-345	Jonathan Harker, who is himself not strong enough to write, though progressing well, thanks to God and St
gutenberg-345	Joseph and Ste
gutenberg-345	He has been under our care for nearly six weeks, suffering from a violent brain fever
gutenberg-345	He will require some few weeks’ rest in our sanatorium in the hills, but will then return
gutenberg-345	Believe me, “Yours, with sympathy and all blessings, “SISTER AGATHA
gutenberg-345	My patient being asleep, I open this to let you know something more
gutenberg-345	He has told me all about you, and that you are shortly to be his wife
gutenberg-345	All blessings to you both
gutenberg-345	He has had some fearful shock--so says our doctor--and in his delirium his ravings have been dreadful
gutenberg-345	of wolves and poison and blood
gutenberg-345	of ghosts and demons
gutenberg-345	and I fear to say of what
gutenberg-345	the traces of such an illness as his do not lightly die away
gutenberg-345	Be assured that he is well cared for
gutenberg-345	He has won all hearts by his sweetness and gentleness
gutenberg-345	But be careful of him for safety’s sake
gutenberg-345	There are, I pray God and St
gutenberg-345	Mary, many, many, happy years for you both
gutenberg-345	I don’t want to talk to you: you don’t count now
gutenberg-345	the Master is at hand
gutenberg-345	Bother them all
gutenberg-345	I don’t care a pin about them
gutenberg-345	You don’t mean to tell me you don’t care about spiders
gutenberg-345	The bride-maidens rejoice the eyes that wait the coming of the bride
gutenberg-345	but when the bride draweth nigh, then the maidens shine not to the eyes that are filled
gutenberg-345	I am here to do Your bidding, Master
gutenberg-345	I am Your slave, and You will reward me, for I shall be faithful
gutenberg-345	I have worshipped You long and afar off
gutenberg-345	I shall be patient, Master
gutenberg-345	It is coming--coming--coming
gutenberg-345	Buda-Pesth, 24 August
gutenberg-345	I found my dear one, oh, so thin and pale and weak-looking
gutenberg-345	At least, he wants me to believe so, and I shall never ask
gutenberg-345	I wanted her to tell me what they were
gutenberg-345	but she would only cross herself, and say she would never tell
gutenberg-345	and you, as his wife to be, have no cause to be concerned
gutenberg-345	He has not forgotten you or what he owes to you
gutenberg-345	His fear was of great and terrible things, which no mortal can treat of
gutenberg-345	The idea of _my_ being jealous about Jonathan
gutenberg-345	I am now sitting by his bedside, where I can see his face while he sleeps
gutenberg-345	He is waking
gutenberg-345	When he woke he asked me for his coat, as he wanted to get something from the pocket
gutenberg-345	I asked Sister Agatha, and she brought all his things
gutenberg-345	You know I have had brain fever, and that is to be mad
gutenberg-345	The secret is here, and I do not want to know it
gutenberg-345	I want to take up my life here, with our marriage
gutenberg-345	For, my dear, we had decided to be married as soon as the formalities are complete
gutenberg-345	Are you willing, Wilhelmina, to share my ignorance
gutenberg-345	Here is the book
gutenberg-345	Take it and keep it, read it if you will, but never let me know
gutenberg-345	He fell back exhausted, and I put the book under his pillow, and kissed him
gutenberg-345	She has come and told me that the chaplain of the English mission church has been sent for
gutenberg-345	We are to be married in an hour, or as soon after as Jonathan awakes
gutenberg-345	Lucy, the time has come and gone
gutenberg-345	I feel very solemn, but very, very happy
gutenberg-345	He answered his ‘I will’ firmly and strongly
gutenberg-345	I could hardly speak
gutenberg-345	my heart was so full that even those words seemed to choke me
gutenberg-345	The dear sisters were so kind
gutenberg-345	I must tell you of my wedding present
gutenberg-345	Well, my dear, what could I say
gutenberg-345	Lucy dear, do you know why I tell you all this
gutenberg-345	so that in your own married life you too may be all happy as I am
gutenberg-345	I must not wish you no pain, for that can never be
gutenberg-345	but I do hope you will be _always_ as happy as I am _now
gutenberg-345	Good-bye, my dear
gutenberg-345	I shall post this at once, and, perhaps, write you very soon again
gutenberg-345	I must stop, for Jonathan is waking--I must attend to my husband
gutenberg-345	Your ever-loving “MINA HARKER
gutenberg-345	Whitby, 30 August
gutenberg-345	I wish you could be coming home soon enough to stay with us here
gutenberg-345	The strong air would soon restore Jonathan
gutenberg-345	it has quite restored me
gutenberg-345	I have an appetite like a cormorant, am full of life, and sleep well
gutenberg-345	You will be glad to know that I have quite given up walking in my sleep
gutenberg-345	Arthur says I am getting fat
gutenberg-345	By the way, I forgot to tell you that Arthur is here
gutenberg-345	We have such walks and drives, and rides, and rowing, and tennis, and fishing together
gutenberg-345	and I love him more than ever
gutenberg-345	But this is nonsense
gutenberg-345	There he is, calling to me
gutenberg-345	So no more just at present from your loving “LUCY
gutenberg-345	Mother sends her love
gutenberg-345	She seems better, poor dear
gutenberg-345	We are to be married on 28 September
gutenberg-345	Now I can wait
gutenberg-345	They think I could hurt you
gutenberg-345	Fancy _me_ hurting _you
gutenberg-345	I don’t take any stock in cats
gutenberg-345	I have more to think of now, and I can wait
gutenberg-345	I can wait
gutenberg-345	The unexpected always happens
gutenberg-345	You needn’t tie me
gutenberg-345	I shall go quietly
gutenberg-345	Albemarle Hotel, 31 August
gutenberg-345	My dear Jack,-- “I want you to do me a favour
gutenberg-345	Lucy is ill
gutenberg-345	that is, she has no special disease, but she looks awful, and is getting worse every day
gutenberg-345	I have asked her if there is any cause
gutenberg-345	I am sure that there is something preying on my dear girl’s mind
gutenberg-345	I am almost distracted when I think of her
gutenberg-345	to look at her gives me a pang
gutenberg-345	Westenra, and after lunch Lucy will take an opportunity of being alone with you
gutenberg-345	I shall come in for tea, and we can go away together
gutenberg-345	Do not fail
gutenberg-345	Am summoned to see my father, who is worse
gutenberg-345	Write me fully by to-night’s post to Ring
gutenberg-345	Wire me if necessary
gutenberg-345	At the same time, I am not by any means satisfied with her appearance
gutenberg-345	she is woefully different from what she was when I saw her last
gutenberg-345	our very friendship makes a little difficulty which not even medical science or custom can bridge over
gutenberg-345	I had better tell you exactly what happened, leaving you to draw, in a measure, your own conclusions
gutenberg-345	I shall then say what I have done and propose doing
gutenberg-345	I found Miss Westenra in seemingly gay spirits
gutenberg-345	I have no doubt she guesses, if she does not know, what need of caution there is
gutenberg-345	Westenra went to lie down, and Lucy was left with me
gutenberg-345	She said to me very sweetly:-- “‘I cannot tell you how I loathe talking about myself
gutenberg-345	I reminded her that a doctor’s confidence was sacred, but that you were grievously anxious about her
gutenberg-345	She caught on to my meaning at once, and settled that matter in a word
gutenberg-345	Tell Arthur everything you choose
gutenberg-345	I do not care for myself, but all for him
gutenberg-345	So I am quite free
gutenberg-345	In other physical matters I was quite satisfied that there is no need for anxiety
gutenberg-345	but she assures me that of late the habit has not returned
gutenberg-345	I am in doubt, and so have done the best thing I know of
gutenberg-345	He is a philosopher and a metaphysician, and one of the most advanced scientists of his day
gutenberg-345	and he has, I believe, an absolutely open mind
gutenberg-345	I tell you these facts that you may know why I have such confidence in him
gutenberg-345	I have asked him to come at once
gutenberg-345	I shall see Miss Westenra to-morrow again
gutenberg-345	Yours always, “JOHN SEWARD
gutenberg-345	My good Friend,-- “When I have received your letter I am already coming to you
gutenberg-345	But it is pleasure added to do for him, your friend
gutenberg-345	it is to you that I come
gutenberg-345	But if need be I shall come again in three days, and stay longer if it must
gutenberg-345	Till then good-bye, my friend John
gutenberg-345	My dear Art,-- “Van Helsing has come and gone
gutenberg-345	Van Helsing made a very careful examination of the patient
gutenberg-345	He is, I fear, much concerned, but says he must think
gutenberg-345	Tell him what I think, if you can guess it, if you will
gutenberg-345	Nay, I am not jesting
gutenberg-345	This is no jest, but life and death, perhaps more
gutenberg-345	I asked what he meant by that, for he was very serious
gutenberg-345	He would not give me any further clue
gutenberg-345	He will speak plainly enough when the time comes, be sure
gutenberg-345	I am to get his report to-morrow if he can possibly make it
gutenberg-345	In any case I am to have a letter
gutenberg-345	Well, as to the visit
gutenberg-345	Lucy was more cheerful than on the day I first saw her, and certainly looked better
gutenberg-345	She had lost something of the ghastly look that so upset you, and her breathing was normal
gutenberg-345	though I could see that the poor girl was making a hard struggle for it
gutenberg-345	That is much, my dear, ever were there that which I do not see
gutenberg-345	They told me you were down in the spirit, and that you were of a ghastly pale
gutenberg-345	To them I say: “Pouf
gutenberg-345	As I tell you, he would not say a word more, even when we were alone
gutenberg-345	And so now, Art, you know all I know
gutenberg-345	I shall keep stern watch
gutenberg-345	I trust your poor father is rallying
gutenberg-345	I know your idea of duty to your father, and you are right to stick to it
gutenberg-345	but, if need be, I shall send you word to come at once to Lucy
gutenberg-345	so do not be over-anxious unless you hear from me
gutenberg-345	He has deserted me
gutenberg-345	No hope for me now unless I do it for myself
gutenberg-345	Doctor, won’t you be very good to me and let me have a little more sugar
gutenberg-345	I think it would be good for me
gutenberg-345	And the flies
gutenberg-345	The flies like it, too, and I like the flies
gutenberg-345	therefore I like it
gutenberg-345	Are you not going to keep flies any more
gutenberg-345	I am sick of all that rubbish
gutenberg-345	Patient still better to-day
gutenberg-345	Patient greatly improved
gutenberg-345	colour coming back
gutenberg-345	Terrible change for the worse
gutenberg-345	Come at once
gutenberg-345	do not lose an hour
gutenberg-345	I hold over telegram to Holmwood till have seen you
gutenberg-345	My dear Art,-- “My news to-day is not so good
gutenberg-345	Lucy this morning had gone back a bit
gutenberg-345	There is, however, one good thing which has arisen from it
gutenberg-345	Westenra was naturally anxious concerning Lucy, and has consulted me professionally about her
gutenberg-345	We are hedged in with difficulties, all of us, my poor old fellow
gutenberg-345	but, please God, we shall come through them all right
gutenberg-345	In haste “Yours ever, “JOHN SEWARD
gutenberg-345	Have you said anything to our young friend the lover of her
gutenberg-345	I waited till I had seen you, as I said in my telegram
gutenberg-345	Right, my friend
gutenberg-345	Better he not know as yet
gutenberg-345	perhaps he shall never know
gutenberg-345	I pray so
gutenberg-345	but if it be needed, then he shall know all
gutenberg-345	And, my good friend John, let me caution you
gutenberg-345	You deal with the madmen
gutenberg-345	All men are mad in some way or the other
gutenberg-345	You tell not your madmen what you do nor why you do it
gutenberg-345	you tell them not what you think
gutenberg-345	You and I shall keep as yet what we know here, and here
gutenberg-345	I have for myself thoughts at the present
gutenberg-345	Later I shall unfold to you
gutenberg-345	Why not now
gutenberg-345	It may do some good
gutenberg-345	we may arrive at some decision
gutenberg-345	he’s good corn
gutenberg-345	he will make good crop when the time comes
gutenberg-345	The good husbandman tell you so then because he knows, but not till then
gutenberg-345	But you do not find the good husbandman dig up his planted corn to see if he grow
gutenberg-345	See you now, friend John
gutenberg-345	I have sown my corn, and Nature has her work to do in making it sprout
gutenberg-345	if he sprout at all, there’s some promise
gutenberg-345	and I wait till the ear begins to swell
gutenberg-345	You were always a careful student, and your case-book was ever more full than the rest
gutenberg-345	You were only student then
gutenberg-345	now you are master, and I trust that good habit have not fail
gutenberg-345	Remember, my friend, that knowledge is stronger than memory, and we should not trust the weaker
gutenberg-345	Take then good note of it
gutenberg-345	Nothing is too small
gutenberg-345	I counsel you, put down in record even your doubts and surmises
gutenberg-345	Hereafter it may be of interest to you to see how true you guess
gutenberg-345	We learn from failure, not from success
gutenberg-345	the ghastly paraphernalia of our beneficial trade
gutenberg-345	this is dreadful
gutenberg-345	There is no time to be lost
gutenberg-345	She will die for sheer want of blood to keep the heart’s action as it should be
gutenberg-345	There must be transfusion of blood at once
gutenberg-345	Is it you or me
gutenberg-345	I am younger and stronger, Professor
gutenberg-345	It must be me
gutenberg-345	Then get ready at once
gutenberg-345	I will bring up my bag
gutenberg-345	I am prepared
gutenberg-345	Jack, I was so anxious
gutenberg-345	I read between the lines of your letter, and have been in an agony
gutenberg-345	The dad was better, so I ran down here to see for myself
gutenberg-345	Is not that gentleman Dr
gutenberg-345	I am so thankful to you, sir, for coming
gutenberg-345	Sir, you have come in time
gutenberg-345	You are the lover of our dear miss
gutenberg-345	She is bad, very, very bad
gutenberg-345	Nay, my child, do not go like that
gutenberg-345	You are to help her
gutenberg-345	You can do more than any that live, and your courage is your best help
gutenberg-345	What can I do
gutenberg-345	Tell me, and I shall do it
gutenberg-345	My life is hers, and I would give the last drop of blood in my body for her
gutenberg-345	My young sir, I do not ask so much as that--not the last
gutenberg-345	What shall I do
gutenberg-45	Rachel Lynde’s husband
gutenberg-45	He doesn’t generally go to town this time of year and he _never_ visits
gutenberg-45	he wasn’t driving fast enough to be going for a doctor
gutenberg-45	Yet something must have happened since last night to start him off
gutenberg-45	It’s just _staying_, that’s what
gutenberg-45	It’s no wonder Matthew and Marilla are both a little odd, living away back here by themselves
gutenberg-45	Trees aren’t much company, though dear knows if they were there’d be enough of them
gutenberg-45	I’d ruther look at people
gutenberg-45	To be sure, they seem contented enough
gutenberg-45	but then, I suppose, they’re used to it
gutenberg-45	A body can get used to anything, even to being hanged, as the Irishman said
gutenberg-45	Good evening, Rachel
gutenberg-45	This is a real fine evening, isn’t it
gutenberg-45	Won’t you sit down
gutenberg-45	How are all your folks
gutenberg-45	We’re all pretty well
gutenberg-45	I was kind of afraid _you_ weren’t, though, when I saw Matthew starting off today
gutenberg-45	I thought maybe he was going to the doctor’s
gutenberg-45	Oh, no, I’m quite well although I had a bad headache yesterday
gutenberg-45	Matthew went to Bright River
gutenberg-45	Are you in earnest, Marilla
gutenberg-45	Yes, of course
gutenberg-45	What on earth put such a notion into your head
gutenberg-45	Well, we’ve been thinking about it for some time--all winter in fact
gutenberg-45	Her cousin lives there and Mrs
gutenberg-45	Spencer has visited her and knows all about it
gutenberg-45	So Matthew and I have talked it over off and on ever since
gutenberg-45	We thought we’d get a boy
gutenberg-45	Matthew is getting up in years, you know--he’s sixty--and he isn’t so spry as he once was
gutenberg-45	His heart troubles him a good deal
gutenberg-45	And you know how desperate hard it’s got to be to get hired help
gutenberg-45	There’s never anybody to be had but those stupid, half-grown little French boys
gutenberg-45	At first Matthew suggested getting a Home boy
gutenberg-45	But I said ‘no’ flat to that
gutenberg-45	They may be all right--I’m not saying they’re not--but no London street Arabs for me,’ I said
gutenberg-45	Give me a native born at least
gutenberg-45	There’ll be a risk, no matter who we get
gutenberg-45	But I’ll feel easier in my mind and sleep sounder at nights if we get a born Canadian
gutenberg-45	So in the end we decided to ask Mrs
gutenberg-45	Spencer to pick us out one when she went over to get her little girl
gutenberg-45	We mean to give him a good home and schooling
gutenberg-45	We had a telegram from Mrs
gutenberg-45	Alexander Spencer today--the mail-man brought it from the station--saying they were coming on the five-thirty train tonight
gutenberg-45	So Matthew went to Bright River to meet him
gutenberg-45	Spencer will drop him off there
gutenberg-45	Of course she goes on to White Sands station herself
gutenberg-45	You don’t know what you’re getting
gutenberg-45	I don’t deny there’s something in what you say, Rachel
gutenberg-45	I’ve had some qualms myself
gutenberg-45	But Matthew was terrible set on it
gutenberg-45	I could see that, so I gave in
gutenberg-45	And as for the risk, there’s risks in pretty near everything a body does in this world
gutenberg-45	And then Nova Scotia is right close to the Island
gutenberg-45	It isn’t as if we were getting him from England or the States
gutenberg-45	He can’t be much different from ourselves
gutenberg-45	Well, I hope it will turn out all right
gutenberg-45	Only, it was a girl in that instance
gutenberg-45	Well, we’re not getting a girl
gutenberg-45	I’d never dream of taking a girl to bring up
gutenberg-45	I wonder at Mrs
gutenberg-45	Alexander Spencer for doing it
gutenberg-45	But there, _she_ wouldn’t shrink from adopting a whole orphan asylum if she took it into her head
gutenberg-45	Well, of all things that ever were or will be
gutenberg-45	It does really seem as if I must be dreaming
gutenberg-45	Well, I’m sorry for that poor young one and no mistake
gutenberg-45	It seems uncanny to think of a child at Green Gables somehow
gutenberg-45	I wouldn’t be in that orphan’s shoes for anything
gutenberg-45	My, but I pity him, that’s what
gutenberg-45	The little birds sang as if it were The one day of summer in all the year
gutenberg-45	The five-thirty train has been in and gone half an hour ago
gutenberg-45	But there was a passenger dropped off for you--a little girl
gutenberg-45	She’s sitting out there on the shingles
gutenberg-45	There was more scope for imagination,’ she said
gutenberg-45	She’s a case, I should say
gutenberg-45	I’m not expecting a girl
gutenberg-45	It’s a boy I’ve come for
gutenberg-45	He should be here
gutenberg-45	Alexander Spencer was to bring him over from Nova Scotia for me
gutenberg-45	Guess there’s some mistake
gutenberg-45	Spencer came off the train with that girl and gave her into my charge
gutenberg-45	That’s all I know about it--and I haven’t got any more orphans concealed hereabouts
gutenberg-45	I don’t understand
gutenberg-45	Well, you’d better question the girl
gutenberg-45	I dare say she’ll be able to explain--she’s got a tongue of her own, that’s certain
gutenberg-45	Maybe they were out of boys of the brand you wanted
gutenberg-45	I suppose you are Mr
gutenberg-45	Matthew Cuthbert of Green Gables
gutenberg-45	I’m very glad to see you
gutenberg-45	You could imagine you were dwelling in marble halls, couldn’t you
gutenberg-45	And I was quite sure you would come for me in the morning, if you didn’t tonight
gutenberg-45	I’m sorry I was late
gutenberg-45	The horse is over in the yard
gutenberg-45	Give me your bag
gutenberg-45	Oh, I can carry it
gutenberg-45	It isn’t heavy
gutenberg-45	I’ve got all my worldly goods in it, but it isn’t heavy
gutenberg-45	It’s an extremely old carpet-bag
gutenberg-45	We’ve got to drive a long piece, haven’t we
gutenberg-45	Spencer said it was eight miles
gutenberg-45	I’m glad because I love driving
gutenberg-45	Oh, it seems so wonderful that I’m going to live with you and belong to you
gutenberg-45	I’ve never belonged to anybody--not really
gutenberg-45	But the asylum was the worst
gutenberg-45	I’ve only been in it four months, but that was enough
gutenberg-45	It’s worse than anything you could imagine
gutenberg-45	Spencer said it was wicked of me to talk like that, but I didn’t mean to be wicked
gutenberg-45	It’s so easy to be wicked without knowing it, isn’t it
gutenberg-45	They were good, you know--the asylum people
gutenberg-45	But there is so little scope for the imagination in an asylum--only just in the other orphans
gutenberg-45	I guess that’s why I’m so thin--I _am_ dreadful thin, ain’t I
gutenberg-45	There isn’t a pick on my bones
gutenberg-45	I do love to imagine I’m nice and plump, with dimples in my elbows
gutenberg-45	Isn’t that beautiful
gutenberg-45	What did that tree, leaning out from the bank, all white and lacy, make you think of
gutenberg-45	Well now, I dunno
gutenberg-45	Why, a bride, of course--a bride all in white with a lovely misty veil
gutenberg-45	I’ve never seen one, but I can imagine what she would look like
gutenberg-45	I don’t ever expect to be a bride myself
gutenberg-45	I’m so homely nobody will ever want to marry me--unless it might be a foreign missionary
gutenberg-45	I suppose a foreign missionary mightn’t be very particular
gutenberg-45	But I do hope that some day I shall have a white dress
gutenberg-45	That is my highest ideal of earthly bliss
gutenberg-45	I just love pretty clothes
gutenberg-45	And then I can imagine that I’m dressed gorgeously
gutenberg-45	All the orphans had to wear them, you know
gutenberg-45	A merchant in Hopeton last winter donated three hundred yards of wincey to the asylum
gutenberg-45	I felt cheered up right away and I enjoyed my trip to the Island with all my might
gutenberg-45	I wasn’t a bit sick coming over in the boat
gutenberg-45	Neither was Mrs
gutenberg-45	Spencer, although she generally is
gutenberg-45	She said she hadn’t time to get sick, watching to see that I didn’t fall overboard
gutenberg-45	She said she never saw the beat of me for prowling about
gutenberg-45	But if it kept her from being seasick it’s a mercy I did prowl, isn’t it
gutenberg-45	Oh, there are a lot more cherry-trees all in bloom
gutenberg-45	This Island is the bloomiest place
gutenberg-45	I just love it already, and I’m so glad I’m going to live here
gutenberg-45	It’s delightful when your imaginations come true, isn’t it
gutenberg-45	But those red roads are so funny
gutenberg-45	She said I must have asked her a thousand already
gutenberg-45	And what _does_ make the roads red
gutenberg-45	Well, that is one of the things to find out sometime
gutenberg-45	Isn’t it splendid to think of all the things there are to find out about
gutenberg-45	It just makes me feel glad to be alive--it’s such an interesting world
gutenberg-45	It wouldn’t be half so interesting if we knew all about everything, would it
gutenberg-45	There’d be no scope for imagination then, would there
gutenberg-45	But am I talking too much
gutenberg-45	People are always telling me I do
gutenberg-45	Would you rather I didn’t talk
gutenberg-45	If you say so I’ll stop
gutenberg-45	I can _stop_ when I make up my mind to it, although it’s difficult
gutenberg-45	kind of liked her chatter
gutenberg-45	Oh, you can talk as much as you like
gutenberg-45	I don’t mind
gutenberg-45	Oh, I’m so glad
gutenberg-45	I know you and I are going to get along together fine
gutenberg-45	I’ve had that said to me a million times if I have once
gutenberg-45	And people laugh at me because I use big words
gutenberg-45	But if you have big ideas you have to use big words to express them, haven’t you
gutenberg-45	Well now, that seems reasonable
gutenberg-45	Spencer said that my tongue must be hung in the middle
gutenberg-45	But it isn’t--it’s firmly fastened at one end
gutenberg-45	Spencer said your place was named Green Gables
gutenberg-45	I asked her all about it
gutenberg-45	And she said there were trees all around it
gutenberg-45	I was gladder than ever
gutenberg-45	I just love trees
gutenberg-45	They just looked like orphans themselves, those trees did
gutenberg-45	It used to make me want to cry to look at them
gutenberg-45	I used to say to them, ‘Oh, you _poor_ little things
gutenberg-45	But you can’t where you are
gutenberg-45	I know just exactly how you feel, little trees
gutenberg-45	I felt sorry to leave them behind this morning
gutenberg-45	You do get so attached to things like that, don’t you
gutenberg-45	Is there a brook anywhere near Green Gables
gutenberg-45	I forgot to ask Mrs
gutenberg-45	Well now, yes, there’s one right below the house
gutenberg-45	It’s always been one of my dreams to live near a brook
gutenberg-45	I never expected I would, though
gutenberg-45	Dreams don’t often come true, do they
gutenberg-45	Wouldn’t it be nice if they did
gutenberg-45	But just now I feel pretty nearly perfectly happy
gutenberg-45	I can’t feel exactly perfectly happy because--well, what color would you call this
gutenberg-45	It’s red, ain’t it
gutenberg-45	Yes, it’s red
gutenberg-45	Now you see why I can’t be perfectly happy
gutenberg-45	Nobody could who has red hair
gutenberg-45	I don’t mind the other things so much--the freckles and the green eyes and my skinniness
gutenberg-45	I can imagine them away
gutenberg-45	I can imagine that I have a beautiful rose-leaf complexion and lovely starry violet eyes
gutenberg-45	But I _cannot_ imagine that red hair away
gutenberg-45	I do my best
gutenberg-45	I think to myself, ‘Now my hair is a glorious black, black as the raven’s wing
gutenberg-45	But all the time I _know_ it is just plain red and it breaks my heart
gutenberg-45	It will be my lifelong sorrow
gutenberg-45	Her hair was pure gold rippling back from her alabaster brow
gutenberg-45	What is an alabaster brow
gutenberg-45	I never could find out
gutenberg-45	Can you tell me
gutenberg-45	Well now, I’m afraid I can’t
gutenberg-45	Well, whatever it was it must have been something nice because she was divinely beautiful
gutenberg-45	Have you ever imagined what it must feel like to be divinely beautiful
gutenberg-45	Well now, no, I haven’t
gutenberg-45	I have, often
gutenberg-45	Which would you rather be if you had the choice--divinely beautiful or dazzlingly clever or angelically good
gutenberg-45	Well now, I--I don’t know exactly
gutenberg-45	Neither do I
gutenberg-45	I can never decide
gutenberg-45	But it doesn’t make much real difference for it isn’t likely I’ll ever be either
gutenberg-45	It’s certain I’ll never be angelically good
gutenberg-45	Spencer says--oh, Mr
gutenberg-45	I guess you’re feeling pretty tired and hungry
gutenberg-45	But we haven’t very far to go now--only another mile
gutenberg-45	that place we came through--that white place--what was it
gutenberg-45	Well now, you must mean the Avenue
gutenberg-45	It is a kind of pretty place
gutenberg-45	Oh, _pretty_ doesn’t seem the right word to use
gutenberg-45	Nor beautiful, either
gutenberg-45	They don’t go far enough
gutenberg-45	Oh, it was wonderful--wonderful
gutenberg-45	It’s the first thing I ever saw that couldn’t be improved upon by imagination
gutenberg-45	It just satisfied me here
gutenberg-45	it made a queer funny ache and yet it was a pleasant ache
gutenberg-45	Did you ever have an ache like that, Mr
gutenberg-45	Well now, I just can’t recollect that I ever had
gutenberg-45	I have it lots of times--whenever I see anything royally beautiful
gutenberg-45	But they shouldn’t call that lovely place the Avenue
gutenberg-45	There is no meaning in a name like that
gutenberg-45	They should call it--let me see--the White Way of Delight
gutenberg-45	Isn’t that a nice imaginative name
gutenberg-45	Have we really only another mile to go before we get home
gutenberg-45	I’m glad and I’m sorry
gutenberg-45	I’m sorry because this drive has been so pleasant and I’m always sorry when pleasant things end
gutenberg-45	Something still pleasanter may come after, but you can never be sure
gutenberg-45	And it’s so often the case that it isn’t pleasanter
gutenberg-45	That has been my experience anyhow
gutenberg-45	But I’m glad to think of getting home
gutenberg-45	You see, I’ve never had a real home since I can remember
gutenberg-45	It gives me that pleasant ache again just to think of coming to a really truly home
gutenberg-45	Oh, isn’t that pretty
gutenberg-45	That’s Barry’s pond
gutenberg-45	Oh, I don’t like that name, either
gutenberg-45	I shall call it--let me see--the Lake of Shining Waters
gutenberg-45	Yes, that is the right name for it
gutenberg-45	I know because of the thrill
gutenberg-45	When I hit on a name that suits exactly it gives me a thrill
gutenberg-45	Do things ever give you a thrill
gutenberg-45	Well now, yes
gutenberg-45	I hate the look of them
gutenberg-45	Oh, I don’t think that can be exactly the same kind of a thrill
gutenberg-45	Do you think it can
gutenberg-45	There doesn’t seem to be much connection between grubs and lakes of shining waters, does there
gutenberg-45	But why do other people call it Barry’s pond
gutenberg-45	I reckon because Mr
gutenberg-45	Barry lives up there in that house
gutenberg-45	Orchard Slope’s the name of his place
gutenberg-45	If it wasn’t for that big bush behind it you could see Green Gables from here
gutenberg-45	Barry any little girls
gutenberg-45	Well, not so very little either--about my size
gutenberg-45	He’s got one about eleven
gutenberg-45	Her name is Diana
gutenberg-45	What a perfectly lovely name
gutenberg-45	There’s something dreadful heathenish about it, seems to me
gutenberg-45	I’d ruther Jane or Mary or some sensible name like that
gutenberg-45	I wish there had been a schoolmaster like that around when I was born, then
gutenberg-45	Oh, here we are at the bridge
gutenberg-45	I’m going to shut my eyes tight
gutenberg-45	I’m always afraid going over bridges
gutenberg-45	So I shut my eyes
gutenberg-45	But I always have to open them for all when I think we’re getting near the middle
gutenberg-45	Because, you see, if the bridge _did_ crumple up I’d want to _see_ it crumple
gutenberg-45	What a jolly rumble it makes
gutenberg-45	I always like the rumble part of it
gutenberg-45	Isn’t it splendid there are so many things to like in this world
gutenberg-45	There, we’re over
gutenberg-45	Now I’ll look back
gutenberg-45	Good night, dear Lake of Shining Waters
gutenberg-45	I always say good night to the things I love, just as I would to people
gutenberg-45	I think they like it
gutenberg-45	That water looks as if it was smiling at me
gutenberg-45	We’re pretty near home now
gutenberg-45	That’s Green Gables over
gutenberg-45	Oh, don’t tell me
gutenberg-45	Let me guess
gutenberg-45	I’m sure I’ll guess right
gutenberg-45	That’s it, isn’t it
gutenberg-45	Well now, you’ve guessed it
gutenberg-45	But I reckon Mrs
gutenberg-45	Spencer described it so’s you could tell
gutenberg-45	No, she didn’t--really she didn’t
gutenberg-45	All she said might just as well have been about most of those other places
gutenberg-45	I hadn’t any real idea what it looked like
gutenberg-45	But just as soon as I saw it I felt it was home
gutenberg-45	Oh, it seems as if I must be in a dream
gutenberg-45	so I stopped pinching
gutenberg-45	But it _is_ real and we’re nearly home
gutenberg-45	Listen to the trees talking in their sleep
gutenberg-45	What nice dreams they must have
gutenberg-45	all her worldly goods
gutenberg-45	Matthew Cuthbert, who’s that
gutenberg-45	Where is the boy
gutenberg-45	There wasn’t any boy
gutenberg-45	There was only _her
gutenberg-45	But there _must_ have been a boy
gutenberg-45	We sent word to Mrs
gutenberg-45	Spencer to bring a boy
gutenberg-45	Well, she didn’t
gutenberg-45	She brought _her
gutenberg-45	I asked the stationmaster
gutenberg-45	And I had to bring her home
gutenberg-45	She couldn’t be left there, no matter where the mistake had come in
gutenberg-45	Well, this is a pretty piece of business
gutenberg-45	You don’t want me
gutenberg-45	You don’t want me because I’m not a boy
gutenberg-45	I might have expected it
gutenberg-45	Nobody ever did want me
gutenberg-45	I might have known it was all too beautiful to last
gutenberg-45	I might have known nobody really did want me
gutenberg-45	Oh, what shall I do
gutenberg-45	I’m going to burst into tears
gutenberg-45	Well, well, there’s no need to cry so about it
gutenberg-45	Yes, there _is_ need
gutenberg-45	Oh, this is the most _tragical_ thing that ever happened to me
gutenberg-45	Well, don’t cry any more
gutenberg-45	We’re not going to turn you out-of-doors tonight
gutenberg-45	You’ll have to stay here until we investigate this affair
gutenberg-45	What’s your name
gutenberg-45	Will you please call me Cordelia
gutenberg-45	Call_ you Cordelia
gutenberg-45	Is that your name
gutenberg-45	No-o-o, it’s not exactly my name, but I would love to be called Cordelia
gutenberg-45	It’s such a perfectly elegant name
gutenberg-45	I don’t know what on earth you mean
gutenberg-45	If Cordelia isn’t your name, what is
gutenberg-45	but, oh, please do call me Cordelia
gutenberg-45	And Anne is such an unromantic name
gutenberg-45	Anne is a real good plain sensible name
gutenberg-45	You’ve no need to be ashamed of it
gutenberg-45	Oh, I’m not ashamed of it
gutenberg-45	only I like Cordelia better
gutenberg-45	I’ve always imagined that my name was Cordelia--at least, I always have of late years
gutenberg-45	When I was young I used to imagine it was Geraldine, but I like Cordelia better now
gutenberg-45	But if you call me Anne please call me Anne spelled with an E
gutenberg-45	What difference does it make how it’s spelled
gutenberg-45	Oh, it makes _such_ a difference
gutenberg-45	It _looks_ so much nicer
gutenberg-45	and A-n-n looks dreadful, but A-n-n-e looks so much more distinguished
gutenberg-45	Spencer to bring us a boy
gutenberg-45	Were there no boys at the asylum
gutenberg-45	Oh, yes, there was an abundance of them
gutenberg-45	Spencer said _distinctly_ that you wanted a girl about eleven years old
gutenberg-45	And the matron said she thought I would do
gutenberg-45	You don’t know how delighted I was
gutenberg-45	I couldn’t sleep all last night for joy
gutenberg-45	why didn’t you tell me at the station that you didn’t want me and leave me there
gutenberg-45	What on earth does she mean
gutenberg-45	She--she’s just referring to some conversation we had on the road
gutenberg-45	I’m going out to put the mare in, Marilla
gutenberg-45	Have tea ready when I come back
gutenberg-45	Spencer bring anybody over besides you
gutenberg-45	She brought Lily Jones for herself
gutenberg-45	Lily is only five years old and she is very beautiful and had nut-brown hair
gutenberg-45	If I was very beautiful and had nut-brown hair would you keep me
gutenberg-45	We want a boy to help Matthew on the farm
gutenberg-45	A girl would be of no use to us
gutenberg-45	Take off your hat
gutenberg-45	I’ll lay it and your bag on the hall table
gutenberg-45	You’re not eating anything
gutenberg-45	I’m in the depths of despair
gutenberg-45	Can you eat when you are in the depths of despair
gutenberg-45	I’ve never been in the depths of despair, so I can’t say
gutenberg-45	Well, did you ever try to _imagine_ you were in the depths of despair
gutenberg-45	No, I didn’t
gutenberg-45	Then I don’t think you can understand what it’s like
gutenberg-45	It’s a very uncomfortable feeling indeed
gutenberg-45	I had one chocolate caramel once two years ago and it was simply delicious
gutenberg-45	I do hope you won’t be offended because I can’t eat
gutenberg-45	Everything is extremely nice, but still I cannot eat
gutenberg-45	I guess she’s tired
gutenberg-45	Best put her to bed, Marilla
gutenberg-45	I suppose you have a nightgown
gutenberg-45	Yes, I have two
gutenberg-45	The matron of the asylum made them for me
gutenberg-45	They’re fearfully skimpy
gutenberg-45	I hate skimpy night-dresses
gutenberg-45	Well, undress as quick as you can and go to bed
gutenberg-45	I’ll come back in a few minutes for the candle
gutenberg-45	I daren’t trust you to put it out yourself
gutenberg-45	You’d likely set the place on fire
gutenberg-45	Well, this is a pretty kettle of fish
gutenberg-45	This is what comes of sending word instead of going ourselves
gutenberg-45	Richard Spencer’s folks have twisted that message somehow
gutenberg-45	One of us will have to drive over and see Mrs
gutenberg-45	Spencer tomorrow, that’s certain
gutenberg-45	This girl will have to be sent back to the asylum
gutenberg-45	Yes, I suppose so
gutenberg-45	You _suppose_ so
gutenberg-45	Don’t you know it
gutenberg-45	Well now, she’s a real nice little thing, Marilla
gutenberg-45	It’s kind of a pity to send her back when she’s so set on staying here
gutenberg-45	Matthew Cuthbert, you don’t mean to say you think we ought to keep her
gutenberg-45	Well, now, no, I suppose not--not exactly
gutenberg-45	I suppose--we could hardly be expected to keep her
gutenberg-45	I should say not
gutenberg-45	What good would she be to us
gutenberg-45	We might be some good to her
gutenberg-45	Matthew Cuthbert, I believe that child has bewitched you
gutenberg-45	I can see as plain as plain that you want to keep her
gutenberg-45	Well now, she’s a real interesting little thing
gutenberg-45	You should have heard her talk coming from the station
gutenberg-45	Oh, she can talk fast enough
gutenberg-45	I saw that at once
gutenberg-45	It’s nothing in her favor, either
gutenberg-45	I don’t like children who have so much to say
gutenberg-45	I don’t want an orphan girl and if I did she isn’t the style I’d pick out
gutenberg-45	There’s something I don’t understand about her
gutenberg-45	No, she’s got to be despatched straightway back to where she came from
gutenberg-45	I could hire a French boy to help me
gutenberg-45	and she’d be company for you
gutenberg-45	I’m not suffering for company
gutenberg-45	And I’m not going to keep her
gutenberg-45	Well now, it’s just as you say, of course, Marilla
gutenberg-45	I’m going to bed
gutenberg-45	It’s time you were dressed
gutenberg-45	Oh, isn’t it wonderful
gutenberg-45	It’s a big tree
gutenberg-45	and it blooms great, but the fruit don’t amount to much never--small and wormy
gutenberg-45	Oh, I don’t mean just the tree
gutenberg-45	Don’t you feel as if you just loved the world on a morning like this
gutenberg-45	And I can hear the brook laughing all the way up here
gutenberg-45	Have you ever noticed what cheerful things brooks are
gutenberg-45	They’re always laughing
gutenberg-45	Even in winter-time I’ve heard them under the ice
gutenberg-45	I’m so glad there’s a brook near Green Gables
gutenberg-45	If there wasn’t a brook I’d be _haunted_ by the uncomfortable feeling that there ought to be one
gutenberg-45	I’m not in the depths of despair this morning
gutenberg-45	I never can be in the morning
gutenberg-45	Isn’t it a splendid thing that there are mornings
gutenberg-45	But I feel very sad
gutenberg-45	It was a great comfort while it lasted
gutenberg-45	You’d better get dressed and come down-stairs and never mind your imaginings
gutenberg-45	Breakfast is waiting
gutenberg-45	Wash your face and comb your hair
gutenberg-45	Leave the window up and turn your bedclothes back over the foot of the bed
gutenberg-45	Be as smart as you can
gutenberg-45	I’m pretty hungry this morning
gutenberg-45	The world doesn’t seem such a howling wilderness as it did last night
gutenberg-45	I’m so glad it’s a sunshiny morning
gutenberg-45	But I like rainy mornings real well, too
gutenberg-45	All sorts of mornings are interesting, don’t you think
gutenberg-45	You don’t know what’s going to happen through the day, and there’s so much scope for imagination
gutenberg-45	I feel that I have a good deal to bear up under
gutenberg-45	For pity’s sake hold your tongue
gutenberg-45	You talk entirely too much for a little girl
gutenberg-45	Can you wash dishes right
gutenberg-45	I’m better at looking after children, though
gutenberg-45	I’ve had so much experience at that
gutenberg-45	It’s such a pity you haven’t any here for me to look after
gutenberg-45	I don’t feel as if I wanted any more children to look after than I’ve got at present
gutenberg-45	You’re_ problem enough in all conscience
gutenberg-45	What’s to be done with you I don’t know
gutenberg-45	Matthew is a most ridiculous man
gutenberg-45	I think he’s lovely
gutenberg-45	He is so very sympathetic
gutenberg-45	He didn’t mind how much I talked--he seemed to like it
gutenberg-45	I felt that he was a kindred spirit as soon as ever I saw him
gutenberg-45	You’re both queer enough, if that’s what you mean by kindred spirits
gutenberg-45	Yes, you may wash the dishes
gutenberg-45	Take plenty of hot water, and be sure you dry them well
gutenberg-45	You’ll come with me and we’ll settle what’s to be done with you
gutenberg-45	After you’ve finished the dishes go up-stairs and make your bed
gutenberg-45	I don’t dare go out
gutenberg-45	If I can’t stay here there is no use in my loving Green Gables
gutenberg-45	It’s hard enough now, so I won’t make it any harder
gutenberg-45	Anne, Anne, we want a playmate’--but it’s better not
gutenberg-45	There is no use in loving things if you have to be torn from them, is there
gutenberg-45	And it’s so hard to keep from loving things, isn’t it
gutenberg-45	That was why I was so glad when I thought I was going to live here
gutenberg-45	I thought I’d have so many things to love and nothing to hinder me
gutenberg-45	But that brief dream is over
gutenberg-45	What is the name of that geranium on the window-sill, please
gutenberg-45	That’s the apple-scented geranium
gutenberg-45	Oh, I don’t mean that sort of a name
gutenberg-45	I mean just a name you gave it yourself
gutenberg-45	Didn’t you give it a name
gutenberg-45	May I give it one then
gutenberg-45	May I call it--let me see--Bonny would do--may I call it Bonny while I’m here
gutenberg-45	Oh, do let me
gutenberg-45	Goodness, I don’t care
gutenberg-45	But where on earth is the sense of naming a geranium
gutenberg-45	Oh, I like things to have handles even if they are only geraniums
gutenberg-45	It makes them seem more like people
gutenberg-45	You wouldn’t like to be called nothing but a woman all the time
gutenberg-45	Yes, I shall call it Bonny
gutenberg-45	I named that cherry-tree outside my bedroom window this morning
gutenberg-45	I called it Snow Queen because it was so white
gutenberg-45	Of course, it won’t always be in blossom, but one can imagine that it is, can’t one
gutenberg-45	I never in all my life saw or heard anything to equal her
gutenberg-45	She _is_ kind of interesting, as Matthew says
gutenberg-45	I can feel already that I’m wondering what on earth she’ll say next
gutenberg-45	She’ll be casting a spell over me, too
gutenberg-45	She’s cast it over Matthew
gutenberg-45	I wish he was like other men and would talk things out
gutenberg-45	A body could answer back then and argue him into reason
gutenberg-45	But what’s to be done with a man who just _looks
gutenberg-45	I suppose I can have the mare and buggy this afternoon, Matthew
gutenberg-45	I’m going to drive over to White Sands and settle this thing
gutenberg-45	I’ll take Anne with me and Mrs
gutenberg-45	Spencer will probably make arrangements to send her back to Nova Scotia at once
gutenberg-45	I’ll set your tea out for you and I’ll be home in time to milk the cows
gutenberg-45	I’ve made up my mind to enjoy this drive
gutenberg-45	Of course, you must make it up _firmly
gutenberg-45	I am not going to think about going back to the asylum while we’re having our drive
gutenberg-45	I’m just going to think about the drive
gutenberg-45	Oh, look, there’s one little early wild rose out
gutenberg-45	Isn’t it lovely
gutenberg-45	Don’t you think it must be glad to be a rose
gutenberg-45	Wouldn’t it be nice if roses could talk
gutenberg-45	I’m sure they could tell us such lovely things
gutenberg-45	And isn’t pink the most bewitching color in the world
gutenberg-45	I love it, but I can’t wear it
gutenberg-45	Redheaded people can’t wear pink, not even in imagination
gutenberg-45	No, I don’t know as I ever did
gutenberg-45	and I shouldn’t think it likely to happen in your case either
gutenberg-45	Well, that is another hope gone
gutenberg-45	My life is a perfect graveyard of buried hopes
gutenberg-45	I don’t see where the comforting comes in myself
gutenberg-45	I’m rather glad I have one
gutenberg-45	Are we going across the Lake of Shining Waters today
gutenberg-45	We’re not going over Barry’s pond, if that’s what you mean by your Lake of Shining Waters
gutenberg-45	We’re going by the shore road
gutenberg-45	Shore road sounds nice
gutenberg-45	Is it as nice as it sounds
gutenberg-45	And White Sands is a pretty name, too
gutenberg-45	but I don’t like it as well as Avonlea
gutenberg-45	Avonlea is a lovely name
gutenberg-45	It just sounds like music
gutenberg-45	How far is it to White Sands
gutenberg-45	It’s five miles
gutenberg-45	Oh, what I _know_ about myself isn’t really worth telling
gutenberg-45	No, I don’t want any of your imaginings
gutenberg-45	Just you stick to bald facts
gutenberg-45	Begin at the beginning
gutenberg-45	Where were you born and how old are you
gutenberg-45	I was eleven last March
gutenberg-45	And I was born in Bolingbroke, Nova Scotia
gutenberg-45	My father’s name was Walter Shirley, and he was a teacher in the Bolingbroke High School
gutenberg-45	My mother’s name was Bertha Shirley
gutenberg-45	Aren’t Walter and Bertha lovely names
gutenberg-45	I’m so glad my parents had nice names
gutenberg-45	It would be a real disgrace to have a father named--well, say Jedediah, wouldn’t it
gutenberg-45	I guess it doesn’t matter what a person’s name is as long as he behaves himself
gutenberg-45	Well, I don’t know
gutenberg-45	I suppose my father could have been a good man even if he had been called Jedediah
gutenberg-45	but I’m sure it would have been a cross
gutenberg-45	A husband was enough responsibility
gutenberg-45	Thomas said that they were a pair of babies and as poor as church mice
gutenberg-45	They went to live in a weeny-teeny little yellow house in Bolingbroke
gutenberg-45	I’ve never seen that house, but I’ve imagined it thousands of times
gutenberg-45	Yes, and muslin curtains in all the windows
gutenberg-45	Muslin curtains give a house such an air
gutenberg-45	I was born in that house
gutenberg-45	I’m glad she was satisfied with me anyhow
gutenberg-45	She died of fever when I was just three months old
gutenberg-45	I do wish she’d lived long enough for me to remember calling her mother
gutenberg-45	I think it would be so sweet to say ‘mother,’ don’t you
gutenberg-45	And father died four days afterwards from fever too
gutenberg-45	That left me an orphan and folks were at their wits’ end, so Mrs
gutenberg-45	Thomas said, what to do with me
gutenberg-45	You see, nobody wanted me even then
gutenberg-45	It seems to be my fate
gutenberg-45	Thomas said she’d take me, though she was poor and had a drunken husband
gutenberg-45	She brought me up by hand
gutenberg-45	Because whenever I was naughty Mrs
gutenberg-45	Thomas moved away from Bolingbroke to Marysville, and I lived with them until I was eight years old
gutenberg-45	Thomas was killed falling under a train and his mother offered to take Mrs
gutenberg-45	Thomas and the children, but she didn’t want me
gutenberg-45	Thomas was at _her_ wits’ end, so she said, what to do with me
gutenberg-45	It was a very lonesome place
gutenberg-45	I’m sure I could never have lived there if I hadn’t had an imagination
gutenberg-45	Hammond worked a little sawmill up there, and Mrs
gutenberg-45	Hammond had eight children
gutenberg-45	She had twins three times
gutenberg-45	I like babies in moderation, but twins three times in succession is _too much
gutenberg-45	I told Mrs
gutenberg-45	Hammond so firmly, when the last pair came
gutenberg-45	I used to get so dreadfully tired carrying them about
gutenberg-45	I lived up river with Mrs
gutenberg-45	Hammond over two years, and then Mr
gutenberg-45	Hammond died and Mrs
gutenberg-45	Hammond broke up housekeeping
gutenberg-45	She divided her children among her relatives and went to the States
gutenberg-45	I had to go to the asylum at Hopeton, because nobody would take me
gutenberg-45	They didn’t want me at the asylum, either
gutenberg-45	they said they were overcrowded as it was
gutenberg-45	But they had to take me and I was there four months until Mrs
gutenberg-45	Did you ever go to school
gutenberg-45	Not a great deal
gutenberg-45	I went a little the last year I stayed with Mrs
gutenberg-45	But of course I went while I was at the asylum
gutenberg-45	Don’t you just love poetry that gives you a crinkly feeling up and down your back
gutenberg-45	There is a piece in the Fifth Reader--‘The Downfall of Poland’--that is just full of thrills
gutenberg-45	Were those women--Mrs
gutenberg-45	Thomas and Mrs
gutenberg-45	Hammond--good to you
gutenberg-45	Oh, they _meant_ to be--I know they meant to be just as good and kind as possible
gutenberg-45	And when people mean to be good to you, you don’t mind very much when they’re not quite--always
gutenberg-45	They had a good deal to worry them, you know
gutenberg-45	It’s very trying to have a drunken husband, you see
gutenberg-45	and it must be very trying to have twins three times in succession, don’t you think
gutenberg-45	But I feel sure they meant to be good to me
gutenberg-45	She’s got too much to say
gutenberg-45	but she might be trained out of that
gutenberg-45	And there’s nothing rude or slangy in what she does say
gutenberg-45	It’s likely her people were nice folks
gutenberg-45	woodsy and wild and lonesome
gutenberg-45	Isn’t the sea wonderful
gutenberg-45	Once, when I lived in Marysville, Mr
gutenberg-45	I lived it over in happy dreams for years
gutenberg-45	But this shore is nicer than the Marysville shore
gutenberg-45	Aren’t those gulls splendid
gutenberg-45	Would you like to be a gull
gutenberg-45	I think I would--that is, if I couldn’t be a human girl
gutenberg-45	and then at night to fly back to one’s nest
gutenberg-45	Oh, I can just imagine myself doing it
gutenberg-45	What big house is that just ahead, please
gutenberg-45	That’s the White Sands Hotel
gutenberg-45	Kirke runs it, but the season hasn’t begun yet
gutenberg-45	There are heaps of Americans come there for the summer
gutenberg-45	They think this shore is just about right
gutenberg-45	I was afraid it might be Mrs
gutenberg-45	I don’t want to get there
gutenberg-45	Somehow, it will seem like the end of everything
gutenberg-45	you’re the last folks I was looking for today, but I’m real glad to see you
gutenberg-45	You’ll put your horse in
gutenberg-45	And how are you, Anne
gutenberg-45	I’m as well as can be expected, thank you
gutenberg-45	I suppose we’ll stay a little while to rest the mare
gutenberg-45	but I promised Matthew I’d be home early
gutenberg-45	The fact is, Mrs
gutenberg-45	Spencer, there’s been a queer mistake somewhere, and I’ve come over to see where it is
gutenberg-45	We sent word, Matthew and I, for you to bring us a boy from the asylum
gutenberg-45	We told your brother Robert to tell you we wanted a boy ten or eleven years old
gutenberg-45	Marilla Cuthbert, you don’t say so
gutenberg-45	She certainly did, Miss Cuthbert
gutenberg-45	I’m dreadful sorry
gutenberg-45	It’s too bad
gutenberg-45	but it certainly wasn’t my fault, you see, Miss Cuthbert
gutenberg-45	I did the best I could and I thought I was following your instructions
gutenberg-45	Nancy is a terrible flighty thing
gutenberg-45	I’ve often had to scold her well for her heedlessness
gutenberg-45	It was our own fault
gutenberg-45	Anyhow, the mistake has been made and the only thing to do now is to set it right
gutenberg-45	Can we send the child back to the asylum
gutenberg-45	I suppose they’ll take her back, won’t they
gutenberg-45	but I don’t think it will be necessary to send her back
gutenberg-45	Peter has a large family, you know, and she finds it hard to get help
gutenberg-45	Anne will be the very girl for her
gutenberg-45	I call it positively providential
gutenberg-45	A terrible worker and driver
gutenberg-45	Well, I’ll go in and we’ll talk the matter over
gutenberg-45	And if there isn’t Mrs
gutenberg-45	Peter coming up the lane this blessed minute
gutenberg-45	That is real lucky, for we can settle the matter right away
gutenberg-45	Take the armchair, Miss Cuthbert
gutenberg-45	Anne, you sit here on the ottoman and don’t wriggle
gutenberg-45	Let me take your hats
gutenberg-45	Flora Jane, go out and put the kettle on
gutenberg-45	Good afternoon, Mrs
gutenberg-45	We were just saying how fortunate it was you happened along
gutenberg-45	Let me introduce you two ladies
gutenberg-45	Blewett, Miss Cuthbert
gutenberg-45	Please excuse me for just a moment
gutenberg-45	I forgot to tell Flora Jane to take the buns out of the oven
gutenberg-45	It seems there’s been a mistake about this little girl, Mrs
gutenberg-45	I was under the impression that Mr
gutenberg-45	and Miss Cuthbert wanted a little girl to adopt
gutenberg-45	I was certainly told so
gutenberg-45	But it seems it was a boy they wanted
gutenberg-45	How old are you and what’s your name
gutenberg-45	and I’m eleven years old
gutenberg-45	You don’t look as if there was much to you
gutenberg-45	But you’re wiry
gutenberg-45	I don’t know but the wiry ones are the best after all
gutenberg-45	Well, if I take you you’ll have to be a good girl, you know--good and smart and respectful
gutenberg-45	I’ll expect you to earn your keep, and no mistake about that
gutenberg-45	Yes, I suppose I might as well take her off your hands, Miss Cuthbert
gutenberg-45	The baby’s awful fractious, and I’m clean worn out attending to him
gutenberg-45	If you like I can take her right home now
gutenberg-45	I didn’t say that Matthew and I had absolutely decided that we wouldn’t keep her
gutenberg-45	In fact, I may say that Matthew is disposed to keep her
gutenberg-45	I just came over to find out how the mistake had occurred
gutenberg-45	I think I’d better take her home again and talk it over with Matthew
gutenberg-45	I feel that I oughtn’t to decide on anything without consulting him
gutenberg-45	If we don’t you may know that she is going to stay with us
gutenberg-45	Will that suit you, Mrs
gutenberg-45	I suppose it’ll have to
gutenberg-45	Oh, Miss Cuthbert, did you really say that perhaps you would let me stay at Green Gables
gutenberg-45	Did you really say it
gutenberg-45	Or did I only imagine that you did
gutenberg-45	Yes, you did hear me say just that and no more
gutenberg-514	Christmas won’t be Christmas without any presents
gutenberg-514	It’s so dreadful to be poor
gutenberg-514	We’ve got Father and Mother, and each other
gutenberg-514	We haven’t got Father, and shall not have him for a long time
gutenberg-514	We can’t do much, but we can make our little sacrifices, and ought to do it gladly
gutenberg-514	But I am afraid I don’t
gutenberg-514	But I don’t think the little we should spend would do any good
gutenberg-514	We’ve each got a dollar, and the army wouldn’t be much helped by our giving that
gutenberg-514	I’ve wanted it so long
gutenberg-514	I planned to spend mine in new music
gutenberg-514	I shall get a nice box of Faber’s drawing pencils
gutenberg-514	I really need them
gutenberg-514	Mother didn’t say anything about our money, and she won’t wish us to give up everything
gutenberg-514	Let’s each buy what we want, and have a little fun
gutenberg-514	I’m sure we work hard enough to earn it
gutenberg-514	I know I do—teaching those tiresome children nearly all day, when I’m longing to enjoy myself at home
gutenberg-514	You don’t have half such a hard time as I do
gutenberg-514	It makes me cross, and my hands get so stiff, I can’t practice well at all
gutenberg-514	I don’t believe any of you suffer as I do
gutenberg-514	I know what I mean, and you needn’t be statirical about it
gutenberg-514	It’s proper to use good words, and improve your vocabilary
gutenberg-514	Don’t peck at one another, children
gutenberg-514	Don’t you wish we had the money Papa lost when we were little, Jo
gutenberg-514	How happy and good we’d be, if we had no worries
gutenberg-514	So I did, Beth
gutenberg-514	Well, I think we are
gutenberg-514	Jo does use such slang words
gutenberg-514	It’s so boyish
gutenberg-514	That’s why I do it
gutenberg-514	I detest rude, unladylike girls
gutenberg-514	I hate affected, niminy-piminy chits
gutenberg-514	Birds in their little nests agree
gutenberg-514	Really, girls, you are both to be blamed
gutenberg-514	You are old enough to leave off boyish tricks, and to behave better, Josephine
gutenberg-514	And if turning up my hair makes me one, I’ll wear it in two tails till I’m twenty
gutenberg-514	It’s bad enough to be a girl, anyway, when I like boy’s games and work and manners
gutenberg-514	I can’t get over my disappointment in not being a boy
gutenberg-514	And it’s worse than ever now, for I’m dying to go and fight with Papa
gutenberg-514	And I can only stay home and knit, like a poky old woman
gutenberg-514	It’s too bad, but it can’t be helped
gutenberg-514	So you must try to be contented with making your name boyish, and playing brother to us girls
gutenberg-514	As for you, Amy
gutenberg-514	you are altogether too particular and prim
gutenberg-514	Your airs are funny now, but you’ll grow up an affected little goose, if you don’t take care
gutenberg-514	I like your nice manners and refined ways of speaking, when you don’t try to be elegant
gutenberg-514	But your absurd words are as bad as Jo’s slang
gutenberg-514	If Jo is a tomboy and Amy a goose, what am I, please
gutenberg-514	You’re a dear, and nothing else
gutenberg-514	They are quite worn out
gutenberg-514	Marmee must have a new pair
gutenberg-514	I thought I’d get her some with my dollar
gutenberg-514	No, I shall
gutenberg-514	I’m the oldest
gutenberg-514	I’ll tell you what we’ll do
gutenberg-514	let’s each get her something for Christmas, and not get anything for ourselves
gutenberg-514	That’s like you, dear
gutenberg-514	What will we get
gutenberg-514	I shall give her a nice pair of gloves
gutenberg-514	Army shoes, best to be had
gutenberg-514	Some handkerchiefs, all hemmed
gutenberg-514	I’ll get a little bottle of cologne
gutenberg-514	She likes it, and it won’t cost much, so I’ll have some left to buy my pencils
gutenberg-514	How will we give the things
gutenberg-514	Put them on the table, and bring her in and see her open the bundles
gutenberg-514	Don’t you remember how we used to do on our birthdays
gutenberg-514	Let Marmee think we are getting things for ourselves, and then surprise her
gutenberg-514	We must go shopping tomorrow afternoon, Meg
gutenberg-514	There is so much to do about the play for Christmas night
gutenberg-514	I don’t mean to act any more after this time
gutenberg-514	I’m getting too old for such things
gutenberg-514	We ought to rehearse tonight
gutenberg-514	Come here, Amy, and do the fainting scene, for you are as stiff as a poker in that
gutenberg-514	I can’t help it
gutenberg-514	If I can go down easily, I’ll drop
gutenberg-514	If I can’t, I shall fall into a chair and be graceful
gutenberg-514	I don’t care if Hugo does come at me with a pistol
gutenberg-514	Do it this way
gutenberg-514	Clasp your hands so, and stagger across the room, crying frantically, ‘Roderigo
gutenberg-514	It’s no use
gutenberg-514	Do the best you can when the time comes, and if the audience laughs, don’t blame me
gutenberg-514	Come on, Meg
gutenberg-514	It’s the best we’ve had yet
gutenberg-514	I don’t see how you can write and act such splendid things, Jo
gutenberg-514	You’re a regular Shakespeare
gutenberg-514	I always wanted to do the killing part
gutenberg-514	Is that a dagger that I see before me
gutenberg-514	No, it’s the toasting fork, with Mother’s shoe on it instead of the bread
gutenberg-514	Glad to find you so merry, my girls
gutenberg-514	Well, dearies, how have you got on today
gutenberg-514	Has anyone called, Beth
gutenberg-514	How is your cold, Meg
gutenberg-514	Jo, you look tired to death
gutenberg-514	Come and kiss me, baby
gutenberg-514	I’ve got a treat for you after supper
gutenberg-514	Three cheers for Father
gutenberg-514	Yes, a nice long letter
gutenberg-514	He is well, and thinks he shall get through the cold season better than we feared
gutenberg-514	He sends all sorts of loving wishes for Christmas, and an especial message to you girls
gutenberg-514	Hurry and get done
gutenberg-514	Don’t stop to quirk your little finger and simper over your plate, Amy
gutenberg-514	Don’t I wish I could go as a drummer, a vivan—what’s its name
gutenberg-514	Or a nurse, so I could be near him and help him
gutenberg-514	When will he come home, Marmee
gutenberg-514	Not for many months, dear, unless he is sick
gutenberg-514	Now come and hear the letter
gutenberg-514	Give them all of my dear love and a kiss
gutenberg-514	I am a selfish girl
gutenberg-514	But I’ll truly try to be better, so he mayn’t be disappointed in me by-and-by
gutenberg-514	We all will
gutenberg-514	Do you remember how you used to play Pilgrims Progress when you were little things
gutenberg-514	I liked the place where the bundles fell off and tumbled downstairs
gutenberg-514	If I wasn’t too old for such things, I’d rather like to play it over again
gutenberg-514	Where are our bundles
gutenberg-514	Each of you told what your burden was just now, except Beth
gutenberg-514	I rather think she hasn’t got any
gutenberg-514	Yes, I have
gutenberg-514	Mine is dishes and dusters, and envying girls with nice pianos, and being afraid of people
gutenberg-514	Let us do it
gutenberg-514	We ought to have our roll of directions, like Christian
gutenberg-514	What shall we do about that
gutenberg-514	Look under your pillows Christmas morning, and you will find your guidebook
gutenberg-514	Mother wants us to read and love and mind these books, and we must begin at once
gutenberg-514	How good Meg is
gutenberg-514	Come, Amy, let’s do as they do
gutenberg-514	I’ll help you with the hard words, and they’ll explain things if we don’t understand
gutenberg-514	I’m glad mine is blue
gutenberg-514	Where is Mother
gutenberg-514	Goodness only knows
gutenberg-514	Some poor creeter came a-beggin’, and your ma went straight off to see what was needed
gutenberg-514	There never was such a woman for givin’ away vittles and drink, clothes and firin
gutenberg-514	She will be back soon, I think, so fry your cakes, and have everything ready
gutenberg-514	Why, where is Amy’s bottle of cologne
gutenberg-514	How nice my handkerchiefs look, don’t they
gutenberg-514	Hannah washed and ironed them for me, and I marked them all myself
gutenberg-514	Bless the child
gutenberg-514	She’s gone and put ‘Mother’ on them instead of ‘M
gutenberg-514	Isn’t that right
gutenberg-514	I thought it was better to do it so, because Meg’s initials are M
gutenberg-514	and I don’t want anyone to use these but Marmee
gutenberg-514	It will please her very much, I know
gutenberg-514	Hide the basket, quick
gutenberg-514	Where have you been, and what are you hiding behind you
gutenberg-514	Don’t laugh at me, Jo
gutenberg-514	I didn’t mean anyone should know till the time came
gutenberg-514	Merry Christmas, Marmee
gutenberg-514	Many of them
gutenberg-514	Thank you for our books
gutenberg-514	We read some, and mean to every day
gutenberg-514	Merry Christmas, little daughters
gutenberg-514	I’m glad you began at once, and hope you will keep on
gutenberg-514	But I want to say one word before we sit down
gutenberg-514	Not far away from here lies a poor woman with a little newborn baby
gutenberg-514	Six children are huddled into one bed to keep from freezing, for they have no fire
gutenberg-514	My girls, will you give them your breakfast as a Christmas present
gutenberg-514	I’m so glad you came before we began
gutenberg-514	May I go and help carry the things to the poor little children
gutenberg-514	I shall take the cream and the muffings
gutenberg-514	I thought you’d do it
gutenberg-514	Ach, mein Gott
gutenberg-514	It is good angels come to us
gutenberg-514	Funny angels in hoods and mittens
gutenberg-514	Das ist gut
gutenberg-514	That’s loving our neighbor better than ourselves, and I like it
gutenberg-514	Strike up, Beth
gutenberg-514	Open the door, Amy
gutenberg-514	Three cheers for Marmee
gutenberg-514	A gloomy wood
gutenberg-514	What ho, minion
gutenberg-514	I need thee
gutenberg-514	Alas for Zara
gutenberg-514	I told you so
gutenberg-514	Act as if it was all right
gutenberg-514	Bear them to the captives in their cells, and tell them I shall come anon
gutenberg-514	March’s compliments, and would the ladies walk down to supper
gutenberg-514	Is it fairies
gutenberg-514	Mother did it
gutenberg-514	Aunt March had a good fit and sent the supper
gutenberg-514	Laurence sent it
gutenberg-514	The Laurence boy’s grandfather
gutenberg-514	What in the world put such a thing into his head
gutenberg-514	We don’t know him
gutenberg-514	Hannah told one of his servants about your breakfast party
gutenberg-514	He is an odd old gentleman, but that pleased him
gutenberg-514	That boy put it into his head, I know he did
gutenberg-514	He’s a capital fellow, and I wish we could get acquainted
gutenberg-514	You mean the people who live in the big house next door, don’t you
gutenberg-514	My mother knows old Mr
gutenberg-514	Laurence, but says he’s very proud and doesn’t like to mix with his neighbors
gutenberg-514	We invited him to our party, but he didn’t come
gutenberg-514	Mother says he’s very nice, though he never speaks to us girls
gutenberg-514	I mean to know him some day, for he needs fun, I’m sure he does
gutenberg-514	He looked so wistful as he went away, hearing the frolic and evidently having none of his own
gutenberg-514	It’s a mercy you didn’t, Mother
gutenberg-514	But we’ll have another play sometime that he can see
gutenberg-514	Perhaps he’ll help act
gutenberg-514	Wouldn’t that be jolly
gutenberg-514	I never had such a fine bouquet before
gutenberg-514	How pretty it is
gutenberg-514	They are lovely
gutenberg-514	But Beth’s roses are sweeter to me
gutenberg-514	I wish I could send my bunch to Father
gutenberg-514	I’m afraid he isn’t having such a merry Christmas as we are
gutenberg-514	A regular note of invitation from Mrs
gutenberg-514	Gardiner for tomorrow night
gutenberg-514	Marmee is willing we should go, now what shall we wear
gutenberg-514	If I only had a silk
gutenberg-514	Mother says I may when I’m eighteen perhaps, but two years is an everlasting time to wait
gutenberg-514	I’m sure our pops look like silk, and they are nice enough for us
gutenberg-514	Yours is as good as new, but I forgot the burn and the tear in mine
gutenberg-514	Whatever shall I do
gutenberg-514	The burn shows badly, and I can’t take any out
gutenberg-514	You must sit still all you can and keep your back out of sight
gutenberg-514	The front is all right
gutenberg-514	You must have gloves, or I won’t go
gutenberg-514	Gloves are more important than anything else
gutenberg-514	You can’t dance without them, and if you don’t I should be so mortified
gutenberg-514	Then I’ll stay still
gutenberg-514	I don’t care much for company dancing
gutenberg-514	It’s no fun to go sailing round
gutenberg-514	I like to fly about and cut capers
gutenberg-514	You can’t ask Mother for new ones, they are so expensive, and you are so careless
gutenberg-514	She said when you spoiled the others that she shouldn’t get you any more this winter
gutenberg-514	Can’t you make them do
gutenberg-514	I can hold them crumpled up in my hand, so no one will know how stained they are
gutenberg-514	That’s all I can do
gutenberg-514	I’ll tell you how we can manage, each wear one good one and carry a bad one
gutenberg-514	Don’t you see
gutenberg-514	Your hands are bigger than mine, and you will stretch my glove dreadfully
gutenberg-514	Then I’ll go without
gutenberg-514	I don’t care what people say
gutenberg-514	You may have it, you may
gutenberg-514	Only don’t stain it, and do behave nicely
gutenberg-514	Don’t put your hands behind you, or stare, or say ‘Christopher Columbus
gutenberg-514	Don’t worry about me
gutenberg-514	I’ll be as prim as I can and not get into any scrapes, if I can help it
gutenberg-514	Now go and answer your note, and let me finish this splendid story
gutenberg-514	Ought they to smoke like that
gutenberg-514	It’s the dampness drying
gutenberg-514	What a queer smell
gutenberg-514	It’s like burned feathers
gutenberg-514	There, now I’ll take off the papers and you’ll see a cloud of little ringlets
gutenberg-514	Oh, oh, oh
gutenberg-514	What have you done
gutenberg-514	I can’t go
gutenberg-514	My hair, oh, my hair
gutenberg-514	Just my luck
gutenberg-514	You shouldn’t have asked me to do it
gutenberg-514	I always spoil everything
gutenberg-514	I’m so sorry, but the tongs were too hot, and so I’ve made a mess
gutenberg-514	It isn’t spoiled
gutenberg-514	I’ve seen many girls do it so
gutenberg-514	Serves me right for trying to be fine
gutenberg-514	I wish I’d let my hair alone
gutenberg-514	So do I, it was so smooth and pretty
gutenberg-514	But it will soon grow out again
gutenberg-514	quite easy and fine
gutenberg-514	Have a good time, dearies
gutenberg-514	Don’t eat much supper, and come away at eleven when I send Hannah for you
gutenberg-514	Have you you both got nice pocket handkerchiefs
gutenberg-514	Yes, yes, spandy nice, and Meg has cologne on hers
gutenberg-514	I do believe Marmee would ask that if we were all running away from an earthquake
gutenberg-514	Now don’t forget to keep the bad breadth out of sight, Jo
gutenberg-514	Is my sash right
gutenberg-514	And does my hair look very bad
gutenberg-514	I know I shall forget
gutenberg-514	If you see me doing anything wrong, just remind me by a wink, will you
gutenberg-514	No, winking isn’t ladylike
gutenberg-514	I’ll lift my eyebrows if any thing is wrong, and nod if you are all right
gutenberg-514	It isn’t the thing
gutenberg-514	How do you learn all the proper ways
gutenberg-514	I never can
gutenberg-514	Isn’t that music gay
gutenberg-514	Dear me, I didn’t know anyone was here
gutenberg-514	Don’t mind me, stay if you like
gutenberg-514	Shan’t I disturb you
gutenberg-514	I only came here because I don’t know many people and felt rather strange at first, you know
gutenberg-514	So did I
gutenberg-514	Don’t go away, please, unless you’d rather
gutenberg-514	I think I’ve had the pleasure of seeing you before
gutenberg-514	You live near us, don’t you
gutenberg-514	We did have such a good time over your nice Christmas present
gutenberg-514	Grandpa sent it
gutenberg-514	But you put it into his head, didn’t you, now
gutenberg-514	How is your cat, Miss March
gutenberg-514	Nicely, thank you, Mr
gutenberg-514	But I am not Miss March, I’m only Jo
gutenberg-514	I’m not Mr
gutenberg-514	Laurence, I’m only Laurie
gutenberg-514	Laurie Laurence, what an odd name
gutenberg-514	I hate my name, too, so sentimental
gutenberg-514	I wish every one would say Jo instead of Josephine
gutenberg-514	How did you make the boys stop calling you Dora
gutenberg-514	I thrashed ’em
gutenberg-514	I can’t thrash Aunt March, so I suppose I shall have to bear it
gutenberg-514	Don’t you like to dance, Miss Jo
gutenberg-514	I like it well enough if there is plenty of room, and everyone is lively
gutenberg-514	Don’t you dance
gutenberg-514	Oh, tell me about it
gutenberg-514	I love dearly to hear people describe their travels
gutenberg-514	Don’t I wish I’d been there
gutenberg-514	Did you go to Paris
gutenberg-514	We spent last winter there
gutenberg-514	Can you talk French
gutenberg-514	We were not allowed to speak anything else at Vevay
gutenberg-514	Do say some
gutenberg-514	I can read it, but can’t pronounce
gutenberg-514	Quel nom a cette jeune demoiselle en les pantoufles jolis
gutenberg-514	How nicely you do it
gutenberg-514	you said, ‘Who is the young lady in the pretty slippers’, didn’t you
gutenberg-514	It’s my sister Margaret, and you knew it was
gutenberg-514	Do you think she is pretty
gutenberg-514	Wonder how old he is
gutenberg-514	I suppose you are going to college soon
gutenberg-514	I see you pegging away at your books, no, I mean studying hard
gutenberg-514	Not for a year or two
gutenberg-514	I won’t go before seventeen, anyway
gutenberg-514	Aren’t you but fifteen
gutenberg-514	Sixteen, next month
gutenberg-514	How I wish I was going to college
gutenberg-514	You don’t look as if you liked it
gutenberg-514	I hate it
gutenberg-514	Nothing but grinding or skylarking
gutenberg-514	And I don’t like the way fellows do either, in this country
gutenberg-514	What do you like
gutenberg-514	To live in Italy, and to enjoy myself in my own way
gutenberg-514	That’s a splendid polka
gutenberg-514	Why don’t you go and try it
gutenberg-514	If you will come too
gutenberg-514	I can’t, for I told Meg I wouldn’t, because
gutenberg-514	You won’t tell
gutenberg-514	You may laugh, if you want to
gutenberg-514	It is funny, I know
gutenberg-514	Never mind that
gutenberg-514	I’ll tell you how we can manage
gutenberg-514	There’s a long hall out there, and we can dance grandly, and no one will see us
gutenberg-514	I’ve sprained my ankle
gutenberg-514	That stupid high heel turned and gave me a sad wrench
gutenberg-514	It aches so, I can hardly stand, and I don’t know how I’m ever going to get home
gutenberg-514	I knew you’d hurt your feet with those silly shoes
gutenberg-514	But I don’t see what you can do, except get a carriage, or stay here all night
gutenberg-514	I can’t have a carriage without its costing ever so much
gutenberg-514	It’s past nine, and dark as Egypt
gutenberg-514	I can’t stop here, for the house is full
gutenberg-514	Sallie has some girls staying with her
gutenberg-514	I’ll rest till Hannah comes, and then do the best I can
gutenberg-514	I’ll ask Laurie
gutenberg-514	He will go
gutenberg-514	Don’t ask or tell anyone
gutenberg-514	Get me my rubbers, and put these slippers with our things
gutenberg-514	They are going out to supper now
gutenberg-514	I’ll stay with you
gutenberg-514	No, dear, run along, and bring me some coffee
gutenberg-514	I’m so tired I can’t stir
gutenberg-514	Oh, dear, what a blunderbuss I am
gutenberg-514	Can I help you
gutenberg-514	I was looking for someone to give this to
gutenberg-514	May I take it to your sister
gutenberg-514	Oh, thank you
gutenberg-514	I’ll show you where she is
gutenberg-514	I don’t offer to take it myself, for I should only get into another scrape if I did
gutenberg-514	Don’t say anything
gutenberg-514	I turned my foot a little, that’s all
gutenberg-514	It’s so early
gutenberg-514	You can’t mean to go yet
gutenberg-514	I always go early, I do, truly
gutenberg-514	Please let me take you home
gutenberg-514	It’s all on my way, you know, and it rains, they say
gutenberg-514	I had a capital time
gutenberg-514	Yes, till I hurt myself
gutenberg-514	I saw you dancing with the red headed man I ran away from
gutenberg-514	Was he nice
gutenberg-514	He looked like a grasshopper in a fit when he did the new step
gutenberg-514	Laurie and I couldn’t help laughing
gutenberg-514	Did you hear us
gutenberg-514	No, but it was very rude
gutenberg-514	What were you about all that time, hidden away there
gutenberg-514	Tell about the party
gutenberg-514	Oh, dear, how hard it does seem to take up our packs and go on
gutenberg-514	I wish it was Christmas or New Year’s all the time
gutenberg-514	Wouldn’t it be fun
gutenberg-514	We shouldn’t enjoy ourselves half so much as we do now
gutenberg-514	It’s a shame
gutenberg-514	There never was such a cross family
gutenberg-514	You’re the crossest person in it
gutenberg-514	Beth, if you don’t keep these horrid cats down cellar I’ll have them drowned
gutenberg-514	Girls, girls, do be quiet one minute
gutenberg-514	I must get this off by the early mail, and you drive me distracted with your worry
gutenberg-514	Cuddle your cats and get over your headache, Bethy
gutenberg-514	We are a set of rascals this morning, but we’ll come home regular angels
gutenberg-514	Now then, Meg
gutenberg-514	Don’t use such dreadful expressions
gutenberg-514	I like good strong words that mean something
gutenberg-514	How ridiculous you are, Jo
gutenberg-514	Thank goodness, I can always find something funny to keep me up
gutenberg-514	Don’t croak any more, but come home jolly, there’s a dear
gutenberg-514	We can’t give up our girls for a dozen fortunes
gutenberg-514	Rich or poor, we will keep together and be happy in one another
gutenberg-514	I hope you’ll have a good night, my poor dear
gutenberg-514	I know I’ll get my music some time, if I’m good
gutenberg-514	When Papa was rich we did so-and-so
gutenberg-514	My only comfort
gutenberg-514	is that Mother doesn’t take tucks in my dresses whenever I’m naughty, as Maria Parks’s mother does
gutenberg-514	Has anybody got anything to tell
gutenberg-514	It’s been such a dismal day I’m really dying for some amusement
gutenberg-514	I wish I could, and be done with it
gutenberg-514	I’d just got to where they all tumbled into the water when I forgot and laughed out loud
gutenberg-514	I did my very best, and she liked it, though she only said
gutenberg-514	I don’t understand what it’s all about
gutenberg-514	Go back and begin it, child
gutenberg-514	Back I went, and made the Primroses as interesting as ever I could
gutenberg-514	Shan’t I stop now
gutenberg-514	Did she own she liked it
gutenberg-514	Oh, bless you, no
gutenberg-514	What a pleasant life she might have if only she chose
gutenberg-514	That reminds me
gutenberg-514	that I’ve got something to tell
gutenberg-514	It isn’t funny, like Jo’s story, but I thought about it a good deal as I came home
gutenberg-514	I heard Mrs
gutenberg-514	King crying and Mr
gutenberg-514	I think being disgraced in school is a great deal try_inger_ than anything bad boys can do
gutenberg-514	Susie Perkins came to school today with a lovely red carnelian ring
gutenberg-514	I wanted it dreadfully, and wished I was her with all my might
gutenberg-514	Well, she drew a picture of Mr
gutenberg-514	Davis, with a monstrous nose and a hump, and the words, ‘Young ladies, my eye is upon you
gutenberg-514	coming out of his mouth in a balloon thing
gutenberg-514	She was _parry_lized with fright, but she went, and oh, what _do_ you think he did
gutenberg-514	He took her by the ear—the ear
gutenberg-514	Just fancy how horrid
gutenberg-514	Didn’t the girls laugh at the picture
gutenberg-514	They sat still as mice, and Susie cried quarts, I know she did
gutenberg-514	I never, never should have got over such a agonizing mortification
gutenberg-514	I saw something I liked this morning, and I meant to tell it at dinner, but I forgot
gutenberg-514	When I went to get some oysters for Hannah, Mr
gutenberg-514	Cutter the fish-man
gutenberg-514	A poor woman came in with a pail and a mop, and asked Mr
gutenberg-514	He told her to ‘go along and cook it’, and she hurried off, so happy
gutenberg-514	Wasn’t it good of him
gutenberg-514	Oh, she did look so funny, hugging the big, slippery fish, and hoping Mr
gutenberg-514	Laurence’s bed in heaven would be ‘aisy
gutenberg-514	Have you sons in the army
gutenberg-514	I asked, for the note he brought was not to me
gutenberg-514	he answered quietly
gutenberg-514	You have done a great deal for your country, sir,’ I said, feeling respect now, instead of pity
gutenberg-514	Not a mite more than I ought, ma’am
gutenberg-514	I’d go myself, if I was any use
gutenberg-514	As I ain’t, I give my boys, and give ’em free
gutenberg-514	I’d given one man and thought it too much, while he gave four without grudging them
gutenberg-514	Tell another story, Mother, one with a moral to it, like this
gutenberg-514	I like to think about them afterward, if they are real and not too preachy
gutenberg-514	I like that kind of sermon
gutenberg-514	It’s the sort Father used to tell us
gutenberg-514	We needed that lesson, and we won’t forget it
gutenberg-514	Tink ob yer marcies
gutenberg-514	What in the world are you going to do now, Jo
gutenberg-514	Going out for exercise
gutenberg-514	I should think two long walks this morning would have been enough
gutenberg-514	Never take advice
gutenberg-514	Can’t keep still all day, and not being a pussycat, I don’t like to doze by the fire
gutenberg-514	I like adventures, and I’m going to find some
gutenberg-514	That boy is suffering for society and fun
gutenberg-514	His grandpa does not know what’s good for him, and keeps him shut up all alone
gutenberg-514	He needs a party of jolly boys to play with, or somebody young and lively
gutenberg-514	I’ve a great mind to go over and tell the old gentleman so
gutenberg-514	There he is
gutenberg-514	All alone and sick this dismal day
gutenberg-514	I’ll toss up a snowball and make him look out, and then say a kind word to him
gutenberg-514	How do you do
gutenberg-514	Are you sick
gutenberg-514	Better, thank you
gutenberg-514	I’ve had a bad cold, and been shut up a week
gutenberg-514	What do you amuse yourself with
gutenberg-514	It’s dull as tombs up here
gutenberg-514	Don’t you read
gutenberg-514	They won’t let me
gutenberg-514	Can’t somebody read to you
gutenberg-514	Grandpa does sometimes, but my books don’t interest him, and I hate to ask Brooke all the time
gutenberg-514	Have someone come and see you then
gutenberg-514	There isn’t anyone I’d like to see
gutenberg-514	Boys make such a row, and my head is weak
gutenberg-514	Isn’t there some nice girl who’d read and amuse you
gutenberg-514	Girls are quiet and like to play nurse
gutenberg-514	Don’t know any
gutenberg-514	You know us
gutenberg-514	So I do
gutenberg-514	Will you come, please
gutenberg-514	I’m not quiet and nice, but I’ll come, if Mother will let me
gutenberg-514	I’ll go ask her
gutenberg-514	Shut the window, like a good boy, and wait till I come
gutenberg-514	All right, show her up, it’s Miss Jo
gutenberg-514	Here I am, bag and baggage
gutenberg-514	Mother sent her love, and was glad if I could do anything for you
gutenberg-514	I knew you’d laugh at them, but I couldn’t refuse, she was so anxious to do something
gutenberg-514	That looks too pretty to eat
gutenberg-514	It isn’t anything, only they all felt kindly and wanted to show it
gutenberg-514	Tell the girl to put it away for your tea
gutenberg-514	What a cozy room this is
gutenberg-514	It worries me though
gutenberg-514	Now then, you’re fixed
gutenberg-514	How kind you are
gutenberg-514	Yes, that’s what it wanted
gutenberg-514	Now please take the big chair and let me do something to amuse my company
gutenberg-514	No, I came to amuse you
gutenberg-514	Shall I read aloud
gutenberg-514	I’ve read all those, and if you don’t mind, I’d rather talk
gutenberg-514	I’ll talk all day if you’ll only set me going
gutenberg-514	Beth says I never know when to stop
gutenberg-514	Yes, that’s Beth
gutenberg-514	She’s my girl, and a regular good one she is, too
gutenberg-514	The pretty one is Meg, and the curly-haired one is Amy, I believe
gutenberg-514	How did you find that out
gutenberg-514	Her face is right opposite, and it looks so sweet behind the flowers, I can’t help watching it
gutenberg-514	I haven’t got any mother, you know
gutenberg-514	I just wish, though, instead of peeping, you’d come over and see us
gutenberg-514	Meg and I would make you laugh over our funny stage properties, and we’d have jolly times
gutenberg-514	Wouldn’t your grandpa let you
gutenberg-514	I think he would, if your mother asked him
gutenberg-514	We are not strangers, we are neighbors, and you needn’t think you’d be a bother
gutenberg-514	We want to know you, and I’ve been trying to do it this ever so long
gutenberg-514	You see, Grandpa lives among his books, and doesn’t mind much what happens outside
gutenberg-514	Never mind being bashful
gutenberg-514	It won’t last long if you keep going
gutenberg-514	Do you like your school
gutenberg-514	Don’t go to school, I’m a businessman—girl, I mean
gutenberg-514	I go to wait on my great-aunt, and a dear, cross old soul she is, too
gutenberg-514	That does me no end of good
gutenberg-514	Tell on, please
gutenberg-514	If you like them so much, come down and see ours
gutenberg-514	Grandfather is out, so you needn’t be afraid
gutenberg-514	I’m not afraid of anything
gutenberg-514	I don’t believe you are
gutenberg-514	Theodore Laurence, you ought to be the happiest boy in the world
gutenberg-514	A fellow can’t live on books
gutenberg-514	It’s your grandpa
gutenberg-514	Well, what if it is
gutenberg-514	You are not afraid of anything, you know
gutenberg-514	I think I am a little bit afraid of him, but I don’t know why I should be
gutenberg-514	Marmee said I might come, and I don’t think you’re any the worse for it
gutenberg-514	I’m a great deal better for it, and ever so much obliged
gutenberg-514	I’m only afraid you are very tired of talking to me
gutenberg-514	It was so pleasant, I couldn’t bear to stop
gutenberg-514	The doctor to see you, sir
gutenberg-514	Would you mind if I left you for a minute
gutenberg-514	I suppose I must see him
gutenberg-514	Don’t mind me
gutenberg-514	I’m happy as a cricket here
gutenberg-514	He isn’t as handsome as my grandfather, but I like him
gutenberg-514	Thank you, ma’am
gutenberg-514	So you’re not afraid of me, hey
gutenberg-514	Not much, sir
gutenberg-514	And you don’t think me as handsome as your grandfather
gutenberg-514	Not quite, sir
gutenberg-514	And I’ve got a tremendous will, have I
gutenberg-514	I only said I thought so
gutenberg-514	But you like me in spite of it
gutenberg-514	Yes, I do, sir
gutenberg-514	You’ve got your grandfather’s spirit, if you haven’t his face
gutenberg-514	Thank you, sir
gutenberg-514	What have you been doing to this boy of mine, hey
gutenberg-514	Only trying to be neighborly, sir
gutenberg-514	You think he needs cheering up a bit, do you
gutenberg-514	Yes, sir, he seems a little lonely, and young folks would do him good perhaps
gutenberg-514	Tut, tut, tut
gutenberg-514	That was the boy’s affair
gutenberg-514	How is the poor woman
gutenberg-514	Doing nicely, sir
gutenberg-514	Just her father’s way of doing good
gutenberg-514	I shall come and see your mother some fine day
gutenberg-514	Tell her so
gutenberg-514	There’s the tea bell, we have it early on the boy’s account
gutenberg-514	Come down and go on being neighborly
gutenberg-514	If you’d like to have me, sir
gutenberg-514	Shouldn’t ask you, if I didn’t
gutenberg-514	What would Meg say to this
gutenberg-514	Why, what the dickens has come to the fellow
gutenberg-514	I didn’t know you’d come, sir
gutenberg-514	That’s evident, by the way you racket downstairs
gutenberg-514	Come to your tea, sir, and behave like a gentleman
gutenberg-514	She’s right, the lad is lonely
gutenberg-514	I’ll see what these little girls can do for him
gutenberg-514	Please give these to your mother, and tell her I like the medicine she sent me very much
gutenberg-514	Do you play
gutenberg-514	Please do now
gutenberg-514	I want to hear it, so I can tell Beth
gutenberg-514	Won’t you first
gutenberg-514	Don’t know how
gutenberg-514	Too stupid to learn, but I love music dearly
gutenberg-514	That will do, that will do, young lady
gutenberg-514	Too many sugarplums are not good for him
gutenberg-514	His music isn’t bad, but I hope he will do as well in more important things
gutenberg-514	well, I’m much obliged to you, and I hope you’ll come again
gutenberg-514	My respects to your mother
gutenberg-514	Good night, Doctor Jo
gutenberg-514	No, it was me
gutenberg-514	He doesn’t like to hear me play
gutenberg-514	I’ll tell you some day
gutenberg-514	John is going home with you, as I can’t
gutenberg-514	No need of that
gutenberg-514	I am not a young lady, and it’s only a step
gutenberg-514	Take care of yourself, won’t you
gutenberg-514	Yes, but you will come again, I hope
gutenberg-514	If you promise to come and see us after you are well
gutenberg-514	Good night, Laurie
gutenberg-514	Good night, Jo, good night
gutenberg-514	Mother, why didn’t Mr
gutenberg-514	Laurence like to have Laurie play
gutenberg-514	They both died when Laurie was a little child, and then his grandfather took him home
gutenberg-514	Dear me, how romantic
gutenberg-514	That’s why he has such handsome black eyes and pretty manners, I suppose
gutenberg-514	Italians are always nice
gutenberg-514	What do you know about his eyes and his manners
gutenberg-514	You never spoke to him, hardly
gutenberg-514	I saw him at the party, and what you tell shows that he knows how to behave
gutenberg-514	That was a nice little speech about the medicine Mother sent him
gutenberg-514	He meant the blanc mange, I suppose
gutenberg-514	How stupid you are, child
gutenberg-514	He meant you, of course
gutenberg-514	I never saw such a girl
gutenberg-514	You don’t know a compliment when you get it
gutenberg-514	I think they are great nonsense, and I’ll thank you not to be silly and spoil my fun
gutenberg-514	I don’t call myself a child, and I’m not in my teens yet
gutenberg-514	What do you say, Beth
gutenberg-514	I was thinking about our ‘_Pilgrim’s Progress
gutenberg-514	We have got to get by the lions first
gutenberg-514	the Marches were regularly splendid girls
gutenberg-514	Never mind, let him take a holiday, and make it up afterward
gutenberg-514	The good lady next door says he is studying too hard and needs young society, amusement, and exercise
gutenberg-514	I suspect she is right, and that I’ve been coddling the fellow as if I’d been his grandmother
gutenberg-514	Let him do what he likes, as long as he is happy
gutenberg-514	He can’t get into mischief in that little nunnery over there, and Mrs
gutenberg-514	March is doing more for him than we can
gutenberg-514	But the piano suffers for want of use
gutenberg-514	They needn’t see or speak to anyone, but run in at any time
gutenberg-514	Please, tell the young ladies what I say, and if they don’t care to come, why, never mind
gutenberg-514	Oh sir, they do care, very very much
gutenberg-514	Are you the musical girl
gutenberg-514	Not a soul, my dear
gutenberg-514	How kind you are, sir
gutenberg-514	I had a little girl once, with eyes like these
gutenberg-514	God bless you, my dear
gutenberg-514	Good day, madam
gutenberg-514	Mother, I’m going to work Mr
gutenberg-514	Laurence a pair of slippers
gutenberg-514	He is so kind to me, I must thank him, and I don’t know any other way
gutenberg-514	Can I do it
gutenberg-514	It will please him very much, and be a nice way of thanking him
gutenberg-514	The girls will help you about them, and I will pay for the making up
gutenberg-514	Here’s a letter from the old gentleman
gutenberg-514	Come quick, and read it
gutenberg-514	Oh, Beth, he’s sent you
gutenberg-514	Miss Elizabeth March
gutenberg-514	Yes, all for you, my precious
gutenberg-514	Isn’t it splendid of him
gutenberg-514	Don’t you think he’s the dearest old man in the world
gutenberg-514	Here’s the key in the letter
gutenberg-514	We didn’t open it, but we are dying to know what he says
gutenberg-514	You read it
gutenberg-514	I can’t, I feel so queer
gutenberg-514	Oh, it is too lovely
gutenberg-514	Miss March: “Dear Madam
gutenberg-514	How nice it sounds
gutenberg-514	I wish someone would write to me so
gutenberg-514	Heart’s-ease is my favorite flower, and these will always remind me of the gentle giver
gutenberg-514	With hearty thanks and best wishes, I remain “‘Your grateful friend and humble servant, ‘JAMES LAURENCE
gutenberg-514	There, Beth, that’s an honor to be proud of, I’m sure
gutenberg-514	Laurie told me how fond Mr
gutenberg-514	Laurence used to be of the child who died, and how he kept all her little things carefully
gutenberg-514	Just think, he’s given you her piano
gutenberg-514	That comes of having big blue eyes and loving music
gutenberg-514	Your humble servant, James Laurence
gutenberg-514	Only think of his writing that to you
gutenberg-514	I’ll tell the girls
gutenberg-514	They’ll think it’s splendid
gutenberg-514	Try it, honey
gutenberg-514	Let’s hear the sound of the baby pianny
gutenberg-514	You’ll have to go and thank him
gutenberg-514	Yes, I mean to
gutenberg-514	I guess I’ll go now, before I get frightened thinking about it
gutenberg-514	Well, I wish I may die if it ain’t the queerest thing I ever see
gutenberg-514	The pianny has turned her head
gutenberg-514	She’d never have gone in her right mind
gutenberg-514	I came to thank you, sir, for
gutenberg-514	Well, I do believe the world is coming to an end
gutenberg-514	That boy is a perfect cyclops, isn’t he
gutenberg-514	How dare you say so, when he’s got both his eyes
gutenberg-514	And very handsome ones they are, too
gutenberg-514	Oh, my goodness
gutenberg-514	That little goose means a centaur, and she called him a Cyclops
gutenberg-514	You needn’t be so rude, it’s only a ‘lapse of lingy’, as Mr
gutenberg-514	I just wish I had a little of the money Laurie spends on that horse
gutenberg-514	I need it so much
gutenberg-514	I’m dreadfully in debt, and it won’t be my turn to have the rag money for a month
gutenberg-514	In debt, Amy
gutenberg-514	Tell me all about it
gutenberg-514	Are limes the fashion now
gutenberg-514	It used to be pricking bits of rubber to make balls
gutenberg-514	If one girl likes another, she gives her a lime
gutenberg-514	If she’s mad with her, she eats one before her face, and doesn’t offer even a suck
gutenberg-514	How much will pay them off and restore your credit
gutenberg-514	A quarter would more than do it, and leave a few cents over for a treat for you
gutenberg-514	Don’t you like limes
gutenberg-84	What a noble fellow
gutenberg-84	the land of mist and snow
gutenberg-84	Here is our captain, and he will not allow you to perish on the open sea
gutenberg-84	Before I come on board your vessel
gutenberg-84	will you have the kindness to inform me whither you are bound
gutenberg-84	To seek one who fled from me
gutenberg-84	And did the man whom you pursued travel in the same fashion
gutenberg-84	I have, doubtless, excited your curiosity, as well as that of these good people
gutenberg-84	but you are too considerate to make inquiries
gutenberg-84	it would indeed be very impertinent and inhuman in me to trouble you with any inquisitiveness of mine
gutenberg-84	And yet you rescued me from a strange and perilous situation
gutenberg-84	you have benevolently restored me to life
gutenberg-84	Do you share my madness
gutenberg-84	Have you drunk also of the intoxicating draught
gutenberg-84	let me reveal my tale, and you will dash the cup from your lips
gutenberg-84	I agree with you
gutenberg-84	You have hope, and the world before you, and have no cause for despair
gutenberg-84	But I—I have lost everything and cannot begin life anew
gutenberg-84	You may easily perceive, Captain Walton, that I have suffered great and unparalleled misfortunes
gutenberg-84	You seek for knowledge and wisdom, as I once did
gutenberg-84	I do not know that the relation of my disasters will be useful to you
gutenberg-84	Prepare to hear of occurrences which are usually deemed marvellous
gutenberg-84	Were we among the tamer scenes of nature I might fear to encounter your unbelief, perhaps your ridicule
gutenberg-84	I thank you
gutenberg-84	for your sympathy, but it is useless
gutenberg-84	my fate is nearly fulfilled
gutenberg-84	I wait but for one event, and then I shall repose in peace
gutenberg-84	I understand your feeling
gutenberg-84	but you are mistaken, my friend, if thus you will allow me to name you
gutenberg-84	nothing can alter my destiny
gutenberg-84	listen to my history, and you will perceive how irrevocably it is determined
gutenberg-84	I have a pretty present for my Victor—tomorrow he shall have it
gutenberg-84	My dear Victor, do not waste your time upon this
gutenberg-84	it is sad trash
gutenberg-84	my firmest hopes of future happiness were placed on the prospect of your union
gutenberg-84	This expectation will now be the consolation of your father
gutenberg-84	Elizabeth, my love, you must supply my place to my younger children
gutenberg-84	I regret that I am taken from you
gutenberg-84	and, happy and beloved as I have been, is it not hard to quit you all
gutenberg-84	But these are not thoughts befitting me
gutenberg-84	old familiar faces
gutenberg-84	really spent your time in studying such nonsense
gutenberg-84	every instant that you have wasted on those books is utterly and entirely lost
gutenberg-84	You have burdened your memory with exploded systems and useless names
gutenberg-84	I little expected, in this enlightened and scientific age, to find a disciple of Albertus Magnus and Paracelsus
gutenberg-84	My dear sir, you must begin your studies entirely anew
gutenberg-84	The ancient teachers of this science
gutenberg-84	promised impossibilities and performed nothing
gutenberg-84	The modern masters promise very little
gutenberg-84	They penetrate into the recesses of nature and show how she works in her hiding-places
gutenberg-84	They ascend into the heavens
gutenberg-84	they have discovered how the blood circulates, and the nature of the air we breathe
gutenberg-84	They have acquired new and almost unlimited powers
gutenberg-84	I am happy
gutenberg-84	to have gained a disciple
gutenberg-84	and if your application equals your ability, I have no doubt of your success
gutenberg-84	Chemistry is that branch of natural philosophy in which the greatest improvements have been and may be made
gutenberg-84	it is on that account that I have made it my peculiar study
gutenberg-84	but at the same time, I have not neglected the other branches of science
gutenberg-84	My dear Frankenstein
gutenberg-84	how glad I am to see you
gutenberg-84	How fortunate that you should be here at the very moment of my alighting
gutenberg-84	You may easily believe
gutenberg-84	It gives me the greatest delight to see you
gutenberg-84	but tell me how you left my father, brothers, and Elizabeth
gutenberg-84	Very well, and very happy, only a little uneasy that they hear from you so seldom
gutenberg-84	By the by, I mean to lecture you a little upon their account myself
gutenberg-84	But, my dear Frankenstein
gutenberg-84	I did not before remark how very ill you appear
gutenberg-84	so thin and pale
gutenberg-84	you look as if you had been watching for several nights
gutenberg-84	You have guessed right
gutenberg-84	My dear Victor
gutenberg-84	what, for God’s sake, is the matter
gutenberg-84	Do not laugh in that manner
gutenberg-84	How ill you are
gutenberg-84	What is the cause of all this
gutenberg-84	Do not ask me
gutenberg-84	he_ can tell
gutenberg-84	Oh, save me
gutenberg-84	how kind, how very good you are to me
gutenberg-84	How shall I ever repay you
gutenberg-84	I will not mention it if it agitates you
gutenberg-84	They hardly know how ill you have been and are uneasy at your long silence
gutenberg-84	Is that all, my dear Henry
gutenberg-84	it is from your cousin, I believe
gutenberg-84	You are forbidden to write—to hold a pen
gutenberg-84	yet one word from you, dear Victor, is necessary to calm our apprehensions
gutenberg-84	Yet that is over now: Clerval writes that indeed you are getting better
gutenberg-84	I eagerly hope that you will confirm this intelligence soon in your own handwriting
gutenberg-84	Get well—and return to us
gutenberg-84	You will find a happy, cheerful home and friends who love you dearly
gutenberg-84	and not a care will ever cloud his benevolent countenance
gutenberg-84	How pleased you would be to remark the improvement of our Ernest
gutenberg-84	He is now sixteen and full of activity and spirit
gutenberg-84	He looks upon study as an odious fetter
gutenberg-84	his time is spent in the open air, climbing the hills or rowing on the lake
gutenberg-84	Little alteration, except the growth of our dear children, has taken place since you left us
gutenberg-84	The blue lake and snow-clad mountains—they never change
gutenberg-84	and I think our placid home and our contented hearts are regulated by the same immutable laws
gutenberg-84	Since you left us, but one change has taken place in our little household
gutenberg-84	Do you remember on what occasion Justine Moritz entered our family
gutenberg-84	Probably you do not
gutenberg-84	I will relate her history, therefore in a few words
gutenberg-84	Madame Moritz, her mother, was a widow with four children, of whom Justine was the third
gutenberg-84	Moritz, treated her very ill
gutenberg-84	Hence there is less distinction between the several classes of its inhabitants
gutenberg-84	and the lower orders, being neither so poor nor so despised, their manners are more refined and moral
gutenberg-84	A servant in Geneva does not mean the same thing as a servant in France and England
gutenberg-84	Justine, you may remember, was a great favourite of yours
gutenberg-84	This benefit was fully repaid
gutenberg-84	Poor Justine was very ill
gutenberg-84	but other trials were reserved for her
gutenberg-84	One by one, her brothers and sister died
gutenberg-84	and her mother, with the exception of her neglected daughter, was left childless
gutenberg-84	The conscience of the woman was troubled
gutenberg-84	She was a Roman Catholic
gutenberg-84	and I believe her confessor confirmed the idea which she had conceived
gutenberg-84	Accordingly, a few months after your departure for Ingolstadt, Justine was called home by her repentant mother
gutenberg-84	She wept when she quitted our house
gutenberg-84	she was much altered since the death of my aunt
gutenberg-84	grief had given softness and a winning mildness to her manners, which had before been remarkable for vivacity
gutenberg-84	Nor was her residence at her mother’s house of a nature to restore her gaiety
gutenberg-84	The poor woman was very vacillating in her repentance
gutenberg-84	She died on the first approach of cold weather, at the beginning of this last winter
gutenberg-84	Justine has just returned to us
gutenberg-84	and I assure you I love her tenderly
gutenberg-84	She is very clever and gentle, and extremely pretty
gutenberg-84	as I mentioned before, her mien and her expression continually remind me of my dear aunt
gutenberg-84	I must say also a few words to you, my dear cousin, of little darling William
gutenberg-84	I wish you could see him
gutenberg-84	he is very tall of his age, with sweet laughing blue eyes, dark eyelashes, and curling hair
gutenberg-84	When he smiles, two little dimples appear on each cheek, which are rosy with health
gutenberg-84	Her ugly sister, Manon, married M
gutenberg-84	Duvillard, the rich banker, last autumn
gutenberg-84	Your favourite schoolfellow, Louis Manoir, has suffered several misfortunes since the departure of Clerval from Geneva
gutenberg-84	She is a widow, and much older than Manoir
gutenberg-84	but she is very much admired, and a favourite with everybody
gutenberg-84	I have written myself into better spirits, dear cousin
gutenberg-84	but my anxiety returns upon me as I conclude
gutenberg-84	Write, dearest Victor,—one line—one word will be a blessing to us
gutenberg-84	Ten thousand thanks to Henry for his kindness, his affection, and his many letters
gutenberg-84	we are sincerely grateful
gutenberg-84	take care of yourself
gutenberg-84	and, I entreat you, write
gutenberg-84	Geneva, March 18th, 17
gutenberg-84	Dear, dear Elizabeth
gutenberg-84	I will write instantly and relieve them from the anxiety they must feel
gutenberg-84	D—n the fellow
gutenberg-84	Clerval, I assure you he has outstript us all
gutenberg-84	Ay, stare if you please
gutenberg-84	but it is nevertheless true
gutenberg-84	and if he is not soon pulled down, we shall all be out of countenance
gutenberg-84	Frankenstein is modest
gutenberg-84	an excellent quality in a young man
gutenberg-84	Young men should be diffident of themselves, you know, M
gutenberg-84	Clerval: I was myself when young
gutenberg-84	but that wears out in a very short time
gutenberg-84	But that would be a cruel kindness, and I dare not do it
gutenberg-84	And how, Victor, can I relate our misfortune
gutenberg-84	Absence cannot have rendered you callous to our joys and griefs
gutenberg-84	and how shall I inflict pain on my long absent son
gutenberg-84	I wish to prepare you for the woeful news, but I know it is impossible
gutenberg-84	William is dead
gutenberg-84	that sweet child, whose smiles delighted and warmed my heart, who was so gentle, yet so gay
gutenberg-84	Victor, he is murdered
gutenberg-84	I will not attempt to console you
gutenberg-84	but will simply relate the circumstances of the transaction
gutenberg-84	Last Thursday (May 7th), I, my niece, and your two brothers, went to walk in Plainpalais
gutenberg-84	The evening was warm and serene, and we prolonged our walk farther than usual
gutenberg-84	It was already dusk before we thought of returning
gutenberg-84	and then we discovered that William and Ernest, who had gone on before, were not to be found
gutenberg-84	We accordingly rested on a seat until they should return
gutenberg-84	Presently Ernest came, and enquired if we had seen his brother
gutenberg-84	He was not there
gutenberg-84	We returned again, with torches
gutenberg-84	Elizabeth also suffered extreme anguish
gutenberg-84	the print of the murder’s finger was on his neck
gutenberg-84	He was conveyed home, and the anguish that was visible in my countenance betrayed the secret to Elizabeth
gutenberg-84	She was very earnest to see the corpse
gutenberg-84	I have murdered my darling child
gutenberg-84	She fainted, and was restored with extreme difficulty
gutenberg-84	When she again lived, it was only to weep and sigh
gutenberg-84	This picture is gone, and was doubtless the temptation which urged the murderer to the deed
gutenberg-84	We have no trace of him at present, although our exertions to discover him are unremitted
gutenberg-84	but they will not restore my beloved William
gutenberg-84	Come, dearest Victor
gutenberg-84	you alone can console Elizabeth
gutenberg-84	She weeps continually, and accuses herself unjustly as the cause of his death
gutenberg-84	her words pierce my heart
gutenberg-84	We are all unhappy
gutenberg-84	but will not that be an additional motive for you, my son, to return and be our comforter
gutenberg-84	Your dear mother
gutenberg-84	Your affectionate and afflicted father, “Alphonse Frankenstein
gutenberg-84	Geneva, May 12th, 17
gutenberg-84	are you always to be unhappy
gutenberg-84	My dear friend, what has happened
gutenberg-84	I can offer you no consolation, my friend
gutenberg-84	your disaster is irreparable
gutenberg-84	What do you intend to do
gutenberg-84	To go instantly to Geneva: come with me, Henry, to order the horses
gutenberg-84	dear lovely child, he now sleeps with his angel mother
gutenberg-84	To die so miserably
gutenberg-84	to feel the murderer’s grasp
gutenberg-84	How much more a murdered that could destroy radiant innocence
gutenberg-84	Poor little fellow
gutenberg-84	one only consolation have we
gutenberg-84	his friends mourn and weep, but he is at rest
gutenberg-84	The pang is over, his sufferings are at an end for ever
gutenberg-84	A sod covers his gentle form, and he knows no pain
gutenberg-84	He can no longer be a subject for pity
gutenberg-84	we must reserve that for his miserable survivors
gutenberg-84	the palaces of nature
gutenberg-84	my own beautiful lake
gutenberg-84	how do you welcome your wanderer
gutenberg-84	Your summits are clear
gutenberg-84	the sky and lake are blue and placid
gutenberg-84	Is this to prognosticate peace, or to mock at my unhappiness
gutenberg-84	William, dear angel
gutenberg-84	this is thy funeral, this thy dirge
gutenberg-84	Welcome, my dearest Victor
gutenberg-84	You come to us now to share a misery which nothing can alleviate
gutenberg-84	yet your presence will, I hope, revive our father, who seems sinking under his misfortune
gutenberg-84	and your persuasions will induce poor Elizabeth to cease her vain and tormenting self-accusations
gutenberg-84	he was our darling and our pride
gutenberg-84	She most of all
gutenberg-84	she accused herself of having caused the death of my brother, and that made her very wretched
gutenberg-84	But since the murderer has been discovered
gutenberg-84	The murderer discovered
gutenberg-84	how can that be
gutenberg-84	who could attempt to pursue him
gutenberg-84	It is impossible
gutenberg-84	one might as well try to overtake the winds, or confine a mountain-stream with a straw
gutenberg-84	I saw him too
gutenberg-84	he was free last night
gutenberg-84	I do not know what you mean
gutenberg-84	but to us the discovery we have made completes our misery
gutenberg-84	No one would believe it at first
gutenberg-84	and even now Elizabeth will not be convinced, notwithstanding all the evidence
gutenberg-84	Poor, poor girl, is she the accused
gutenberg-84	But it is wrongfully
gutenberg-84	every one knows that
gutenberg-84	no one believes it, surely, Ernest
gutenberg-84	No one did at first
gutenberg-84	but several circumstances came out, that have almost forced conviction upon us
gutenberg-84	But she will be tried today, and you will then hear all
gutenberg-84	You are all mistaken
gutenberg-84	I know the murderer
gutenberg-84	Justine, poor, good Justine, is innocent
gutenberg-84	Good God, papa
gutenberg-84	Victor says that he knows who was the murderer of poor William
gutenberg-84	We do also, unfortunately
gutenberg-84	My dear father, you are mistaken
gutenberg-84	Justine is innocent
gutenberg-84	If she is, God forbid that she should suffer as guilty
gutenberg-84	She is to be tried today, and I hope, I sincerely hope, that she will be acquitted
gutenberg-84	Your arrival, my dear cousin
gutenberg-84	fills me with hope
gutenberg-84	You perhaps will find some means to justify my poor guiltless Justine
gutenberg-84	who is safe, if she be convicted of crime
gutenberg-84	I rely on her innocence as certainly as I do upon my own
gutenberg-84	Our misfortune is doubly hard to us
gutenberg-84	If she is condemned, I never shall know joy more
gutenberg-84	But she will not, I am sure she will not
gutenberg-84	and then I shall be happy again, even after the sad death of my little William
gutenberg-84	She is innocent, my Elizabeth
gutenberg-84	and that shall be proved
gutenberg-84	fear nothing, but let your spirits be cheered by the assurance of her acquittal
gutenberg-84	How kind and generous you are
gutenberg-84	dry your tears
gutenberg-84	how entirely I am innocent
gutenberg-84	But I do not pretend that my protestations should acquit me
gutenberg-84	how heavily and fatally this one circumstance weighs against me, but I have no power of explaining it
gutenberg-84	But here also I am checked
gutenberg-84	Did the murderer place it there
gutenberg-84	I know of no opportunity afforded him for so doing
gutenberg-84	or, if I had, why should he have stolen the jewel, to part with it again so soon
gutenberg-84	I commit my cause to the justice of my judges, yet I see no room for hope
gutenberg-84	I am well acquainted with the accused
gutenberg-84	During all that period she appeared to me the most amiable and benevolent of human creatures
gutenberg-84	She had no temptation for such an action
gutenberg-84	it is decided as you may have expected
gutenberg-84	all judges had rather that ten innocent should suffer than that one guilty should escape
gutenberg-84	But she has confessed
gutenberg-84	How shall I ever again believe in human goodness
gutenberg-84	Her mild eyes seemed incapable of any severity or guile, and yet she has committed a murder
gutenberg-84	I will go, although she is guilty
gutenberg-84	and you, Victor, shall accompany me
gutenberg-84	I cannot go alone
gutenberg-84	Why did you rob me of my last consolation
gutenberg-84	And do you also believe that I am so very, very wicked
gutenberg-84	Do you also join with my enemies to crush me, to condemn me as a murderer
gutenberg-84	Rise, my poor girl
gutenberg-84	why do you kneel, if you are innocent
gutenberg-84	That report, you say, is false
gutenberg-84	I did confess, but I confessed a lie
gutenberg-84	I confessed, that I might obtain absolution
gutenberg-84	but now that falsehood lies heavier at my heart than all my other sins
gutenberg-84	The God of heaven forgive me
gutenberg-84	Ever since I was condemned, my confessor has besieged me
gutenberg-84	He threatened excommunication and hell fire in my last moments if I continued obdurate
gutenberg-84	Dear lady, I had none to support me
gutenberg-84	all looked on me as a wretch doomed to ignominy and perdition
gutenberg-84	What could I do
gutenberg-84	In an evil hour I subscribed to a lie
gutenberg-84	and now only am I truly miserable
gutenberg-84	dearest blessed child
gutenberg-84	I soon shall see you again in heaven, where we shall all be happy
gutenberg-84	and that consoles me, going as I am to suffer ignominy and death
gutenberg-84	Forgive me for having for one moment distrusted you
gutenberg-84	Why did you confess
gutenberg-84	But do not mourn, dear girl
gutenberg-84	Do not fear
gutenberg-84	I will proclaim, I will prove your innocence
gutenberg-84	I will melt the stony hearts of your enemies by my tears and prayers
gutenberg-84	You shall not die
gutenberg-84	You, my playfellow, my companion, my sister, perish on the scaffold
gutenberg-84	I never could survive so horrible a misfortune
gutenberg-84	I do not fear to die
gutenberg-84	that pang is past
gutenberg-84	God raises my weakness and gives me courage to endure the worst
gutenberg-84	I leave a sad and bitter world
gutenberg-84	Learn from me, dear lady, to submit in patience to the will of heaven
gutenberg-84	Dear sir, you are very kind to visit me
gutenberg-84	you, I hope, do not believe that I am guilty
gutenberg-84	I truly thank him
gutenberg-84	In these last moments I feel the sincerest gratitude towards those who think of me with kindness
gutenberg-84	How sweet is the affection of others to such a wretch as I am
gutenberg-84	that I were to die with you
gutenberg-84	I cannot live in this world of misery
gutenberg-84	Farewell, sweet lady, dearest Elizabeth, my beloved and only friend
gutenberg-84	may heaven, in its bounty, bless and preserve you
gutenberg-84	may this be the last misfortune that you will ever suffer
gutenberg-84	Live, and be happy, and make others so
gutenberg-84	Do you think, Victor
gutenberg-84	that I do not suffer also
gutenberg-84	No one could love a child more than I loved your brother
gutenberg-84	When I reflect, my dear cousin
gutenberg-84	at least they were remote and more familiar to reason than to the imagination
gutenberg-84	but now misery has come home, and men appear to me as monsters thirsting for each other’s blood
gutenberg-84	Yet I am certainly unjust
gutenberg-84	Everybody believed that poor girl to be guilty
gutenberg-84	But she was innocent
gutenberg-84	I know, I feel she was innocent
gutenberg-84	you are of the same opinion, and that confirms me
gutenberg-84	Victor, when falsehood can look so like the truth, who can assure themselves of certain happiness
gutenberg-84	William and Justine were assassinated, and the murderer escapes
gutenberg-84	he walks about the world free, and perhaps respected
gutenberg-84	My dearest friend, you must calm yourself
gutenberg-84	These events have affected me, God knows how deeply
gutenberg-84	but I am not so wretched as you are
gutenberg-84	There is an expression of despair, and sometimes of revenge, in your countenance that makes me tremble
gutenberg-84	Dear Victor, banish these dark passions
gutenberg-84	Remember the friends around you, who centre all their hopes in you
gutenberg-84	Have we lost the power of rendering you happy
gutenberg-84	do you dare approach me
gutenberg-84	And do not you fear the fierce vengeance of my arm wreaked on your miserable head
gutenberg-84	Begone, vile insect
gutenberg-84	Or rather, stay, that I may trample you to dust
gutenberg-84	I expected this reception
gutenberg-84	All men hate the wretched
gutenberg-84	how, then, must I be hated, who am miserable beyond all living things
gutenberg-84	You purpose to kill me
gutenberg-84	How dare you sport thus with life
gutenberg-84	Do your duty towards me, and I will do mine towards you and the rest of mankind
gutenberg-84	If you will comply with my conditions, I will leave them and you at peace
gutenberg-84	Fiend that thou art
gutenberg-84	The tortures of hell are too mild a vengeance for thy crimes
gutenberg-84	I entreat you to hear me before you give vent to your hatred on my devoted head
gutenberg-84	Have I not suffered enough, that you seek to increase my misery
gutenberg-84	Remember, thou hast made me more powerful than thyself
gutenberg-84	my height is superior to thine, my joints more supple
gutenberg-84	But I will not be tempted to set myself in opposition to thee
gutenberg-84	Remember that I am thy creature
gutenberg-84	Everywhere I see bliss, from which I alone am irrevocably excluded
gutenberg-84	I was benevolent and good
gutenberg-84	misery made me a fiend
gutenberg-84	Make me happy, and I shall again be virtuous
gutenberg-84	I will not hear you
gutenberg-84	There can be no community between you and me
gutenberg-84	we are enemies
gutenberg-84	Begone, or let us try our strength in a fight, in which one must fall
gutenberg-84	How can I move thee
gutenberg-84	Believe me, Frankenstein, I was benevolent
gutenberg-84	my soul glowed with love and humanity
gutenberg-84	but am I not alone, miserably alone
gutenberg-84	You, my creator, abhor me
gutenberg-84	what hope can I gather from your fellow creatures, who owe me nothing
gutenberg-84	They spurn and hate me
gutenberg-84	The desert mountains and dreary glaciers are my refuge
gutenberg-84	I have wandered here many days
gutenberg-84	These bleak skies I hail, for they are kinder to me than your fellow beings
gutenberg-84	Shall I not then hate them who abhor me
gutenberg-84	I will keep no terms with my enemies
gutenberg-84	I am miserable, and they shall share my wretchedness
gutenberg-84	Let your compassion be moved, and do not disdain me
gutenberg-84	Listen to my tale
gutenberg-84	when you have heard that, abandon or commiserate me, as you shall judge that I deserve
gutenberg-84	But hear me
gutenberg-84	Listen to me, Frankenstein
gutenberg-84	You accuse me of murder, and yet you would, with a satisfied conscience, destroy your own creature
gutenberg-84	Oh, praise the eternal justice of man
gutenberg-84	Yet I ask you not to spare me
gutenberg-84	listen to me, and then, if you can, and if you will, destroy the work of your hands
gutenberg-84	Why do you call to my remembrance
gutenberg-84	circumstances of which I shudder to reflect, that I have been the miserable origin and author
gutenberg-84	Cursed be the day, abhorred devil, in which you first saw light
gutenberg-84	Cursed (although I curse myself) be the hands that formed you
gutenberg-84	You have made me wretched beyond expression
gutenberg-84	You have left me no power to consider whether I am just to you or not
gutenberg-84	Relieve me from the sight of your detested form
gutenberg-84	Thus I relieve thee, my creator
gutenberg-84	thus I take from thee a sight which you abhor
gutenberg-84	Still thou canst listen to me and grant me thy compassion
gutenberg-84	By the virtues that I once possessed, I demand this from you
gutenberg-84	Hear my tale
gutenberg-84	it is long and strange, and the temperature of this place is not fitting to your fine sensations
gutenberg-84	come to the hut upon the mountain
gutenberg-84	The sun is yet high in the heavens
gutenberg-84	It is with considerable difficulty that I remember the original era of my being
gutenberg-84	all the events of that period appear confused and indistinct
gutenberg-84	A strange multiplicity of sensations seized me, and I saw, felt, heard, and smelt at the same time
gutenberg-84	I walked and, I believe, descended, but I presently found a great alteration in my sensations
gutenberg-84	Before, dark and opaque bodies had surrounded me, impervious to my touch or sight
gutenberg-84	This was the forest near Ingolstadt
gutenberg-84	I slaked my thirst at the brook, and then lying down, was overcome by sleep
gutenberg-84	It was dark when I awoke
gutenberg-84	I felt cold also, and half frightened, as it were, instinctively, finding myself so desolate
gutenberg-84	I was a poor, helpless, miserable wretch
gutenberg-84	I knew, and could distinguish, nothing
gutenberg-84	but feeling pain invade me on all sides, I sat down and wept
gutenberg-84	Soon a gentle light stole over the heavens and gave me a sensation of pleasure
gutenberg-84	I started up and beheld a radiant form rise from among the trees
gutenberg-84	The moon] I gazed with a kind of wonder
gutenberg-84	It moved slowly, but it enlightened my path, and I again went out in search of berries
gutenberg-84	No distinct ideas occupied my mind
gutenberg-84	all was confused
gutenberg-84	I felt light, and hunger, and thirst, and darkness
gutenberg-84	innumerable sounds rang in my ears, and on all sides various scents saluted me
gutenberg-84	Sometimes I tried to imitate the pleasant songs of the birds but was unable
gutenberg-84	My sensations had by this time become distinct, and my mind received every day additional ideas
gutenberg-84	My eyes became accustomed to the light and to perceive objects in their right forms
gutenberg-84	I distinguished the insect from the herb, and by degrees, one herb from another
gutenberg-84	How strange, I thought, that the same cause should produce such opposite effects
gutenberg-84	I examined the materials of the fire, and to my joy found it to be composed of wood
gutenberg-84	I quickly collected some branches, but they were wet and would not burn
gutenberg-84	I was pained at this and sat still watching the operation of the fire
gutenberg-84	The wet wood which I had placed near the heat dried and itself became inflamed
gutenberg-84	I covered it carefully with dry wood and leaves and placed wet branches upon it
gutenberg-84	and then, spreading my cloak, I lay on the ground and sank into sleep
gutenberg-84	It was morning when I awoke, and my first care was to visit the fire
gutenberg-84	I uncovered it, and a gentle breeze quickly fanned it into a flame
gutenberg-84	I tried, therefore, to dress my food in the same manner, placing it on the live embers
gutenberg-84	I found that the berries were spoiled by this operation, and the nuts and roots much improved
gutenberg-84	I passed three days in these rambles and at length discovered the open country
gutenberg-84	It was about seven in the morning, and I longed to obtain food and shelter
gutenberg-84	This was a new sight to me, and I examined the structure with great curiosity
gutenberg-84	Finding the door open, I entered
gutenberg-84	An old man sat in it, near a fire, over which he was preparing his breakfast
gutenberg-84	His appearance, different from any I had ever before seen, and his flight somewhat surprised me
gutenberg-84	But I was enchanted by the appearance of the hut
gutenberg-84	here the snow and rain could not penetrate
gutenberg-84	the ground was dry
gutenberg-84	I greedily devoured the remnants of the shepherd’s breakfast, which consisted of bread, cheese, milk, and wine
gutenberg-84	the latter, however, I did not like
gutenberg-84	Then, overcome by fatigue, I lay down among some straw and fell asleep
gutenberg-84	How miraculous did this appear
gutenberg-84	The huts, the neater cottages, and stately houses engaged my admiration by turns
gutenberg-84	The whole village was roused
gutenberg-84	No wood, however, was placed on the earth, which formed the floor, but it was dry
gutenberg-84	One part was open, and by that I had crept in
gutenberg-84	all the light I enjoyed came through the sty, and that was sufficient for me
gutenberg-84	Yet she was meanly dressed, a coarse blue petticoat and a linen jacket being her only garb
gutenberg-84	her fair hair was plaited but not adorned: she looked patient yet sad
gutenberg-84	She followed, and they disappeared
gutenberg-84	and the girl was also busied, sometimes in the house and sometimes in the yard
gutenberg-84	In one of these was a small and almost imperceptible chink through which the eye could just penetrate
gutenberg-84	Through this crevice a small room was visible, whitewashed and clean but very bare of furniture
gutenberg-84	The young girl was occupied in arranging the cottage
gutenberg-84	It was a lovely sight, even to me, poor wretch who had never beheld aught beautiful before
gutenberg-84	he then pronounced a few sounds, and the fair creature, leaving her work, knelt at his feet
gutenberg-84	and I withdrew from the window, unable to bear these emotions
gutenberg-84	Soon after this the young man returned, bearing on his shoulders a load of wood
gutenberg-84	The meal was quickly dispatched
gutenberg-84	Nothing could exceed in beauty the contrast between these two excellent creatures
gutenberg-84	One was old, with silver hairs and a countenance beaming with benevolence and love
gutenberg-84	I lay on my straw, but I could not sleep
gutenberg-84	I thought of the occurrences of the day
gutenberg-84	The cottagers arose the next morning before the sun
gutenberg-84	The young woman arranged the cottage and prepared the food, and the youth departed after the first meal
gutenberg-84	This day was passed in the same routine as that which preceded it
gutenberg-84	The young man was constantly employed out of doors, and the girl in various laborious occupations within
gutenberg-84	Nothing could exceed the love and respect which the younger cottagers exhibited towards their venerable companion
gutenberg-84	They were not entirely happy
gutenberg-84	The young man and his companion often went apart and appeared to weep
gutenberg-84	I saw no cause for their unhappiness, but I was deeply affected by it
gutenberg-84	Yet why were these gentle beings unhappy
gutenberg-84	They possessed a delightful house (for such it was in my eyes) and every luxury
gutenberg-84	they had a fire to warm them when chill and delicious viands when hungry
gutenberg-84	they were dressed in excellent clothes
gutenberg-84	and, still more, they enjoyed one another’s company and speech, interchanging each day looks of affection and kindness
gutenberg-84	What did their tears imply
gutenberg-84	Did they really express pain
gutenberg-84	This trait of kindness moved me sensibly
gutenberg-84	I discovered also another means through which I was enabled to assist their labours
gutenberg-84	She uttered some words in a loud voice, and the youth joined her, who also expressed surprise
gutenberg-84	By degrees I made a discovery of still greater moment
gutenberg-84	This was indeed a godlike science, and I ardently desired to become acquainted with it
gutenberg-84	But I was baffled in every attempt I made for this purpose
gutenberg-84	I learned and applied the words, _fire, milk, bread,_ and _wood
gutenberg-84	I learned also the names of the cottagers themselves
gutenberg-84	The girl was called _sister_ or _Agatha,_ and the youth _Felix, brother,_ or _son
gutenberg-84	I spent the winter in this manner
gutenberg-84	The gentle manners and beauty of the cottagers greatly endeared them to me
gutenberg-84	when they were unhappy, I felt depressed
gutenberg-84	when they rejoiced, I sympathised in their joys
gutenberg-84	He would talk in a cheerful accent, with an expression of goodness that bestowed pleasure even upon me
gutenberg-84	Agatha listened with respect, her eyes sometimes filled with tears, which she endeavoured to wipe away unperceived
gutenberg-84	It was not thus with Felix
gutenberg-84	I could mention innumerable instances which, although slight, marked the dispositions of these amiable cottagers
gutenberg-84	I had admired the perfect forms of my cottagers—their grace, beauty, and delicate complexions
gutenberg-84	but how was I terrified when I viewed myself in a transparent pool
gutenberg-84	I did not yet entirely know the fatal effects of this miserable deformity
gutenberg-84	From this time Felix was more employed, and the heart-moving indications of impending famine disappeared
gutenberg-84	Their food, as I afterwards found, was coarse, but it was wholesome
gutenberg-84	and they procured a sufficiency of it
gutenberg-84	Several new kinds of plants sprang up in the garden, which they dressed
gutenberg-84	and these signs of comfort increased daily as the season advanced
gutenberg-84	My mode of life in my hovel was uniform
gutenberg-84	the remainder of the day was spent in observing my friends
gutenberg-84	I afterwards found that these labours, performed by an invisible hand, greatly astonished them
gutenberg-84	and once or twice I heard them, on these occasions, utter the words _good spirit, wonderful
gutenberg-84	but I did not then understand the signification of these terms
gutenberg-84	I was inquisitive to know why Felix appeared so miserable and Agatha so sad
gutenberg-84	I thought (foolish wretch
gutenberg-84	that it might be in my power to restore happiness to these deserving people
gutenberg-84	I looked upon them as superior beings who would be the arbiters of my future destiny
gutenberg-84	I formed in my imagination a thousand pictures of presenting myself to them, and their reception of me
gutenberg-84	My organs were indeed harsh, but supple
gutenberg-84	It was as the ass and the lap-dog
gutenberg-84	The pleasant showers and genial warmth of spring greatly altered the aspect of the earth
gutenberg-84	The birds sang in more cheerful notes, and the leaves began to bud forth on the trees
gutenberg-84	Happy, happy earth
gutenberg-84	Fit habitation for gods, which, so short a time before, was bleak, damp, and unwholesome
gutenberg-84	My spirits were elevated by the enchanting appearance of nature
gutenberg-84	I now hasten to the more moving part of my story
gutenberg-84	Spring advanced rapidly
gutenberg-84	the weather became fine and the skies cloudless
gutenberg-84	My senses were gratified and refreshed by a thousand scents of delight and a thousand sights of beauty
gutenberg-84	It was a lady on horseback, accompanied by a country-man as a guide
gutenberg-84	The lady was dressed in a dark suit and covered with a thick black veil
gutenberg-84	Her voice was musical but unlike that of either of my friends
gutenberg-84	Her hair of a shining raven black, and curiously braided
gutenberg-84	her eyes were dark, but gentle, although animated
gutenberg-84	her features of a regular proportion, and her complexion wondrously fair, each cheek tinged with a lovely pink
gutenberg-84	his eyes sparkled, as his cheek flushed with pleasure
gutenberg-84	and at that moment I thought him as beautiful as the stranger
gutenberg-84	She appeared affected by different feelings
gutenberg-84	She did not appear to understand him, but smiled
gutenberg-84	He assisted her to dismount, and dismissing her guide, conducted her into the cottage
gutenberg-84	Felix seemed peculiarly happy and with smiles of delight welcomed his Arabian
gutenberg-84	The stranger learned about twenty words at the first lesson
gutenberg-84	most of them, indeed, were those which I had before understood, but I profited by the others
gutenberg-84	As night came on, Agatha and the Arabian retired early
gutenberg-84	When they separated Felix kissed the hand of the stranger and said, ‘Good night sweet Safie
gutenberg-84	I ardently desired to understand them, and bent every faculty towards that purpose, but found it utterly impossible
gutenberg-84	When she had finished, she gave the guitar to Agatha, who at first declined it
gutenberg-84	Safie was always gay and happy
gutenberg-84	the sun became warmer, the nights clear and balmy
gutenberg-84	My days were spent in close attention, that I might more speedily master the language
gutenberg-84	The book from which Felix instructed Safie was Volney’s _Ruins of Empires
gutenberg-84	it gave me an insight into the manners, governments, and religions of the different nations of the earth
gutenberg-84	These wonderful narrations inspired me with strange feelings
gutenberg-84	Was man, indeed, at once so powerful, so virtuous and magnificent, yet so vicious and base
gutenberg-84	To be a great and virtuous man appeared the highest honour that can befall a sensitive being
gutenberg-84	Every conversation of the cottagers now opened new wonders to me
gutenberg-84	The words induced me to turn towards myself
gutenberg-84	And what was I
gutenberg-84	I was, besides, endued with a figure hideously deformed and loathsome
gutenberg-84	I was not even of the same nature as man
gutenberg-84	I was more agile than they and could subsist upon coarser diet
gutenberg-84	I bore the extremes of heat and cold with less injury to my frame
gutenberg-84	my stature far exceeded theirs
gutenberg-84	When I looked around I saw and heard of none like me
gutenberg-84	I cannot describe to you the agony that these reflections inflicted upon me
gutenberg-84	I tried to dispel them, but sorrow only increased with knowledge
gutenberg-84	Of what a strange nature is knowledge
gutenberg-84	It clings to the mind when it has once seized on it like a lichen on the rock
gutenberg-84	The gentle words of Agatha and the animated smiles of the charming Arabian were not for me
gutenberg-84	Miserable, unhappy wretch
gutenberg-84	Other lessons were impressed upon me even more deeply
gutenberg-84	But where were my friends and relations
gutenberg-84	No father had watched my infant days, no mother had blessed me with smiles and caresses
gutenberg-84	From my earliest remembrance I had been as I then was in height and proportion
gutenberg-84	I had never yet seen a being resembling me or who claimed any intercourse with me
gutenberg-84	What was I
gutenberg-84	The question again recurred, to be answered only with groans
gutenberg-84	Some time elapsed before I learned the history of my friends
gutenberg-84	The name of the old man was De Lacey
gutenberg-84	The father of Safie had been the cause of their ruin
gutenberg-84	He was seized and cast into prison the very day that Safie arrived from Constantinople to join him
gutenberg-84	He was tried and condemned to death
gutenberg-84	The injustice of his sentence was very flagrant
gutenberg-84	all Paris was indignant
gutenberg-84	Felix had accidentally been present at the trial
gutenberg-84	his horror and indignation were uncontrollable when he heard the decision of the court
gutenberg-84	He made, at that moment, a solemn vow to deliver him and then looked around for the means
gutenberg-84	Felix visited the grate at night and made known to the prisoner his intentions in his favour
gutenberg-84	and the letters were often in the hands of Felix or Agatha
gutenberg-84	Before I depart I will give them to you
gutenberg-84	they will prove the truth of my tale
gutenberg-84	Safie related that her mother was a Christian Arab, seized and made a slave by the Turks
gutenberg-84	recommended by her beauty, she had won the heart of the father of Safie, who married her
gutenberg-84	Felix had procured passports in the name of his father, sister, and himself
gutenberg-84	and Felix remained with them in expectation of that event
gutenberg-84	They conversed with one another through the means of an interpreter, and sometimes with the interpretation of looks
gutenberg-84	and Safie sang to him the divine airs of her native country
gutenberg-84	His plans were facilitated by the news which arrived from Paris
gutenberg-84	The plot of Felix was quickly discovered, and De Lacey and Agatha were thrown into prison
gutenberg-84	The news reached Felix and roused him from his dream of pleasure
gutenberg-84	This idea was torture to him
gutenberg-84	He did not succeed
gutenberg-84	They found a miserable asylum in the cottage in Germany, where I discovered them
gutenberg-84	The arrival of the Arabian now infused new life into his soul
gutenberg-84	The generous nature of Safie was outraged by this command
gutenberg-84	she attempted to expostulate with her father, but he left her angrily, reiterating his tyrannical mandate
gutenberg-84	A residence in Turkey was abhorrent to her
gutenberg-84	her religion and her feelings were alike averse to it
gutenberg-84	She hesitated some time, but at length she formed her determination
gutenberg-84	She fell, however, into good hands
gutenberg-84	Such was the history of my beloved cottagers
gutenberg-84	It impressed me deeply
gutenberg-84	I eagerly seized the prize and returned with it to my hovel
gutenberg-84	Fortunately the books were written in the language, the elements of which I had acquired at the cottage
gutenberg-84	they consisted of _Paradise Lost_, a volume of _Plutarch’s Lives_, and the _Sorrows of Werter
gutenberg-84	The possession of these treasures gave me extreme delight
gutenberg-84	I can hardly describe to you the effect of these books
gutenberg-84	But I thought Werter himself a more divine being than I had ever beheld or imagined
gutenberg-84	his character contained no pretension, but it sank deep
gutenberg-84	The disquisitions upon death and suicide were calculated to fill me with wonder
gutenberg-84	As I read, however, I applied much personally to my own feelings and condition
gutenberg-84	I sympathised with and partly understood them, but I was unformed in mind
gutenberg-84	I was dependent on none and related to none
gutenberg-84	The path of my departure was free,’ and there was none to lament my annihilation
gutenberg-84	My person was hideous and my stature gigantic
gutenberg-84	What did this mean
gutenberg-84	Who was I
gutenberg-84	Whence did I come
gutenberg-84	What was my destination
gutenberg-84	These questions continually recurred, but I was unable to solve them
gutenberg-84	This book had a far different effect upon me from the _Sorrows of Werter
gutenberg-84	I learned from Werter’s imaginations despondency and gloom, but Plutarch taught me high thoughts
gutenberg-84	Many things I read surpassed my understanding and experience
gutenberg-84	I had a very confused knowledge of kingdoms, wide extents of country, mighty rivers, and boundless seas
gutenberg-84	But I was perfectly unacquainted with towns and large assemblages of men
gutenberg-84	I read of men concerned in public affairs, governing or massacring their species
gutenberg-84	The patriarchal lives of my protectors caused these impressions to take a firm hold on my mind
gutenberg-84	But _Paradise Lost_ excited different and far deeper emotions
gutenberg-84	I often referred the several situations, as their similarity struck me, to my own
gutenberg-84	Like Adam, I was apparently united by no link to any other being in existence
gutenberg-84	but his state was far different from mine in every other respect
gutenberg-84	Another circumstance strengthened and confirmed these feelings
gutenberg-84	It was your journal of the four months that preceded my creation
gutenberg-84	You minutely described in these papers every step you took in the progress of your work
gutenberg-84	this history was mingled with accounts of domestic occurrences
gutenberg-84	You doubtless recollect these papers
gutenberg-84	Here they are
gutenberg-84	Everything is related in them which bears reference to my accursed origin
gutenberg-84	the whole detail of that series of disgusting circumstances which produced it is set in view
gutenberg-84	I sickened as I read
gutenberg-84	Hateful day when I received life
gutenberg-84	I exclaimed in agony
gutenberg-84	Why did you form a monster so hideous that even _you_ turned from me in disgust
gutenberg-84	God, in pity, made man beautiful and alluring, after his own image
gutenberg-84	but my form is a filthy type of yours, more horrid even from the very resemblance
gutenberg-84	Satan had his companions, fellow devils, to admire and encourage him, but I am solitary and abhorred
gutenberg-84	These were the reflections of my hours of despondency and solitude
gutenberg-84	Could they turn from their door one, however monstrous, who solicited their compassion and friendship
gutenberg-84	Several changes, in the meantime, took place in the cottage
gutenberg-84	Felix and Agatha spent more time in amusement and conversation, and were assisted in their labours by servants
gutenberg-84	They did not appear rich, but they were contented and happy
gutenberg-84	their feelings were serene and peaceful, while mine became every day more tumultuous
gutenberg-84	Increase of knowledge only discovered to me more clearly what a wretched outcast I was
gutenberg-84	their angelic countenances breathed smiles of consolation
gutenberg-84	But it was all a dream
gutenberg-84	no Eve soothed my sorrows nor shared my thoughts
gutenberg-84	I was alone
gutenberg-84	I remembered Adam’s supplication to his Creator
gutenberg-84	But where was mine
gutenberg-84	He had abandoned me, and in the bitterness of my heart I cursed him
gutenberg-84	Autumn passed thus
gutenberg-84	Yet I did not heed the bleakness of the weather
gutenberg-84	I was better fitted by my conformation for the endurance of cold than heat
gutenberg-84	when those deserted me, I turned with more attention towards the cottagers
gutenberg-84	Their happiness was not decreased by the absence of summer
gutenberg-84	They loved and sympathised with one another
gutenberg-84	and their joys, depending on each other, were not interrupted by the casualties that took place around them
gutenberg-84	The more I saw of them, the greater became my desire to claim their protection and kindness
gutenberg-84	my heart yearned to be known and loved by these amiable creatures
gutenberg-84	to see their sweet looks directed towards me with affection was the utmost limit of my ambition
